seqcont	n_pos	alpha_pos	beta_pos	n_neg	alpha_neg	beta_neg
AAAAAAA	109312	1.97477506926481	1.19241499443063	36864	1.13937894564944	4.70148846949716
AAAAAAC	17031	2.34837510721273	0.798267734929723	6037	0.74182999354212	4.78538712588248
AAAAAAG	20604	2.44739965894448	0.655013811756875	7297	0.569720917590848	4.4801219303695
AAAAAAT	26126	1.73788972462256	0.849916816141252	9176	0.581473608666435	5.25571611312885
AAAAACA	25729	2.7376368164575	0.548004948382991	8745	0.670716997223107	3.71911189118497
AAAAACC	11668	2.35857762057361	0.537165741045166	3994	0.736943268381867	4.80490913453651
AAAAACG	1752	1.95801484474696	0.496910710347144	956	0.595409011305074	5.26048311981366
AAAAACT	11304	1.77656551388221	0.491491315893871	3926	0.601551457718684	4.79111049251866
AAAAAGA	24508	3.56973941198266	0.580826735645896	8717	0.903036453047124	4.03882575284585
AAAAAGC	9252	2.84055043624503	0.464861190216818	3250	0.81863497508858	5.66174655031471
AAAAAGG	11134	2.72357560369239	0.404887514747579	4391	0.936068176332159	4.84942338784015
AAAAAGT	11740	1.95033337359143	0.498119109120238	3987	0.597548138306643	5.29862987234415
AAAAATA	26193	1.6582894834967	0.648431382921682	8969	0.304740369051103	4.11596990255844
AAAAATC	12761	1.76640024402198	0.579707176174617	4293	0.471833434642476	4.88449381642593
AAAAATG	18216	1.74433233353594	0.557281089753562	7274	0.225088358773208	4.5891233665497
AAAAATT	17831	1.51569396488075	0.695299258719211	6216	0.502038247921293	5.1044142996359
AAAACAA	35474	2.01060756155441	0.336702411722841	11774	0.45040655347756	2.83422760789569
AAAACAC	13362	2.05735486872841	0.213519504089307	4653	0.455274618184317	3.52063828696769
AAAACAG	14054	1.71347120165085	0.147152093689409	4718	0.288464986396624	3.00893917299591
AAAACAT	14679	1.95284391588947	0.220643930325107	5051	0.461070065243789	3.15430260178595
AAAACCA	16401	1.88227422483145	0.201899461206291	5599	0.321073674042279	2.65167040333318
AAAACCC	8669	1.94189451412416	0.242945156623763	2857	0.490206835525234	3.61310879108458
AAAACCG	1197	1.6396904407559	0.21482677238272	387	0.371033793228387	2.04486183706459
AAAACCT	9742	1.86469168346911	0.224186414197415	3321	0.582642227084581	3.59804256891374
AAAACGA	1811	2.12242036902475	0.208390750798586	682	0.542833030554371	2.50820210676491
AAAACGC	1041	1.87050770536203	0.207560401959857	355	0.535239344396106	3.03813451189173
AAAACGG	1308	2.42821991825397	0.277705485803848	438	0.72689156132427	3.94066639241343
AAAACGT	1924	1.72610744021722	0.216264260828123	922	0.665393450134813	3.84525884167041
AAAACTA	10201	1.38479525183858	0.265671098663187	3463	0.229552672676931	3.08772236608509
AAAACTC	8256	1.58996950968958	0.252661517322824	2834	0.445069809315273	3.4085421553526
AAAACTG	11466	1.26036393048496	0.201443088519615	4850	0.227888418407796	2.8860992365796
AAAACTT	10543	1.34494369932037	0.281095860779491	3563	0.50506351083759	3.37165903267532
AAAAGAA	29877	2.61794823088279	0.299905148232418	10673	0.528986284139	3.29230655658283
AAAAGAC	10187	2.16650555459822	0.179176933201017	3526	0.432345604769467	2.80024503787145
AAAAGAG	12576	1.98037141682358	0.15455571757701	4323	0.329116584822952	2.63251921721834
AAAAGAT	12306	2.09460328067659	0.172133458227381	4342	0.45302519585185	3.50888732612498
AAAAGCA	15486	2.03110873226074	0.121774764462259	5359	0.778679797101222	4.04077864172406
AAAAGCC	8693	2.27707358168537	0.162497145721107	2943	1.07672816760919	4.72990448907526
AAAAGCG	1006	2.05880116425086	0.162633746441881	333	0.775604433740469	3.43055522575935
AAAAGCT	9484	2.18913563086302	0.147609601885484	3290	1.18065604096551	5.10115980541737
AAAAGGA	14559	2.07790866364635	0.143455790139091	5181	0.626451105192765	3.19808665553999
AAAAGGC	7477	1.9743419191576	0.153815412047784	2533	0.399895633116158	3.34267546251371
AAAAGGG	8642	1.78543068392627	0.148144017114116	3035	0.45551900814366	3.70964282337983
AAAAGGT	7342	1.87902529573174	0.172593152982055	2800	0.242954680247143	3.13004993526407
AAAAGTA	10529	1.63728907712537	0.184412340637617	3668	0.446328737998234	3.86912682469897
AAAAGTC	8906	1.73230391715959	0.17498255120991	3046	0.619247125985961	4.2751268988149
AAAAGTG	8480	1.56870374412792	0.182853389325452	2835	0.302261157849456	3.4243855408819
AAAAGTT	10041	1.49210182895009	0.209206289883302	3418	0.694220824944255	4.64977009252105
AAAATAA	30521	1.21078277787656	0.336667910622869	10260	0.155649765142147	3.01437204016049
AAAATAC	12133	1.49398470842748	0.289715258223872	4250	0.287406009285504	3.4001108022645
AAAATAG	11343	1.40549020332006	0.20926695792956	3830	0.135662600984913	2.94912425910595
AAAATAT	22349	1.31233867035725	0.310078928404434	7505	0.251062352321983	3.14306201936729
AAAATCA	15225	1.44091856025226	0.219061979282456	6165	0.196733826938808	2.84438034249468
AAAATCC	8606	1.3320372671004	0.24556053125839	2950	0.436130289985934	4.70390256030515
AAAATCG	1222	1.2988717415645	0.238917996341277	418	0.277289770157052	2.90505940669471
AAAATCT	12469	1.2494856748788	0.241143692262459	4220	0.511400666037985	4.06196562067804
AAAATGA	17282	1.90716956342629	0.207606129917778	7439	0.338436126447094	3.38790879655764
AAAATGC	10074	1.58993909513034	0.204194036877619	3510	0.486390707115023	4.52940356367484
AAAATGG	12350	1.63949956139648	0.221124146094866	4262	0.588876011959823	4.43950277686615
AAAATGT	17789	1.53459977805665	0.211870089224833	6146	0.443972146501558	4.0309485451963
AAAATTA	17637	1.15335195390043	0.359626362564953	6059	0.221321926976927	3.62258236233058
AAAATTC	11779	1.23593818667804	0.357834678320194	4135	0.432161248943912	4.74947594000419
AAAATTG	10168	1.14589458255018	0.265003586895744	3698	0.234888265186075	3.84319969110118
AAAATTT	15307	1.23783884706523	0.438878116790681	5484	0.713336382534494	5.14338716256665
AACAAAA	34877	2.02763487459095	0.488684241700727	11801	0.393767967598243	3.30700535636224
AACAAAC	18579	2.15134685919838	0.290324747358	6202	0.48278986571845	3.48536916104585
AACAAAG	12846	1.80251290221911	0.169990669939004	4361	0.259488110660796	3.27967807508932
AACAAAT	12571	1.94579240952908	0.285004804149909	4276	0.266602733306815	3.49667315201349
AACAACA	17486	1.81463551478677	0.180274582358363	5882	0.258821810376812	3.15659769011106
AACAACC	5946	1.59097008562933	0.140092997873109	2109	0.296567175078008	3.54729027695875
AACAACG	1166	1.96121145211314	0.1978238042062	362	0.256778980489707	3.97554146058492
AACAACT	6910	1.70148256128873	0.183851985325795	2277	0.262656915462454	2.88977769422612
AACAAGA	10617	1.82711019080033	0.133753386105511	3483	0.414522456203687	3.56695073223463
AACAAGC	6398	1.62259509464888	0.115093113761753	2209	0.341371569361846	3.98936667454522
AACAAGG	7631	1.60498403052365	0.101352421114349	2545	0.453509535490208	3.23977978930893
AACAAGT	6624	1.52883114920256	0.152654007728658	2114	0.234622560248984	3.23323786788157
AACAATA	9568	1.77626036393738	0.23770446494179	3211	0.161418681736276	2.99426807933459
AACAATC	5075	1.60125364417109	0.158478865926288	1753	0.258494176949613	3.342490311443
AACAATG	8183	1.77267220631079	0.178415978042873	2816	0.132841920315913	3.10761451348304
AACAATT	8016	1.82064122406931	0.27589339902231	2811	0.247213101455234	3.45180034561785
AACACAA	11589	1.5609098190592	0.11121239542986	3876	0.237588376540301	2.05136527272444
AACACAC	12226	1.20508865213311	0.0633724778296566	3862	0.242564936222999	2.64116995020908
AACACAG	13111	1.24145064281564	0.0603231026300921	4425	0.207749023158485	2.70987031498425
AACACAT	11230	1.34850335975772	0.086001534332168	3846	0.274990115485258	2.46359317724382
AACACCA	8434	1.49534338803749	0.0856163030401002	2791	0.201150238882064	2.21315272404826
AACACCC	6195	1.77023909385748	0.13918293847189	2084	0.276316785716493	2.76576230066358
AACACCG	965	1.72999085611766	0.118485349393928	294	0.258601637742541	1.71617450501868
AACACCT	5725	1.63403056370457	0.130242109341727	1887	0.357388621761083	3.24522471431358
AACACGA	1265	1.34607772553137	0.0730927115881827	397	0.313335100031177	2.68552287966263
AACACGC	997	1.33582251375884	0.0922209034281962	332	0.305999948625342	2.40439009186917
AACACGG	1429	1.85004191640703	0.121970508006566	453	0.418527824632695	3.2171152290755
AACACGT	1499	1.52986823207198	0.113773940519031	475	0.35618897738517	2.72129998453302
AACACTA	5746	1.20780014655112	0.0865070628568697	1949	0.151354293077138	2.37820008506582
AACACTC	6379	1.40624415895235	0.104564858169027	2224	0.36955291668435	3.25426919793191
AACACTG	9624	1.23229524375317	0.0904104781322806	3126	0.184607079748226	2.29242924108806
AACACTT	7961	1.56714563223932	0.124956349908557	2703	0.326874031935744	2.8598144741684
AACAGAA	16749	1.49680496364117	0.0829813124756475	5770	0.246865014081516	2.67319063725751
AACAGAC	7107	0.956183560393129	0.0445825265315743	2243	0.196381617496681	2.49484869764357
AACAGAG	11387	0.98762669445344	0.0486950773539851	3779	0.145722381212532	2.23202290120935
AACAGAT	8362	0.99231312392786	0.0503199919137838	2802	0.1664596284598	3.04888657691662
AACAGCA	10485	1.09951713273	0.0410900049880733	3551	0.319358475843428	2.95050398534172
AACAGCC	6199	1.30771452907156	0.0577845029469988	2017	0.45272923212382	3.43701251626589
AACAGCG	1085	1.04257967524731	0.0522152043772551	379	0.431294940332881	2.79992858701027
AACAGCT	7996	1.24886377399261	0.0564965554182491	2601	0.54837300176561	4.49148142837437
AACAGGA	9981	1.06904530895592	0.0519398715037561	3257	0.242421500332131	2.78439223150067
AACAGGC	5858	1.16953938869303	0.07247663678234	1896	0.172607361320492	3.18582567837706
AACAGGG	6690	1.31621470988611	0.0739567584692604	2251	0.225641920219485	3.44144337443897
AACAGGT	5857	1.42346044806163	0.0865517335876716	1945	0.0910447529047887	2.05993640371557
AACAGTA	6614	1.01394095037973	0.0534647193973759	2154	0.213934515190517	2.87736499097186
AACAGTC	5365	1.23677424985306	0.0663572943658323	1816	0.313894124252701	3.49972466023923
AACAGTG	8080	1.3376087682959	0.0757664591424051	2580	0.198055334792158	2.79048930717454
AACAGTT	7151	1.30634775368867	0.0747669759076441	2385	0.340102425126663	3.32466296764689
AACATAA	8794	1.52004396251061	0.157177694212615	2951	0.126870779914165	2.71324217563256
AACATAC	5717	1.12899060283489	0.104511459993874	1914	0.192434127937416	2.74553286672776
AACATAG	6379	1.08663460648839	0.0740677877998021	2147	0.116216734552231	3.06995825773686
AACATAT	8355	1.50882677988172	0.164178852077407	2854	0.200921734973652	2.45329770530822
AACATCA	8401	1.12927297033572	0.0738607888269275	2872	0.14134787138673	2.21979808615878
AACATCC	5962	1.01846073245819	0.0757170892003042	2352	0.273142271595911	3.49008041440962
AACATCG	972	1.16856367972749	0.0822150568042412	320	0.27264441850709	2.9265292209831
AACATCT	8492	1.11311333936619	0.0821488760526327	3006	0.339086872669966	3.34868773439857
AACATGA	8161	1.14311066880146	0.0644944150577971	2688	0.177426631138071	3.2245609925235
AACATGC	5177	1.33075917762512	0.0878421272783752	1701	0.262014569926969	3.62031411517497
AACATGG	7762	1.4659924093872	0.0920497470869694	2517	0.289702900895077	3.37230089699693
AACATGT	7481	1.44085658729366	0.097723420943456	2509	0.301375372851336	3.31542191202571
AACATTA	7594	1.20335389782727	0.121946456116684	2582	0.156251547713705	2.69095580252896
AACATTC	7191	1.23962576648562	0.117522320320056	2359	0.294630425350633	3.5040542828753
AACATTG	6405	1.13276177619499	0.0983701172734125	2137	0.18493713767884	2.8189056182625
AACATTT	15213	1.48490545348012	0.183769035413028	5246	0.539441902248091	4.20481506958942
AAGAAAA	32134	2.52222670571719	0.333422963297365	12114	0.378088067044666	3.1681702475667
AAGAAAC	12463	2.00626640448818	0.164675799233177	4363	0.402065322761359	3.59382395802522
AAGAAAG	25461	2.52917838061518	0.192813028461985	9148	0.285052699941011	2.02464088250297
AAGAAAT	18219	1.98649743503973	0.18342501997988	6175	0.333524003019804	3.19447492616193
AAGAACA	14904	1.43719785468543	0.0722668391498461	4927	0.339140317666631	2.95414666088223
AAGAACC	7105	1.48018515751259	0.0784826897841948	2381	0.347126922043164	3.341263409332
AAGAACG	1742	1.84116548455299	0.095193581329079	572	0.256923683160205	1.66324417130389
AAGAACT	10459	1.50618552600134	0.0906275814493558	3619	0.301513354522577	3.09368045754061
AAGAAGA	21297	1.73638649146079	0.0813491958647712	7214	0.41742545838669	3.21263734765014
AAGAAGC	9533	1.44917509241994	0.0706002206801799	3187	0.401824120928887	2.54639055094612
AAGAAGG	13168	1.49896847587756	0.0626967008140942	4579	0.388733592300963	2.75634687703838
AAGAAGT	9434	1.94576049288474	0.113223469288424	3198	0.278109298537803	2.224787257977
AAGAATA	10591	1.54548613231592	0.11315322540996	3557	0.173240912180036	2.73537677171706
AAGAATC	6717	1.48327591210307	0.0870521738384982	2366	0.240656344948176	2.71082047101008
AAGAATG	11290	1.55074461978319	0.0928653509136856	3818	0.195548533955873	2.4111109701184
AAGAATT	11666	1.77277136122212	0.143759933314909	3986	0.22426415650279	2.99429442244759
AAGACAA	12805	1.83568813184495	0.111325100085148	4347	0.339598757951289	2.39430967931368
AAGACAC	8553	1.25011131389	0.0534916056067235	2829	0.350741495491493	2.54962341257401
AAGACAG	15610	1.15495610047276	0.0443760644133733	5046	0.243005817473352	2.34753747010623
AAGACAT	9509	1.32196189614622	0.0611962524303205	3106	0.318132916003519	2.18978799035925
AAGACCA	9517	1.12905874514032	0.0558624711726019	3244	0.259794630234487	1.95333321621659
AAGACCC	6274	1.32825402196568	0.0749908608911357	2067	0.339279589570736	1.9223364466661
AAGACCG	905	2.16512498711926	0.101779797883271	301	0.494570766260529	0.749663291820745
AAGACCT	7228	1.43730493067972	0.0740687177848197	2327	0.374196951260899	2.06853135405089
AAGACGA	1282	1.14499756375712	0.0566590126883196	439	0.280105701381003	2.18557920063221
AAGACGC	874	1.67717322802131	0.0973117995962693	305	0.324328969152085	2.79895740373825
AAGACGG	1242	1.7616761480395	0.104634850079474	396	0.381120023161406	3.29468850771203
AAGACGT	1214	1.64139083462528	0.107409317410343	390	0.252814309360044	2.21852075173623
AAGACTA	5786	1.19126805254931	0.0661280309620269	1914	0.142018472376415	1.81036296438036
AAGACTC	6019	1.54176521620418	0.0773392914442409	1997	0.296066698646703	1.68892730779975
AAGACTG	8472	1.4738998332018	0.0783525927587978	2743	0.255782711980957	1.48771643249041
AAGACTT	8404	1.64074698404575	0.0932362217846762	2723	0.292496392416692	1.72790348666362
AAGAGAA	18391	1.67347656198497	0.0877489919908398	6175	0.334463773549329	2.40512627905261
AAGAGAC	9084	0.977808648262611	0.0406039598256657	3017	0.259878225947065	2.32277648588319
AAGAGAG	16215	1.33371417563593	0.0638353462940099	5504	0.227999179971009	1.4332833129611
AAGAGAT	9937	0.957412984173407	0.043811069790834	3347	0.164515926411867	1.63323450572838
AAGAGCA	14292	0.725026392287359	0.028702559619021	4714	0.298833381215058	2.65490104132068
AAGAGCC	6568	1.35574211680895	0.0518375974581095	2144	0.567807971279529	4.13328195297141
AAGAGCG	1148	1.70082260518909	0.069835084385405	418	0.400122501939481	1.22886504514391
AAGAGCT	9314	1.05845805181739	0.0464474451822847	3109	0.534970188626721	3.82977146454712
AAGAGGA	14332	1.18520812864903	0.0483894761504938	4817	0.274736618050112	2.1823967797475
AAGAGGC	6936	1.78752164065316	0.0981600180172608	2243	0.29549416028812	1.53423231954065
AAGAGGG	10412	1.61861382670614	0.0887053041545768	3363	0.166031814838035	1.9328535329764
AAGAGGT	6400	2.10898746653537	0.14871277467755	2056	0.277912976889384	1.59962982492879
AAGAGTA	6113	1.12281796528052	0.0475883681505155	2153	0.110592064420897	1.9657021351103
AAGAGTC	6123	1.40619733729865	0.0643494628623928	1960	0.22293277901868	1.89349976817233
AAGAGTG	7192	1.21468768891606	0.073739019558825	2418	0.175963461827392	1.62095306385208
AAGAGTT	8491	1.38228740927176	0.0695321108094482	2960	0.218777328238244	2.07308489858038
AAGATAA	9351	1.54212809930858	0.0983696552470386	3142	0.275517622020319	2.79612885892562
AAGATAC	5879	1.46989404561993	0.0739370464314353	2055	0.395099494746082	2.72068437867647
AAGATAG	6995	1.13529029570981	0.0563041553596109	2370	0.221322426662639	2.08852624545276
AAGATAT	8507	1.81756717420818	0.113925493160752	3060	0.34148527263711	2.05715451048586
AAGATCA	8678	1.05769348083643	0.043957839914092	2901	0.266561391152443	2.33162238567363
AAGATCC	5830	1.25090134291056	0.0579837279074243	2006	0.49431985911606	2.89325144400961
AAGATCG	1016	1.35136810225063	0.0511123277400725	354	0.405326798927636	1.69774979708851
AAGATCT	8289	1.17521426580097	0.0588679693373207	2691	0.40411177522492	2.95325272293711
AAGATGA	10151	1.01747766647511	0.045631374663536	3400	0.277973645562848	2.90271023067819
AAGATGC	6827	1.26591430206934	0.0613796123768763	2238	0.358721828802994	2.31014957162089
AAGATGG	11157	1.32055427677426	0.0663733298631346	3785	0.414039678914057	3.60825694214012
AAGATGT	9096	1.49014854627355	0.0848346102466496	3020	0.28994570904188	2.28586872083492
AAGATTA	6464	1.54163245369231	0.0863114742121851	2148	0.216124138198108	2.64335085922694
AAGATTC	6339	1.36247996835347	0.0683258852802105	2136	0.445404883343767	3.52989204143638
AAGATTG	5205	1.29962665415784	0.0656086075323461	1700	0.244704166098876	2.65139213234099
AAGATTT	11677	1.87224948582648	0.119595154750056	3971	0.585108000454645	3.70624122447199
AATAAAA	29776	1.60132234250815	0.829561226180742	10254	0.195849717324708	3.62139405403557
AATAAAC	10426	1.94322420687176	0.557560747599229	3484	0.180894500031331	4.065691138269
AATAAAG	12766	2.04704419792386	0.414501407902875	4359	0.170282951553388	4.03633907273697
AATAAAT	25605	1.55982639305556	0.696073491322148	8469	0.125828444230725	3.62655795924984
AATAACA	10138	2.13344730910998	0.429545825774198	3207	0.139854371473528	3.01343969360837
AATAACC	4874	1.97870547498936	0.501029011023752	1670	0.213650598374937	4.77501123385712
AATAACG	846	1.90408236597277	0.582297559220433	254	0.120091967929792	3.90716957032022
AATAACT	7563	1.54293607543296	0.534604621831907	2504	0.189857663242852	3.70976484060494
AATAAGA	9460	2.26369976565433	0.338789695867001	3110	0.155834891340673	3.22084929584573
AATAAGC	4967	2.13309933628462	0.362910712047658	1606	0.177017046853978	4.46459018394783
AATAAGG	6149	2.1190096357802	0.387969735018928	2110	0.285426574855481	4.48369055809232
AATAAGT	6551	1.5440101549499	0.462502465547344	2178	0.111944542684143	3.66459121743155
AATAATA	15673	1.26578773376416	0.550322134117394	5335	0.0590910135940681	2.92779411478486
AATAATC	6191	1.62935136657988	0.456692636710309	2033	0.105786351929639	3.87413885059155
AATAATG	8030	1.56874419057266	0.511527450384781	2679	0.0641571986392898	4.05323826288622
AATAATT	11890	1.31943654415256	0.635343250035565	3977	0.135424650939742	4.576160163507
AATACAA	9735	1.59090739262474	0.324533385612642	3380	0.160914011602086	1.98011926369396
AATACAC	6107	1.59246506950964	0.201499617488013	2297	0.169727621426604	2.80753459597153
AATACAG	8486	1.39569761582879	0.129379256688118	2870	0.157906738598715	2.67492577024032
AATACAT	9384	1.51569687725156	0.243936168626312	3060	0.22409967599327	2.7172367321913
AATACCA	6358	1.60546839099833	0.187481436609415	2175	0.180149148154835	2.24815190353341
AATACCC	4021	1.34579305402897	0.235612490181856	1406	0.227991153829942	2.89777203755155
AATACCG	826	1.35391723148818	0.238998356111878	329	0.263623180320109	1.57913545021196
AATACCT	6288	1.19264205968641	0.260747358360981	2147	0.284834318549023	2.81856448755526
AATACGA	755	1.38485226246581	0.193463751234363	220	0.154922258829276	2.06495348656312
AATACGC	477	1.04595218975943	0.194104061778499	170	0.331070699189215	4.20408725759852
AATACGG	645	1.0551548373353	0.1673032164445	189	0.458875883899222	4.41484835418221
AATACGT	1035	1.13572441963852	0.206180655857399	418	0.272414845561406	2.68523204910528
AATACTA	5353	1.2155953459159	0.303577900310892	1855	0.100286840479695	2.18642551190776
AATACTC	4443	1.29478247694717	0.322828793902715	1507	0.220784085580887	2.99616366040803
AATACTG	5877	1.05455744706072	0.272913274426477	1994	0.163303061785411	3.16531850194283
AATACTT	7735	1.20231803790138	0.384235926651318	2565	0.256883656718758	2.90298454506846
AATAGAA	12061	1.77570804553836	0.23554227369393	4137	0.177771442957517	2.56373212654963
AATAGAC	4408	1.38258737966012	0.138200652910959	1443	0.117019336637747	2.33062683904182
AATAGAG	6038	1.20901928039237	0.0855351930807236	2026	0.106840712203715	2.46419702865509
AATAGAT	6954	1.42834258796989	0.145340520002164	2225	0.12072907201513	2.97808260902572
AATAGCA	6281	1.17563730987414	0.0778577718895428	2088	0.274316939156219	2.99663168343001
AATAGCC	4589	1.02141996823024	0.0916334564430476	1626	0.43599347471476	4.25372059200274
AATAGCG	525	1.40768468587547	0.14919519679176	183	0.429557682583078	3.51283007599309
AATAGCT	6746	1.0446197362425	0.0836940152766948	2350	0.569918575029624	5.19791358192182
AATAGGA	6221	1.34736740236028	0.0937297331428352	2146	0.190574303925776	2.58767534230881
AATAGGC	2900	1.07408618970041	0.10287903090424	956	0.149855167373143	2.59260757413837
AATAGGG	3407	1.02685952835926	0.0988502828202027	1173	0.207252846138108	3.42683332133847
AATAGGT	4071	1.02302088414658	0.121288375202969	1433	0.074933613416564	1.95551630456842
AATAGTA	5198	1.15172669649585	0.180130072947409	1732	0.114281145319819	2.92812927711459
AATAGTC	4244	1.04039142009417	0.145295992347933	1445	0.197066497601154	3.48478601345311
AATAGTG	5824	1.01786988303565	0.149083278797598	2029	0.140256002142892	2.86136460092537
AATAGTT	6752	1.14186147765099	0.216769970061996	2297	0.267621019012772	4.00565292915277
AATATAA	12110	1.17463594191209	0.408984330131383	4122	0.100404416232692	2.82493527535866
AATATAC	6406	1.33315995087853	0.331218694225663	2061	0.206118171814855	2.67551103207673
AATATAG	6289	1.16843941906989	0.202018582945047	2223	0.0994054470829089	2.53858784115037
AATATAT	14120	1.13159453382731	0.344563106410734	4664	0.180580716909745	2.64324628231446
AATATCA	8328	1.39973972130833	0.263108776646976	2903	0.0930460275943746	2.36487990406084
AATATCC	6333	1.19859173909395	0.269900347055071	2172	0.199016195026214	3.46059664156403
AATATCG	945	1.08435387172126	0.341750395806567	335	0.163141517616027	2.97385770900965
AATATCT	9825	1.16574533258784	0.335299615337778	3401	0.282628642223362	3.79340722171057
AATATGA	8438	1.41234878121106	0.190073901512403	2884	0.116312859329754	2.84542986065488
AATATGC	4899	1.11601404494424	0.201019330512828	1767	0.215837444651415	4.21514577543331
AATATGG	5687	1.20729931347903	0.19982710215542	2954	0.403956685756333	4.3816455564738
AATATGT	9038	1.20890771952677	0.216922349287856	3139	0.27860313458933	4.11816080272019
AATATTA	10372	1.16485237924033	0.449308041207085	3560	0.102174895412303	3.35650774333363
AATATTC	7881	1.22172967248171	0.452734157221731	2768	0.231745431003066	4.6643984679898
AATATTG	7011	1.05085674893073	0.403329808373267	2490	0.150435107226461	3.96277632608193
AATATTT	18718	1.31868316210959	0.5918974176981	6388	0.469512553438507	4.93158851396551
ACAAAAA	22623	2.0281825442062	0.482888155836604	7810	0.354720248564905	3.3079481817684
ACAAAAC	18378	2.18081934232939	0.333544545315179	6035	0.425156671157275	3.53705827632472
ACAAAAG	12259	1.9064748906004	0.188341678546953	4270	0.248498655824734	3.0282854723223
ACAAAAT	15156	2.0333266493993	0.336984723547316	5261	0.249628740720304	3.33297401878841
ACAAACA	23150	1.90569883951178	0.200631088869525	7641	0.270877173051035	2.65026586907367
ACAAACC	6760	1.95544999611933	0.183961363408503	2341	0.419754039227933	3.9405513157687
ACAAACG	1371	2.00332993543112	0.218206507996955	449	0.305230432104194	2.76091829306815
ACAAACT	8375	1.77649884250929	0.196182925833454	2709	0.344310256070804	3.83635068231066
ACAAAGA	14436	2.0243602403334	0.164244748068639	4877	0.401428773539953	3.05053325477417
ACAAAGC	8497	2.3349915962565	0.164439879621403	2738	0.468533150342947	3.36067262368323
ACAAAGG	9679	1.77231625515631	0.118297253163738	3103	0.507324996059885	3.58635921817241
ACAAAGT	10255	2.07165897189075	0.206798996094348	3461	0.326394340559494	3.26958688369502
ACAAATA	12176	2.01543229481072	0.309932253232313	4050	0.144995258290847	2.88868686214243
ACAAATC	5878	1.89983343424229	0.228298163800429	1983	0.273317567274501	3.57398490587784
ACAAATG	11489	1.93890230356834	0.244132403196205	3915	0.173385638431344	3.39007669172893
ACAAATT	9006	2.06569791647908	0.332422935470903	2987	0.284990729832037	3.96524440843868
ACAACAA	14829	1.64452184877393	0.138378940309394	4986	0.175625414141138	2.02139801546443
ACAACAC	6744	0.990184400177523	0.0548508141598124	2146	0.234628012883322	2.44215191849979
ACAACAG	8385	1.00360775788015	0.047623638345035	2762	0.140496604997187	2.32957190881679
ACAACAT	7602	1.17877867427694	0.066432951909362	2467	0.261237902987129	2.54836190811139
ACAACCA	9488	1.31442178894961	0.0699961122710318	3189	0.163371618257449	1.7025989065196
ACAACCC	5009	1.34786551801178	0.0793944995184026	1607	0.288714197943724	2.54117540143834
ACAACCG	873	1.08012380336879	0.0710000861575368	300	0.340075739888217	0.939676168552631
ACAACCT	5464	1.27213890479041	0.075340447611649	1797	0.281970105307829	1.97410460397579
ACAACGA	908	1.45712205928398	0.0811216282508146	298	0.219673931408205	2.08199958586541
ACAACGC	690	1.49599265556362	0.086289180998667	223	0.355860808128017	3.05075976945431
ACAACGG	818	1.87008284005202	0.101468897317686	268	0.309037733318302	2.60039085090154
ACAACGT	1140	1.78441347401327	0.100473709825188	380	0.25334081952842	2.13879651837254
ACAACTA	4750	1.25099795999438	0.103108045440124	1639	0.14706688709846	2.06862118314643
ACAACTC	5001	1.35818246251493	0.0933639579195975	1565	0.295170414670686	1.75345799474748
ACAACTG	6936	1.28900061090127	0.0917049762251289	2378	0.225314920498572	1.66987697617949
ACAACTT	6661	1.59369937005278	0.125799437734642	2317	0.293324670900789	1.96292414828851
ACAAGAA	11097	1.40970011276229	0.0816967365547003	3890	0.186189828268426	2.3045449529415
ACAAGAC	5652	0.951883825787023	0.0415438692695068	1926	0.248813992931621	2.59856286905963
ACAAGAG	8707	0.777358277839267	0.0389759806016283	2804	0.172960264810126	1.71216100100268
ACAAGAT	7225	0.98275540598212	0.0433782235959559	2290	0.246958566316759	2.15191785729036
ACAAGCA	8681	0.956844779050076	0.0411182112924008	2738	0.260439099829743	3.01113732902519
ACAAGCC	5816	1.37610173509091	0.0538931552518116	2005	0.499744826985857	3.73583818166335
ACAAGCG	808	1.21022902208167	0.0558109606196938	262	0.338319318900341	1.41753268382985
ACAAGCT	6856	1.19245903454249	0.0504017103984633	2306	0.54155585938257	4.1027813716572
ACAAGGA	8778	0.919738692890236	0.0412921559714923	3052	0.174608376390295	2.15082065872807
ACAAGGC	6756	1.19205620846875	0.0561228664991605	2159	0.220656399709622	1.61056741363753
ACAAGGG	5847	1.06677145711972	0.0512631981709233	1879	0.135956842762116	2.11261213153017
ACAAGGT	5988	1.31730872100387	0.0682974110539827	1965	0.196584115050134	1.51920790776273
ACAAGTA	5449	1.13722419251379	0.0651880113687888	1818	0.163701855007744	2.28670831273457
ACAAGTC	4820	1.18847760319315	0.0632028001923433	1617	0.273091649002934	2.44496837090672
ACAAGTG	6352	1.27263772760449	0.076158612415123	2033	0.200201507234456	1.96108359294617
ACAAGTT	6317	1.23984354470206	0.0795133563545197	2107	0.326654009890536	2.85605118705447
ACAATAA	9246	1.35739373206183	0.139053053344337	3081	0.0926290612656428	2.46276085029302
ACAATAC	4192	1.2036978915143	0.0953875445319716	1339	0.149811783696343	2.44018102742797
ACAATAG	4923	1.27441344965757	0.0680842309504343	1631	0.104482822536666	2.43860148715871
ACAATAT	7971	1.33655310400443	0.11079822482886	2740	0.177064196005526	2.42971321287508
ACAATCA	6224	1.17136767084928	0.0726483580874696	2131	0.146347292035954	2.39047860784573
ACAATCC	4050	1.0133534760693	0.0691455659802207	1339	0.260696948521026	3.20425110606619
ACAATCG	598	1.48810504497614	0.0942730967941022	202	0.275115864840689	1.99101850958456
ACAATCT	5438	1.31337435947806	0.0866534516448946	1799	0.337079363816196	3.53283995536679
ACAATGA	8551	1.4848495326751	0.0829308841221174	2964	0.178850614588229	2.72100696075532
ACAATGC	4748	1.25971633136252	0.0753213626314511	1481	0.289568802833271	2.45775878233715
ACAATGG	7333	1.28887490964005	0.0691453508252084	2509	0.325834721378724	3.52435835183061
ACAATGT	7482	1.3363655789827	0.0840112582101066	2531	0.278882955075532	2.64154091245881
ACAATTA	6420	1.69504400279422	0.18172713035838	2212	0.144898761775711	2.72200124445253
ACAATTC	5012	1.59473568780561	0.156896029668044	1715	0.296673584095736	3.54629248200519
ACAATTG	4575	1.33189589982055	0.120534889887709	1609	0.210555004202508	2.612958366495
ACAATTT	9140	1.69214085229606	0.219565039535181	3246	0.427515013807432	3.46822759220574
ACCAAAA	11091	1.69120586643451	0.21777719989661	3757	0.334321738353553	3.19039940489474
ACCAAAC	7887	1.53888102805321	0.106891955635287	2645	0.313402188992958	3.16683413695351
ACCAAAG	8875	1.52178896189971	0.0841943091581597	3040	0.190197495135574	2.6587655331157
ACCAAAT	6849	1.61208070551723	0.13670193995871	2310	0.211476857073705	2.53002201832595
ACCAACA	7576	1.0603938370782	0.0542646088098183	2717	0.238587572961068	2.88309231244665
ACCAACC	5914	1.14190886394649	0.061564178991302	2048	0.368822928544243	2.40731965566634
ACCAACG	795	1.96958286270106	0.0929571968156294	284	0.220810254411985	3.71153236329015
ACCAACT	5507	1.16085033637662	0.0675977018131982	1841	0.256314875677616	2.73634409416935
ACCAAGA	8353	1.12885254251575	0.0511548358279977	2858	0.29454660248648	2.81877949713831
ACCAAGC	5459	1.53831308369765	0.0655528845031403	1784	0.317095567294548	3.54237233147925
ACCAAGG	7716	1.24571255534601	0.0502191785625535	2598	0.332657631827073	3.25772565720288
ACCAAGT	6139	1.35819033460849	0.0815500876225267	2059	0.179434896123887	2.90443838144781
ACCAATA	4686	1.25613747993103	0.0837264151486037	1525	0.126642868189303	2.74443379863825
ACCAATC	3748	1.18827840743213	0.0615853823293774	1237	0.224576297555748	3.18524919088065
ACCAATG	5674	1.21585360379889	0.0701592849238212	1926	0.11736571579182	2.63215892561894
ACCAATT	4663	1.50100224463413	0.117406810027145	1641	0.206037539834695	3.23334680151459
ACCACAA	7066	1.04239499515461	0.0508560173287641	2264	0.172558713076609	1.92189520746523
ACCACAC	8620	0.894598064052221	0.0380346461907071	2757	0.236354415103026	2.38472133133846
ACCACAG	10135	0.935568736288932	0.0354106437782662	3222	0.14038594505501	2.07123263550391
ACCACAT	9584	1.08684183807205	0.0454780171600935	3107	0.237425508761334	1.94671617421909
ACCACCA	12057	1.25696931846073	0.0624229409396804	4283	0.147960334324202	1.96137139519567
ACCACCC	5360	1.58395973652843	0.101831673963487	1726	0.275531069019778	2.447462803331
ACCACCG	1296	1.94756720080642	0.119216178766955	418	0.213372914928819	1.00297148379814
ACCACCT	5834	1.34645841538319	0.0943100283610377	1908	0.259624199762846	2.61823625923551
ACCACGA	1191	1.26701787786281	0.0605079311223044	368	0.190763025637651	1.81676636659557
ACCACGC	1842	1.916460048833	0.116051590566945	535	0.279883846588011	2.59709691209512
ACCACGG	1353	1.73223758508624	0.0993450398863647	414	0.364092550800095	2.93444870696776
ACCACGT	1562	1.90992559350251	0.107265692284882	500	0.218765701639504	1.99833721283844
ACCACTA	3987	1.15349132842965	0.0653703720137023	1310	0.155033671099474	1.80423344927885
ACCACTC	5129	1.19803644761231	0.0735964677768679	1797	0.353916908528198	2.03884517577084
ACCACTG	9431	1.44195973159697	0.091452719173685	3099	0.200845765427972	1.82529526516241
ACCACTT	5431	1.33988260965461	0.0893934928856749	1776	0.322427660445922	2.35652575532515
ACCAGAA	9769	0.955846193219473	0.0371529326289116	3207	0.168013713308644	2.11451730530219
ACCAGAC	5241	0.808120189322864	0.0270498932109418	1788	0.165661437623415	2.19952504149357
ACCAGAG	9511	0.799369576281278	0.0330103761503206	3208	0.118456257640165	1.69955840643141
ACCAGAT	5431	0.813162460722505	0.0305879678370459	1864	0.131391632991641	1.94130328750236
ACCAGCA	7969	0.877161963209637	0.0285489779088419	2666	0.233084075589774	3.02043010808565
ACCAGCC	6898	1.24671157856659	0.0462857985307277	2234	0.440285407821333	3.63601106751784
ACCAGCG	911	1.58598208296633	0.0629367228223086	263	0.228139973007193	1.53882288246598
ACCAGCT	6653	1.03930828581172	0.041891237960047	2147	0.448696634978394	3.76170617305671
ACCAGGA	8296	1.08113994687049	0.0427707960508283	2654	0.148975669165385	2.23211174872312
ACCAGGC	9591	1.25169069965109	0.0591384975232292	3062	0.144073809099076	2.45578863907217
ACCAGGG	6448	1.30366506431943	0.0700318385211138	2030	0.110887627276165	2.75943748630826
ACCAGGT	5475	1.49429209787124	0.0936592175690783	1668	0.0766458115988997	1.36221705304644
ACCAGTA	5239	0.791979860241995	0.0400556812546323	1765	0.141618668064669	2.02562588252178
ACCAGTC	4346	1.14884439446521	0.0520725179105343	1480	0.242851102705357	2.54774169703398
ACCAGTG	5883	1.45414468578735	0.0780005970078465	1871	0.146619136392446	1.88779756931616
ACCAGTT	5153	1.32516031431198	0.065605419541908	1715	0.276456461279842	2.8071517538619
ACCATAA	5019	1.32985224225213	0.0848351776561015	1719	0.120066201739046	2.27409814653643
ACCATAC	3779	1.09514997702608	0.0601980630870896	1169	0.156047550264305	2.78991599265122
ACCATAG	4806	0.850405290339026	0.0373265036261701	1625	0.0995672189021066	2.12809099839299
ACCATAT	5209	1.51761010807391	0.0946387866937643	1764	0.186399158303314	2.20357464928452
ACCATCA	7508	0.846439251490813	0.0394783510159504	2672	0.133446375404847	2.21908100268436
ACCATCC	6185	1.15967041596449	0.0624717688126003	1994	0.307444679185096	3.11488407217598
ACCATCG	875	1.19969583534158	0.0539252964993448	248	0.23249536101601	1.77712553485661
ACCATCT	8826	0.98450001385077	0.0542786804461251	2914	0.3407126064369	3.31488158583419
ACCATGA	7808	1.02728323868783	0.0441267969207466	2586	0.139783434934372	2.23236945881252
ACCATGC	6836	1.19804509815397	0.0610519798992008	2241	0.239787599544491	2.86450527769154
ACCATGG	6733	1.32281540172626	0.0676548690503829	2164	0.228594789876555	2.83036451046822
ACCATGT	9459	1.38043177793527	0.0696146907561512	3119	0.275587417192079	2.59798434786298
ACCATTA	4276	1.31717682852683	0.0794469343835392	1407	0.164454462091614	2.82006155300865
ACCATTC	4698	1.38955935681293	0.0830676702018385	1528	0.381777067658767	4.10260741381215
ACCATTG	5224	1.25919539081757	0.0692014050033922	1752	0.196221266775113	2.89187279981808
ACCATTT	8178	1.67988402240338	0.120571566734352	2742	0.558582077707015	4.29829118098202
ACGAAAA	1246	1.86061538824211	0.261483549370219	430	0.326413299676626	3.27791772935367
ACGAAAC	847	1.6347178595401	0.144208804197979	261	0.290226938370414	2.98430921734684
ACGAAAG	1257	1.49789212927637	0.0956152986134213	402	0.233609441514492	1.79707007914937
ACGAAAT	1023	1.88989685196763	0.177950396500514	715	0.193682383168729	2.85880800904792
ACGAACA	1067	1.35011660591389	0.0746765586195332	364	0.288651401375399	2.5582677546116
ACGAACC	553	1.360173963289	0.0816667597005819	182	0.323070314222993	2.47635168322497
ACGAACT	733	1.68295315284556	0.111941804244233	252	0.296415319152956	2.57653315879108
ACGAAGA	1385	1.72851541888874	0.0831192668379365	512	0.287646786726528	2.46546136835906
ACGAAGC	1003	1.5280156455676	0.0782626520531546	329	0.315435411068721	1.41945420017965
ACGAAGG	1074	1.27945028237807	0.0682130038203422	318	0.376436117919746	2.46460699037401
ACGAAGT	852	2.06943992765417	0.151097147329688	271	0.272078154819844	1.43112004673951
ACGAATA	771	1.33840448975793	0.151818926597312	274	0.139197551791458	1.88987000283449
ACGAATC	739	1.36650542837868	0.100484099030192	234	0.191722058264374	1.64000332901937
ACGAATG	1029	1.36842614500649	0.113557783648823	328	0.288909922059307	1.68274062536233
ACGAATT	876	1.95441752316694	0.203593378291587	309	0.276268836682507	2.22447152914116
ACGACAA	921	1.36335714866419	0.102281934890802	333	0.127644545658137	1.34421291792429
ACGACAC	741	0.948024320653777	0.0515722616780623	220	0.193995654275228	2.06131144630911
ACGACAG	998	1.18387697542295	0.0414546025415527	298	0.125674076967658	1.84360269898154
ACGACAT	745	1.38882906316639	0.0627253880544054	209	0.153178108069433	1.34511101334683
ACGACCA	781	1.07224771149404	0.0613531051797954	283	0.143974759666458	1.45276207742739
ACGACCC	558	1.70884471089629	0.101285052643165	181	0.226536527775219	1.36304423257801
ACGACCT	681	1.59781891101371	0.10482840593124	204	0.20591652096416	1.27736408466788
ACGACGA	274	1.09807604839353	0.0685216484820876	106	0.125768905828807	0.875071278502721
ACGACTA	467	1.2414480654467	0.102013736608841	157	0.153929904345566	1.44574707444099
ACGACTC	720	1.33158167973807	0.109005356994987	222	0.184952638930329	1.04868721503228
ACGACTG	812	2.0666086056257	0.149315176741543	292	0.236858513981254	1.13631099409434
ACGACTT	742	1.81402680647336	0.147503010813953	476	0.166040270806716	1.44249836570982
ACGAGAA	1252	1.47483780217831	0.0738967577664332	444	0.147647250735773	1.74554211218722
ACGAGAC	765	0.883215312865749	0.0396816475446047	231	0.216579324824626	2.90533047476808
ACGAGAG	1176	1.41507186102586	0.0687663097868116	359	0.231547699763122	1.64683166284875
ACGAGAT	1025	0.922239805446177	0.0387165812506035	358	0.133219791887134	1.46601100081338
ACGAGCA	943	0.972991720411543	0.038222984242305	291	0.111810814530502	1.69207839808764
ACGAGCC	759	1.13259185913162	0.0524059525042566	209	0.360674680777697	3.50579258436554
ACGAGCT	1079	0.795316942686572	0.043546020738808	336	0.250583873373343	2.73187391714575
ACGAGGA	1589	1.1583557396469	0.0600338037200984	484	0.19124390401805	1.50732494179052
ACGAGGC	1146	1.75603333207987	0.123667387367813	332	0.332449071103656	1.26508083511232
ACGAGGG	1078	1.49550050193761	0.121325835647155	308	0.163363348080058	1.35749068927946
ACGAGGT	907	2.02957132156443	0.181848394185274	268	0.316377143145956	1.23777049849352
ACGAGTA	568	1.29343660404449	0.0815288874597662	193	0.100218220142089	2.2392959876445
ACGAGTC	726	1.48633711718482	0.0974983972577561	231	0.180803487646413	1.28365275745128
ACGAGTG	901	2.08521760562047	0.174917034270487	294	0.160201803580385	1.47581292432655
ACGAGTT	764	1.28479801422572	0.106073279054348	238	0.211772127321654	1.76476772768045
ACGATAA	699	1.03193875217448	0.0756656256524099	252	0.13586656561271	2.20647012086703
ACGATAC	471	1.51795559507693	0.0673906254417849	139	0.188695592802281	1.58458949217761
ACGATAG	570	1.0256395716198	0.044451458176467	166	0.132384484886598	1.37204420069727
ACGATAT	678	1.20026818510896	0.0773875037873754	219	0.241402321808971	2.24349252256781
ACGATCA	704	0.90217714395456	0.0420551806043267	203	0.134709813941654	1.7158319811733
ACGATCC	536	1.33403533008771	0.0540132748822066	172	0.302297668153548	3.03373514491338
ACGATCT	877	1.24144602704663	0.0663657139257519	301	0.274837977160391	2.47536203167944
ACGATGA	1218	1.06457214088417	0.0520779640885189	382	0.1393909802621	2.5521526551987
ACGATGC	912	2.11790622928794	0.103460553721404	288	0.272827244840483	2.03552794308689
ACGATGG	988	1.52619122402636	0.0782665419262531	313	0.242789883731046	3.29853491896327
ACGATGT	927	1.52755517195841	0.112025433737241	272	0.216414112169528	1.71952466719694
ACGATTA	585	1.46651569059224	0.0923549673660165	198	0.1717663320987	2.91072325594127
ACGATTC	628	1.21415486256734	0.0777507511807023	190	0.286224063779178	2.76850735963699
ACGATTG	563	1.41815166458099	0.0830996252664501	192	0.161964881401794	1.36501274412059
ACGATTT	886	1.35129738059242	0.127430205051669	303	0.342281886148005	3.23952200521503
ACTAAAA	9069	1.63407356259229	0.469770685602234	3280	0.233531785074518	3.49835458453955
ACTAAAC	5193	1.9257236756984	0.372793607372026	1784	0.247036322213186	3.76557087272407
ACTAAAG	6244	1.72063391187791	0.237863906163053	2124	0.228335800011344	4.46690381884311
ACTAAAT	6707	1.6298339350322	0.364164164449108	2217	0.199680159811752	3.38293527538185
ACTAACA	5638	1.68381447910491	0.226574516273009	1974	0.163595705221292	3.06938273012074
ACTAACC	4014	1.88106423926175	0.330266127524615	1395	0.259163331893782	3.56184274051591
ACTAACG	573	1.60414061528148	0.392229719113009	173	0.170126586016912	2.89021713515165
ACTAACT	4601	1.76737117914317	0.382676844881306	1583	0.285589791520033	4.47656680782615
ACTAAGA	6577	1.85777562957973	0.196566043713247	2266	0.286016415150734	4.3546285199115
ACTAAGC	4056	2.066126027695	0.258427781535585	1248	0.226066556135856	3.58450387156976
ACTAAGG	5103	2.09300364346528	0.277697698941774	1712	0.399496216091216	4.63473387976207
ACTAAGT	4432	1.58668320383084	0.339261260988777	1518	0.18245503012393	4.17936000764177
ACTAATA	5253	1.53186760690216	0.374071398615889	1850	0.0839576393369321	3.69035066535894
ACTAATC	2632	1.75257925350613	0.317765423602902	895	0.154218708206618	3.6224583358614
ACTAATG	4167	1.68116951967062	0.39175414788511	1432	0.0885273086768123	4.63231102755855
ACTAATT	5553	1.65695336110838	0.434998479146582	1818	0.160161435270105	4.1063609885287
ACTACAA	4916	1.27262732446109	0.159133592852192	1641	0.169730418370775	2.01289412318727
ACTACAC	4050	1.27141047189272	0.105284356992395	1351	0.211631876641872	2.41251993219029
ACTACAG	6220	1.07071471246507	0.0651863329140491	1892	0.141044252548116	2.43639644959055
ACTACAT	5361	1.33015490028365	0.123712341837912	1783	0.274796690096088	2.84474170029834
ACTACCA	4500	1.35394165626531	0.0989160243347803	1539	0.171001323705948	2.25952595068939
ACTACCC	2756	1.34448092356616	0.143847923015756	885	0.347478205348312	2.65888634837175
ACTACCG	721	1.17149858510344	0.173017922656922	241	0.173583166946138	1.77322415316092
ACTACCT	3945	1.18782414483348	0.134336973937905	1280	0.305241445158153	2.65174416479362
ACTACGA	474	1.24246859617859	0.0966628097342295	166	0.223574539163414	1.94982672271201
ACTACGC	393	1.19955219941826	0.125515848618284	125	0.260906099037038	2.83705129212631
ACTACGG	528	1.42928302869987	0.132859804142682	192	0.490453595935342	4.36146854302288
ACTACGT	658	1.33496348868201	0.149947364218234	226	0.228792036287362	2.96854903894008
ACTACTA	3602	1.01446419600003	0.18108412273202	1187	0.101775140398116	2.04829545631047
ACTACTC	3634	1.15711659347252	0.160673198697595	1216	0.344600642281975	2.6602397369844
ACTACTG	4578	0.989963898503639	0.166645634355449	1494	0.148592583130683	2.01880430159887
ACTACTT	4330	1.11615297828745	0.242177472245292	1629	0.266173476011028	2.64975705857334
ACTAGAA	6535	1.19831310535503	0.0954871383605621	2191	0.194691609777355	2.68586088712792
ACTAGAC	3377	0.922905548094173	0.0613788740932749	1131	0.156840460298129	2.8333784520832
ACTAGAG	5225	0.828748486199357	0.041856194533939	1779	0.123862814867588	2.46875133157309
ACTAGAT	3833	1.17285050897266	0.0662985564664094	1338	0.173138935820458	2.8749392595749
ACTAGCA	4408	0.922176714942283	0.0387017266629932	1550	0.284401518788715	3.15108328737784
ACTAGCC	3044	1.27562862201689	0.0744555671390859	1053	0.58569864464874	3.84356725448921
ACTAGCG	344	1.00058601276142	0.0696548596501024	115	0.415798057330575	3.32651157514027
ACTAGCT	3861	1.13474426742087	0.060855579320401	1302	0.767868295070129	4.49800180001386
ACTAGGA	4616	1.09726539363608	0.0575385941875698	1624	0.179710918960646	2.55130384088126
ACTAGGC	4198	0.903173898247793	0.0630387279851939	1398	0.145182860454521	2.63896736391775
ACTAGGG	3230	1.15944349328777	0.0788225011491184	1079	0.180659261144547	3.18998739541684
ACTAGGT	3189	1.32607703333592	0.109898996480757	1002	0.106497354002417	2.17036956297275
ACTAGTA	2664	1.05305900764597	0.0969237295007265	871	0.121786848738822	2.4222963800777
ACTAGTC	2358	1.08406227400672	0.0926330196575121	801	0.221778342010224	3.03157356980066
ACTAGTG	2836	0.84739687726687	0.0960899348163871	896	0.0865003147642075	1.69328944118797
ACTAGTT	3378	1.18855009563626	0.140737885397608	1115	0.267450732817601	3.68733141422599
ACTATAA	5788	1.18094457930858	0.217252977543175	1857	0.0934482024172128	2.48629848574652
ACTATAC	3588	1.13546552123432	0.209193941328732	1176	0.125260539480474	3.014528559544
ACTATAG	3885	0.962615783879881	0.0989967335467054	1294	0.0761681153324716	3.05996445038698
ACTATAT	5981	1.11668794403078	0.196323680830809	1963	0.157673085154895	2.85243746974839
ACTATCA	4480	1.09185527468187	0.112137350206976	1466	0.130553008919976	2.80334052614778
ACTATCC	2758	1.14171595787153	0.175975425257669	912	0.235955860150166	3.57419640882515
ACTATCG	416	1.16696308598776	0.176295064287886	137	0.225888659257809	2.40612697445976
ACTATCT	4668	1.12476956410711	0.171512727990459	1504	0.376501753015854	4.39560250195258
ACTATGA	5246	1.27683372895952	0.104394654257298	1678	0.148004883681794	3.12138353446135
ACTATGC	3982	1.11494688658498	0.114371925043189	1426	0.259482585295258	3.61176980170649
ACTATGG	4085	1.19826295041368	0.123304926674694	1291	0.30305140767662	3.8141573166155
ACTATGT	7393	1.21141771773121	0.119748926922836	2393	0.274124045403911	3.12497083880297
ACTATTA	5633	1.19344473656664	0.243896294421257	1890	0.0974161122804293	2.53862939907344
ACTATTC	4181	1.20268139248705	0.281044529065079	1418	0.253306976210021	4.03062504270714
ACTATTG	4410	1.13509567379031	0.232749749912744	1555	0.155023615336821	3.63551112212712
ACTATTT	7765	1.36328999561318	0.342531246361886	2614	0.508862421496421	4.84143871003151
AGAAAAA	26050	2.74218684721961	0.496171256387497	9307	0.34564836479672	3.15580797123254
AGAAAAC	14649	2.33813519366945	0.258921068315015	5851	0.339930541638753	3.61620879759076
AGAAAAG	18731	2.21761168940051	0.201766646293567	6749	0.230033813884955	3.39592508326216
AGAAAAT	21822	2.49700617289783	0.35097710927471	7681	0.231914145437681	3.12732043453637
AGAAACA	17121	1.9674637394052	0.150749931375334	6188	0.288775503896024	3.0955608560371
AGAAACC	12564	1.83049109184647	0.143699430683129	4287	0.304954850552353	3.65586540738891
AGAAACG	2066	1.84797164958261	0.189278069707873	663	0.261096018702121	3.27761715404191
AGAAACT	12719	1.9365917263315	0.182155305150945	4480	0.294244961256643	3.1217248855499
AGAAAGA	29063	2.74113784705634	0.21794997155525	10380	0.350433571454944	2.42276162058937
AGAAAGC	12149	2.02601795229357	0.132869186174771	3970	0.34672448600637	3.62128476582339
AGAAAGG	15444	2.02782332617286	0.107925240554635	5250	0.449749554511111	3.58963365054716
AGAAAGT	12471	2.11711370463081	0.193909998560225	4283	0.249556198076037	3.5963869511734
AGAAATA	14744	2.21433847294121	0.276553702204968	5247	0.107457049801815	2.45960973992547
AGAAATC	11692	2.07384796042761	0.200531079083956	3932	0.210130119092958	3.22369912459418
AGAAATG	15634	2.01202112505027	0.214318411646888	5888	0.112370052898313	3.264899815904
AGAAATT	13257	2.21596626891933	0.315662081752622	4622	0.216043722378559	3.57488411184596
AGAACAA	12194	1.7093323417567	0.108253485909156	4161	0.159657155049344	2.1029866115549
AGAACAC	10026	1.18066121988238	0.0531029528589603	3426	0.207084547130924	2.54022667005952
AGAACAG	12423	1.00033536250282	0.0401165865797052	3972	0.133810489218086	2.25122658226679
AGAACAT	10157	1.35098096472328	0.0595911878089625	3449	0.261888598416443	2.4279928245072
AGAACCA	9069	1.33496261517765	0.0611708617647847	2904	0.143038722904539	2.19872719692686
AGAACCC	6816	1.47187007229286	0.0705451735277999	2265	0.193546993892024	2.21748462873352
AGAACCG	1091	1.7575094210139	0.0786269439032761	370	0.242448346561045	1.19033848811965
AGAACCT	7732	1.5132086408316	0.0694726660353772	2556	0.264047697467765	2.31144908897721
AGAACGA	1565	1.49679232992821	0.0724456512057031	513	0.296051199160689	1.62020163523025
AGAACGC	1098	1.53756014652394	0.0858247647497686	353	0.196582166608495	2.06069067101241
AGAACGG	1364	1.7854954534577	0.0930549098291222	434	0.353456597488083	2.20972085876908
AGAACGT	1355	1.83729883414058	0.0986150797341028	438	0.232316174815197	1.84604565944326
AGAACTA	6683	1.26685433138258	0.08096245687572	2269	0.1103758038921	2.3088125951714
AGAACTC	9793	1.13582989227583	0.0667750626390244	3236	0.22704666175233	2.19784423557663
AGAACTG	10072	1.38567572617518	0.0744774193134545	3423	0.150110254256765	1.73151638783674
AGAACTT	9359	1.57804650999133	0.0935533410460531	3127	0.253165186887811	2.23519209033255
AGAAGAA	23199	1.67723107458553	0.0859823284498167	7788	0.181632373948517	2.1584887250594
AGAAGAC	9922	0.978950641998194	0.0356085830223218	3227	0.238656087827413	2.63482408017812
AGAAGAG	18614	0.962399795464412	0.0375422287544183	6087	0.140119086848679	1.81544527312414
AGAAGAT	11795	0.83946750549711	0.0324399697451512	3964	0.208431573892884	2.06149642908323
AGAAGCA	13924	1.16310011104924	0.0391993003000614	4753	0.301265936200456	2.44227041450592
AGAAGCC	9537	1.24386582696605	0.0438429928763505	2983	0.47812714385567	3.23069782352351
AGAAGCG	1207	1.18104060548432	0.0531974363110728	393	0.323657149772851	2.00789795006583
AGAAGCT	11499	1.11501768191134	0.03916627080362	3829	0.551844797437577	3.75622102415287
AGAAGGA	16837	1.22357048601491	0.0431145317406701	5418	0.205765409003838	2.24285964117952
AGAAGGC	8205	1.11748667880294	0.0439451734308997	2634	0.166909952799361	1.83385532540908
AGAAGGG	10308	1.08609916575408	0.0444780738131456	3383	0.161601516685098	2.55733756561073
AGAAGGT	8865	1.03093176783738	0.0481431332613317	3029	0.128597181878431	1.51524880089305
AGAAGTA	7367	1.53260363832658	0.0667443738207859	2537	0.224365675552736	2.0508085940532
AGAAGTC	7429	1.15932913169414	0.0507447740933012	2511	0.251666820415885	2.39260877569813
AGAAGTG	9972	1.37366584884954	0.0700514785343177	3333	0.157760692981777	1.98557520016614
AGAAGTT	9137	1.39483536402035	0.0682870570674812	2983	0.288781757122782	2.86325625217204
AGAATAA	10667	1.61295332541627	0.134090601320255	3523	0.072621039082296	2.19544384519972
AGAATAC	6109	1.1439906610487	0.0696480477551273	2106	0.132338412388933	2.07860973845224
AGAATAG	6683	1.02038451245962	0.0536476837051295	2215	0.0847280859459786	1.96323601622191
AGAATAT	9729	1.54136385242142	0.105835825246184	3271	0.178714262022753	2.11903151946743
AGAATCA	8419	1.39268081875594	0.0661305473925415	2881	0.139543663205321	2.16750232789094
AGAATCC	6211	1.21068931937927	0.0606003285041483	2097	0.228029994262707	2.74588553273487
AGAATCG	1052	1.75988994594421	0.0823605948147029	318	0.180651627329546	1.64306956285444
AGAATCT	8687	1.45296715405017	0.0740656994779295	2984	0.294597255488351	2.99508716990265
AGAATGA	10940	1.61624471131153	0.0799608441123596	3706	0.191526535972045	2.30681489287205
AGAATGC	6666	1.37630902376146	0.0658196152303899	2226	0.259889790067326	2.63257058664855
AGAATGG	9445	1.52058804145883	0.0699281268746594	3148	0.362378736730548	3.12894098837819
AGAATGT	9325	1.33046142022232	0.0711104565097596	3202	0.279164060895961	3.10538044240821
AGAATTA	8774	1.79856055644134	0.154164544087188	2948	0.129105804926246	2.6904271900727
AGAATTC	9074	1.66717741339861	0.128655638141852	3054	0.216020866358298	2.8924085930809
AGAATTG	8081	1.37412007532418	0.0923622516707364	2823	0.148860146423343	2.51971096495108
AGAATTT	11908	2.00219183957818	0.206897799414234	4013	0.402871312909179	3.55390690658653
AGCAAAA	12052	2.02508513360221	0.174191079995316	4048	0.252245080841905	3.16947063420765
AGCAAAC	8440	1.38581715183565	0.0850263314329134	2894	0.247490237841389	3.43529374545006
AGCAAAG	10635	1.42732718542366	0.0674306210532682	3460	0.208778737832513	3.24985307010163
AGCAAAT	8849	1.70990416549855	0.117340065640638	2963	0.237847391987824	3.21547994155109
AGCAACA	9524	1.0900835982042	0.0468288884430264	3232	0.246203950030318	3.38672089946783
AGCAACC	6121	1.30292121054709	0.051202114168342	1985	0.251054089882805	3.20553110343155
AGCAACG	1079	0.906728785564075	0.0529644166362935	355	0.177409252175535	2.20870186780562
AGCAACT	6194	1.24109187153908	0.0572860762390253	2072	0.290525223165784	3.02061710669978
AGCAAGA	10843	1.1229499692944	0.0450616034409544	3552	0.321550606074666	3.24977549288488
AGCAAGC	9861	1.26229726622504	0.0480855646327413	3236	0.309773727240593	3.85038566233626
AGCAAGG	8112	1.0955714700227	0.0400221915132255	2671	0.364261065937343	3.27585284972697
AGCAAGT	7709	1.29704183467347	0.0657908111672919	2534	0.219575898002301	3.06710369030105
AGCAATA	7070	1.17968336445991	0.0684095481002581	2350	0.148628814649932	2.95552306500287
AGCAATC	5406	0.989903168932522	0.0479288333006192	1762	0.271757408192713	3.77045649193436
AGCAATG	8052	1.15433976252936	0.0569591594366625	2703	0.137861954493966	3.09804180993609
AGCAATT	6823	1.2990857057462	0.0861421438903342	2304	0.241188990451421	3.96734751140551
AGCACAA	7271	1.21793714675902	0.0514911412868988	2468	0.168471298406275	1.93509515061047
AGCACAC	9239	0.911258337548547	0.0320325023479733	2972	0.186596948577178	2.3459621127415
AGCACAG	14341	0.812931217110253	0.0261578820825301	3825	0.139653269658181	2.25226713840344
AGCACAT	7969	1.11476024339152	0.0396733559416007	2573	0.235851097746786	2.51257944277821
AGCACCA	7776	1.39003112389644	0.0579867338013682	2485	0.149035945898703	2.07654139105553
AGCACCC	6490	1.51717761648598	0.0788650297999396	2043	0.20416193625102	2.22479874333119
AGCACCG	1453	1.36344889284266	0.0735155535272367	449	0.195603910386818	1.03179514384959
AGCACCT	7089	1.30232463673611	0.0730365838989264	2358	0.286152273981475	2.74500857787588
AGCACGA	954	1.19569057591441	0.0455984017250237	342	0.200296832839344	1.87427885730028
AGCACGC	1130	1.77532928034609	0.0759439268162164	336	0.246013397899345	2.63343801504256
AGCACGG	1563	1.45519920800898	0.0773558675828492	485	0.372357067614172	3.02541998857042
AGCACGT	1509	1.94432418038565	0.0825867126846378	487	0.261568861840983	2.04443213829613
AGCACTA	4389	1.05915932971655	0.0508201191807873	1428	0.135122168180682	2.28028776201543
AGCACTC	7806	1.22943895729024	0.0559658502824728	2592	0.268451947463472	2.16193855978862
AGCACTG	10919	1.2798711527979	0.0662288477681719	3444	0.186101817841705	2.12906398400514
AGCACTT	9863	1.32255726083027	0.0633509863283978	3165	0.290132134202584	2.49606068351303
AGCAGAA	12418	0.986167703710092	0.0333117852863229	4007	0.170608839979479	2.27544704150107
AGCAGAC	6970	0.726423843499236	0.0220683807728537	2283	0.191466930144312	2.56352997735933
AGCAGAG	14487	0.681543348169023	0.0247274733253151	4800	0.131088778394467	2.06311371969675
AGCAGAT	7755	0.714745965921788	0.02290156140082	2665	0.173195582917398	2.59177351710753
AGCAGCA	12584	0.75697451904919	0.0228610267469613	4070	0.215783315957066	2.75258874641279
AGCAGCC	9508	1.10620314984387	0.0366380430392721	3049	0.376292529706825	3.70186351238484
AGCAGCG	1866	1.38351514329808	0.0463613729698723	553	0.269894431031628	2.21399406643533
AGCAGCT	10164	1.01840123415413	0.033082542045005	3259	0.424440565997866	3.73359030373251
AGCAGGA	11859	0.841766434744791	0.0291934264029644	3759	0.165624663108202	2.54448034977524
AGCAGGC	8453	1.2143447229164	0.0513999976873094	2749	0.119904946097069	2.10789520666412
AGCAGGG	9563	1.09525821747652	0.0490962218782302	3001	0.119653876619181	2.45415325574479
AGCAGGT	7621	1.12553000746211	0.0584556889626365	2531	0.0933660802120579	1.53729943317204
AGCAGTA	6086	0.972425953300963	0.0359805855000775	2030	0.167804296705096	2.79154199706615
AGCAGTC	6788	1.02701436096276	0.0424363923729793	2280	0.198936255166877	2.45685353740206
AGCAGTG	9138	1.25157915818005	0.0561875086118405	2899	0.131443619546252	2.00795356852607
AGCAGTT	7736	1.27444648368973	0.0498829625739029	2505	0.23942237562562	2.68091582772574
AGCATAA	5366	1.22206092090685	0.0603565073956138	1818	0.125262728963695	2.55548754286853
AGCATAC	3996	0.962263368548437	0.0404649069673611	1339	0.187993978645757	2.91589196293395
AGCATAG	5467	0.863332213437229	0.0299379592321174	1800	0.135177619710869	2.47595386622607
AGCATAT	6039	1.34433066766267	0.0669258352689495	2027	0.233100125463319	2.42121466819534
AGCATCA	8127	0.931201304812954	0.031490075789622	2658	0.1417678720629	2.42326257383841
AGCATCC	8660	0.9830571169819	0.0371400816932531	2790	0.285722774281376	2.93919855697754
AGCATCG	1182	1.12672400656222	0.0402393166864168	389	0.237183607655649	2.19245095334627
AGCATCT	9703	1.07873332721122	0.0434438135114691	3181	0.4225638581595	3.61973719788822
AGCATGA	6721	0.98440824375552	0.0356116769240184	2214	0.173005737649173	3.08167044423308
AGCATGC	6554	0.999137225855418	0.0420098511772219	2094	0.237680104330215	2.62746898544305
AGCATGG	8400	1.26751408455652	0.0492726482750456	2750	0.3054468589278	3.63880305046389
AGCATGT	7880	1.41439366055311	0.0548493451040677	2737	0.294352321482519	2.62377422318972
AGCATTA	5176	1.40407879645126	0.0613484881636382	1712	0.179482948139716	2.96606741263563
AGCATTC	6475	1.28555250538453	0.057417306716826	2148	0.339380360289921	3.35865169279843
AGCATTG	6321	1.01512456499166	0.0479776155631765	2188	0.250555374757936	3.50806378891578
AGCATTT	11713	1.46492899542738	0.0742494601491933	3878	0.524590077605203	3.92022057844405
AGGAAAA	19105	1.9299808728886	0.150801729075525	7115	0.242990538705772	2.57769709856439
AGGAAAC	10192	1.47863952096481	0.0781889288406772	3412	0.252671285386368	2.71400312822505
AGGAAAG	16505	1.41971633889358	0.0683985616447422	5672	0.182707653263095	1.93450522078757
AGGAAAT	13353	1.54373636167544	0.0937732610880012	4493	0.2057935393679	2.30931189533885
AGGAACA	11254	1.01001311598048	0.0378677946625136	3828	0.265685922492003	2.76846706596685
AGGAACC	6663	1.18676303376055	0.0428587188999666	2199	0.334657045161153	3.26829916186716
AGGAACG	1409	1.40455060962706	0.059410088895531	456	0.252507079728293	1.44360123830854
AGGAACT	9608	0.978491080864422	0.0414683198619215	3237	0.24031824101359	3.09092408375873
AGGAAGA	19715	1.23897506272191	0.0445726005039831	6542	0.227599854147031	2.6333635814445
AGGAAGC	11505	1.33688222250952	0.0494084446691238	3689	0.277796661055402	1.53146612121067
AGGAAGG	20412	1.33122515061702	0.0469438444715228	6669	0.271276541449607	2.19447390382881
AGGAAGT	11144	1.37106339492769	0.068475462227203	3652	0.217733605390568	1.72484423382908
AGGAATA	8155	1.23376030324516	0.059488659362116	2793	0.122232197826475	2.44012851823756
AGGAATC	5622	1.2917444174878	0.0501802659602415	1896	0.186646363879574	2.22266351775845
AGGAATG	10108	1.23839208111478	0.061116603841055	3299	0.184358723848498	1.77083669106992
AGGAATT	9366	1.23578191095835	0.0724776573455201	3097	0.21672478298582	2.71079433146832
AGGACAA	8819	1.42094258588628	0.0706917232703204	2840	0.119057713865478	1.70892856539659
AGGACAC	8206	0.83140208746329	0.0347242387343555	2799	0.148140845992293	2.30354541850256
AGGACAG	15005	0.927809700915364	0.033456688913101	4928	0.0928431698213644	1.71556635124519
AGGACAT	7982	0.984360560921912	0.0406517751979665	2843	0.152331791967977	1.71241123803168
AGGACCA	7549	0.982712322935419	0.0452511728314508	2485	0.109570758047354	1.35820210864889
AGGACCC	6572	1.29944431016514	0.0706989944957829	2066	0.200040666619049	1.45241118397639
AGGACCG	1071	2.17904888433746	0.105614518786834	311	0.294892260457558	0.653623736253439
AGGACCT	8199	1.41463463599963	0.0730971395867004	2977	0.197593834906661	1.3842693825097
AGGACGA	1126	1.11270749095139	0.0633507886625258	352	0.141004192695895	2.36242794447531
AGGACGC	933	1.67339725567009	0.112441092220816	257	0.196544275165093	2.70637209068108
AGGACGG	1277	1.41745953664792	0.115799233543015	431	0.190203459347633	2.33279352196764
AGGACGT	1105	1.32851729339676	0.118420458740859	913	0.154965207487067	2.52143381826755
AGGACTA	4596	1.14613187988817	0.0666055452820624	1516	0.0995160705958368	1.40085449576439
AGGACTC	6204	1.53509000352861	0.0852480621505877	2100	0.18844815963696	1.1656884522835
AGGACTG	8645	1.82508435658454	0.108215228262202	2802	0.174525034456613	1.04910426210081
AGGACTT	7644	1.59685814801627	0.0895304483481202	2547	0.183487435705656	1.19040215763882
AGGAGAA	15396	1.12644160708428	0.0453542213494685	5202	0.13953545181003	1.844004901417
AGGAGAC	8583	0.776258784826479	0.0276376346575504	2786	0.142678030420734	1.67796434815518
AGGAGAG	16313	0.857247993011152	0.0399910113073208	5305	0.163532285827851	1.28801214473431
AGGAGAT	8645	0.76479176603626	0.0281002831007761	2899	0.125181335066845	1.28877484312396
AGGAGCA	9332	0.753901109358801	0.0248619892343947	2979	0.141091419711682	3.09372512919256
AGGAGCC	7816	0.882338185969603	0.0338972055389777	2522	0.263589822206299	2.84649020576722
AGGAGCG	1262	1.24320940039627	0.0540050979430721	420	0.219274210499168	0.788004398099933
AGGAGCT	11587	0.810951798541532	0.0318939265371418	3871	0.203414731710692	2.75320119359966
AGGAGGA	19821	0.975125711976058	0.0385689031967321	6134	0.104276042153877	1.65497668112645
AGGAGGC	9292	1.48838270414788	0.0819527948630031	2815	0.238161026426128	1.20547709819515
AGGAGGG	11517	1.2913908198727	0.0832192527567684	3713	0.108171814965691	1.64801485288022
AGGAGGT	7645	1.8318476818757	0.127427680843331	2382	0.226103276608848	1.14312657611482
AGGAGTA	4877	0.875488380680078	0.0411733933060877	1600	0.0783419998080815	2.07686540978223
AGGAGTC	5974	1.06304169902018	0.0566615173692749	1964	0.139217091270606	1.18601532982448
AGGAGTG	7940	1.66046069190821	0.105344643042965	2734	0.156707237498612	1.3383551910808
AGGAGTT	8130	1.27686441723606	0.063656516763487	2702	0.142866089291291	1.41697525231078
AGGATAA	6487	0.971735131857147	0.0528883567188399	2178	0.0999889244107038	1.9137594810734
AGGATAC	4197	1.15696570311047	0.0418478808139264	1356	0.17533855089566	1.95036467098485
AGGATAG	5583	0.877326665590685	0.031836169489184	1911	0.124964031062945	1.7258269841949
AGGATAT	6119	1.28483502346309	0.064478241738505	2091	0.212161377578796	1.28807160180614
AGGATCA	6267	0.772119873370558	0.0301424950217507	2013	0.115713513848176	2.05887261981894
AGGATCC	5648	0.929256338386672	0.0351543589856246	2027	0.238329651551438	2.34789806195162
AGGATCG	764	0.933380057253383	0.0374205762005544	257	0.172060603751951	0.946813746833508
AGGATCT	7944	0.971087703546426	0.0388265443411958	2690	0.243472255848232	2.3883999414868
AGGATGA	8387	1.09851989578774	0.0399261979261087	2803	0.124824613550177	2.45373535351541
AGGATGC	6429	1.25705023917421	0.0578301662808839	2095	0.188092897543965	1.64068229549429
AGGATGG	9672	1.28377202514762	0.0647565853442857	3245	0.17994387403485	2.7327903167511
AGGATGT	7908	1.40079487985669	0.0805632178235743	2730	0.169482361901576	1.82850751868532
AGGATTA	5585	1.26221671704445	0.0581333195637773	1776	0.124731641984338	2.12883943703696
AGGATTC	5430	1.22850098132811	0.0509486166602254	1830	0.236980776594943	2.41581319765145
AGGATTG	5245	1.01161834389718	0.0507702960087306	1661	0.151666413470953	2.07527071149545
AGGATTT	8552	1.60809061805809	0.0764446098574581	2932	0.288444681523424	2.67972551389252
AGTAAAA	10470	2.08300922454336	0.442600838542507	3630	0.305965224320163	3.70440691108903
AGTAAAC	4908	2.02498422798367	0.276839411338171	1607	0.311199310618468	4.36713314425913
AGTAAAG	7136	1.78450132119934	0.166473231155473	2480	0.245659065246179	3.93955319122412
AGTAAAT	8398	2.06746988158482	0.320449354090739	2779	0.287036553797457	4.2035941046916
AGTAACA	6311	1.71068368246214	0.179100162472339	2132	0.180234029687427	3.03390367533814
AGTAACC	3428	1.92138445022814	0.23032682833165	1114	0.281797750602863	3.6343958904442
AGTAACG	626	2.11055951813096	0.320964299913318	211	0.141090082540856	3.01596124244956
AGTAACT	5519	1.66291742627934	0.247962963401666	1736	0.285654039343727	4.32071492776315
AGTAAGA	7012	1.78463190275375	0.138426820702859	2246	0.303961729592231	3.92874795990105
AGTAAGC	4100	1.72133345792897	0.148763195484058	1308	0.306252725552625	3.78552417357136
AGTAAGG	4718	1.81958578905137	0.162746105626348	1511	0.37042277723192	4.2254478003651
AGTAAGT	5733	1.80865706150423	0.241324495805165	1950	0.233115583671995	4.23085692655317
AGTAATA	5767	1.68239145584482	0.309603830528864	1953	0.0964136176393549	3.49967154659005
AGTAATC	3046	1.71809449583984	0.231700994109778	1044	0.222833366099269	4.35623296921944
AGTAATG	4708	1.70583391943355	0.270084427647385	1546	0.122834623416578	4.72243332070256
AGTAATT	6489	1.71331300795471	0.343404720830372	2260	0.236349475036723	5.22460708555618
AGTACAA	5383	1.37582065950579	0.0994728575731056	1838	0.203795386822417	2.45955967846972
AGTACAC	5231	1.23442484916061	0.0666640766990602	1699	0.205204180644054	3.03197717462225
AGTACAG	7066	0.94007237978751	0.040044887497455	2281	0.158009525850422	3.00872122379322
AGTACAT	5756	1.43980996687806	0.0795322991919985	1937	0.260724037684093	2.66359823902589
AGTACCA	4517	1.09404683201193	0.0636494053162514	1591	0.151867489295674	2.05342052682536
AGTACCC	4309	1.28113179186791	0.0912637885426941	1485	0.236475935352498	2.66063147779282
AGTACCG	519	2.0874483261962	0.142681369508182	158	0.23713285701467	1.03952757164624
AGTACCT	4226	1.40769946248879	0.0985030217156341	1344	0.366970512376526	3.11802375674622
AGTACGA	472	0.930471964562983	0.0637516959201478	151	0.438774876915789	6.02882536791042
AGTACGC	342	1.56534860429624	0.0970249553377378	111	0.297114367931073	2.66631205506976
AGTACGG	514	1.21864128123434	0.0859594505776537	157	0.42885854930054	3.12473032060716
AGTACGT	628	1.51910604202794	0.105704449457918	208	0.306422537416719	2.11046196448899
AGTACTA	4995	1.1058162977001	0.111974634334173	1720	0.11917039705499	2.32690032974219
AGTACTC	4153	1.26722409502961	0.0947195495460214	1440	0.278076102964445	2.2953206911917
AGTACTG	5178	1.20612534148264	0.0998814905083453	1659	0.182120227491709	2.27724985507232
AGTACTT	5688	1.3229182965324	0.144605397635698	1928	0.276812452636284	2.31185089745486
AGTAGAA	7453	1.31624234906219	0.0636299588871505	2415	0.216883119938118	2.66504051649579
AGTAGAC	4072	0.843208898045321	0.0339488503198951	1391	0.190983008802321	2.83928413473782
AGTAGAG	5904	0.695404089144	0.0269157106987474	1999	0.153827505873681	2.36982533822022
AGTAGAT	5119	0.777059567116351	0.033876783367624	1784	0.18640881861643	2.48114521160175
AGTAGCA	5280	0.729893516419267	0.0273481042674702	1735	0.288273466422844	3.3888048152569
AGTAGCC	4519	1.0079231173256	0.0407262814268119	1504	0.568027317990089	3.82763840233302
AGTAGCG	452	0.969028719865814	0.0502680537783499	143	0.228977753018225	1.63709917986049
AGTAGCT	5628	1.07160591307491	0.0387763852025679	1762	0.769761229888501	4.06937548390716
AGTAGGA	5287	1.0442413586311	0.0397368108516896	1869	0.221625313090464	2.60387819221912
AGTAGGC	3220	0.941829123170447	0.0445586860005902	1016	0.206401122177523	1.89687839019848
AGTAGGG	3819	0.960936123000765	0.0514790167450623	1272	0.181597779628747	2.53134657858881
AGTAGGT	4652	1.37794496143543	0.0719645324144167	1435	0.143180343518016	1.55846573127141
AGTAGTA	4757	0.899574960140401	0.0534128196051917	1630	0.111456744885665	2.46662920333442
AGTAGTC	3035	1.13619496100382	0.0551231488200458	964	0.250888588408318	2.81392130178861
AGTAGTG	3745	1.07503671005102	0.0651518479633494	1272	0.165910364827434	2.70291524687005
AGTAGTT	4629	1.07807182150428	0.0769971930850963	1601	0.401500753272406	4.21409402221922
AGTATAA	5520	1.35825071747328	0.14054614610702	1748	0.121217137854355	2.91472703767425
AGTATAC	3370	1.17488046067163	0.115227754700861	1108	0.164419075264639	3.24585052077677
AGTATAG	4211	0.893296360682051	0.0521468197752252	1376	0.109499077396134	2.95954190026559
AGTATAT	6710	1.39605630193242	0.128481076258505	2230	0.185146864217904	3.0687595435867
AGTATCA	4570	0.951788252040899	0.0633766534162865	1428	0.1301598283022	2.74325229843947
AGTATCC	3506	1.26658119599185	0.0941602921495543	1226	0.297978064485571	4.0643702064841
AGTATCG	496	1.37288435854903	0.125221683441488	127	0.280952372853431	2.04064466519734
AGTATCT	5631	1.27537141708989	0.100712714893445	1940	0.482041238158332	4.2212713131713
AGTATGA	4846	1.07645090979784	0.0559699284082772	1575	0.178865888565787	2.78015457588084
AGTATGC	3106	1.16974768065784	0.0733414388466291	1048	0.339886379322581	3.25874172840238
AGTATGG	4442	1.25643261859496	0.077378876650942	1559	0.472362334015711	4.44236835031778
AGTATGT	6162	1.51657050136234	0.0875009833851384	2057	0.419531936649585	3.63378821570948
AGTATTA	4903	1.40297095858502	0.170081201654491	1580	0.122793595690545	2.51488848529256
AGTATTC	4894	1.30938206214375	0.165441885175116	1607	0.351959749747369	4.41466660180957
AGTATTG	4001	1.3068553293404	0.13538537252752	1380	0.258738661591038	4.85838580612893
AGTATTT	9592	1.63701802796483	0.237158661708409	3342	0.625649336004891	4.72194564201788
ATAAAAA	22612	1.57834382210463	0.622171591025741	7816	0.310467706842937	3.59285364252059
ATAAAAC	11796	1.92158494118885	0.445301600259716	3926	0.325114556353174	4.65614746659123
ATAAAAG	12670	1.93639714824682	0.310230850327213	4249	0.264962257663375	4.03804474452822
ATAAAAT	22668	1.57677809311737	0.537457857543561	7868	0.239580519132838	4.0316432609134
ATAAACA	13368	1.98715317596397	0.292622614930542	4435	0.278402600926095	3.49947158021186
ATAAACC	5846	1.93879358239323	0.346141272231706	1906	0.528136208022863	5.31148555539448
ATAAACG	1208	1.77145304769444	0.38981318036877	347	0.257500078269158	3.12476325942209
ATAAACT	7845	1.78941477068791	0.380279315385164	2486	0.39672101711925	4.52035581877275
ATAAAGA	12949	2.31864260653632	0.275612793252132	4478	0.379607742712091	3.79436613744458
ATAAAGC	5904	2.10646153920774	0.270578651773016	2020	0.467649953517699	5.16550038338127
ATAAAGG	7533	1.99559539199013	0.232523180688036	2587	0.47662215748526	4.21731972069634
ATAAAGT	8964	1.74496751774774	0.387164204891592	2963	0.323665120650001	4.75434422081345
ATAAATA	23571	1.44222141846543	0.506398163634396	7820	0.129548662041327	3.21812635636921
ATAAATC	7691	1.6485352901	0.430339854872757	2588	0.308989692056692	4.71868447013244
ATAAATG	11491	1.72153673397127	0.424639995715054	3740	0.144787107888059	3.98987752789879
ATAAATT	11552	1.60896870929829	0.528801137440188	4001	0.326633728798357	4.57644327861862
ATAACAA	9071	1.40067796740516	0.150875464936286	2970	0.15263831663197	2.16911428965624
ATAACAC	4829	1.23518300707253	0.0883008457157647	1525	0.198383465075945	2.67744382561689
ATAACAG	6343	1.1188640101319	0.0657764779101722	2013	0.128830942964596	2.7206558236803
ATAACAT	7071	1.09307932322008	0.0911510302083079	2298	0.239213662989533	2.8322778657615
ATAACCA	5860	1.1667398625981	0.087551935346905	1960	0.163703109014915	2.54012756280851
ATAACCC	3821	1.41236271646827	0.116467966112316	1257	0.318511985146108	2.83071092163618
ATAACCG	538	2.09136149490293	0.147965522803165	178	0.274782553091462	1.32671279502796
ATAACCT	4422	1.21278007441476	0.103007442668543	1432	0.411993042515347	3.72426388122142
ATAACGA	756	1.64878776914559	0.108427720845054	239	0.180482803408563	2.10035161645088
ATAACGC	480	1.14270224340321	0.0836318323119555	126	0.392464931582241	3.97132301502816
ATAACGG	536	1.37899689576848	0.12286584824609	173	0.486571357878539	3.18827043914136
ATAACGT	825	1.51484770625378	0.126918138993116	255	0.408088423372301	2.84823870995416
ATAACTA	5066	1.04011311697978	0.157425203638618	1727	0.128401466352234	2.32737933880086
ATAACTC	4763	1.13270237276393	0.125101866901639	1599	0.300879101349416	2.62948147116486
ATAACTG	5934	1.02101804727546	0.126442389614684	1911	0.186582678997411	2.27829180491913
ATAACTT	6839	1.12080691548398	0.187017718506827	2299	0.371082061897076	2.7142908424916
ATAAGAA	10201	1.26486077574057	0.0957231042000272	3279	0.204243786680373	2.5769572254112
ATAAGAC	5069	1.0240521898577	0.0661029366679133	1621	0.234733962618622	2.80559066897491
ATAAGAG	6379	1.16049094992979	0.0578055669517346	2152	0.181651036135507	2.22944473718332
ATAAGAT	6427	1.10619049940526	0.0681070480659216	2178	0.218941066605137	2.52344408469318
ATAAGCA	6762	1.10712076542186	0.0537386481356229	2174	0.287698307924956	3.50725730180643
ATAAGCC	3936	1.18427724703382	0.0656976942641541	1275	0.613180990588749	4.69063836593674
ATAAGCG	477	1.01233908779686	0.0664856488784915	143	0.371594883901845	2.14311913955296
ATAAGCT	4567	1.17734783476016	0.062027493951969	1570	0.732991805623989	4.75577494394552
ATAAGGA	6477	1.21748499474081	0.0679215500045453	2273	0.225843984568507	2.63515952033749
ATAAGGC	3859	1.40022334490509	0.0820172827202988	1367	0.231079583775764	2.16461772037166
ATAAGGG	3744	1.15585267711009	0.0800883779100643	1234	0.22669970504597	3.00052500870474
ATAAGGT	4004	1.17873034432637	0.0963651036174955	1291	0.160276257829614	1.70893566614858
ATAAGTA	6012	1.20904710199897	0.113681437632376	2018	0.197372688295029	3.10094877624267
ATAAGTC	3218	1.15324004296126	0.104309334268234	1127	0.392644016654086	3.78860245043718
ATAAGTG	5604	1.14094262948354	0.111425844371461	1922	0.19602547089759	2.86051948946377
ATAAGTT	5608	1.14522702204343	0.14815972342272	1793	0.515539907445939	4.1962315463237
ATAATAA	16192	0.952959296997838	0.201095011128573	5439	0.0711213480885654	2.37154723771221
ATAATAC	4664	1.06855626932277	0.144305574536821	1552	0.0957957670310341	2.21161907326204
ATAATAG	6626	0.856315797611813	0.0917494785410644	2379	0.072458862172647	2.29511375845261
ATAATAT	9769	1.01128170421883	0.171748583247503	3423	0.1371914159658	2.52984185038079
ATAATCA	7498	1.24663574990469	0.107626991360046	2536	0.133774577080495	2.89494716080585
ATAATCC	3998	0.990603927057879	0.102544034966701	1307	0.28311850269932	4.38529862048876
ATAATCG	593	1.0170947429793	0.142958741184499	186	0.243931363880867	2.44660276226028
ATAATCT	6041	1.11359203941422	0.129690412017733	2037	0.33166079595144	3.69318895356311
ATAATGA	7941	1.20205087279765	0.094997891234291	2646	0.133236098906072	2.60276001261226
ATAATGC	3923	1.15430091219931	0.0930433293725211	1308	0.236573028534945	2.86871922779078
ATAATGG	5658	1.22353159521132	0.0988942539477696	1831	0.328679497474334	4.40483038586937
ATAATGT	7325	1.11055440365814	0.104230019386495	2564	0.2602351488986	3.3207750811781
ATAATTA	9126	1.24954894509204	0.257668916967998	3078	0.14660627341688	3.62071214726379
ATAATTC	5964	1.06856397830431	0.229875939697991	2067	0.291146286243826	4.1404680175904
ATAATTG	5650	1.02595775746883	0.165859441555446	1807	0.21436840352339	4.02544982396355
ATAATTT	13070	1.29413083754151	0.363089513901933	4480	0.536841920289658	4.61779694162364
ATCAAAA	12315	1.87093112808028	0.317491485985074	4260	0.38352090560942	3.82664441795387
ATCAAAC	6160	1.68648388593008	0.170251143614675	2031	0.411419001411211	4.36381874119391
ATCAAAG	8452	1.62170520421751	0.117421551011043	2866	0.306776393986206	3.85637191198075
ATCAAAT	8053	1.75607512012024	0.223550071223995	2752	0.292199046501163	3.86755149198548
ATCAACA	6877	1.54937849589002	0.113011028534551	2251	0.306813674982319	3.46004625472294
ATCAACC	3698	1.55146347886252	0.128244595822669	1239	0.449470753613785	4.03370319337473
ATCAACG	692	1.62900064745447	0.151427662986683	218	0.290852785903951	5.6020178896189
ATCAACT	5004	1.44947633561562	0.144790574455682	1654	0.339367299966807	3.45094064409094
ATCAAGA	7185	1.4949564953913	0.0934575845780506	2498	0.486804689296768	3.88970846458848
ATCAAGC	3808	1.52907614052091	0.0928599190051128	1240	0.521107669217257	5.14242350430801
ATCAAGG	6259	1.52278542474514	0.0822130177334843	2186	0.52945923924277	3.90631002453725
ATCAAGT	6003	1.59105433958721	0.136455063607309	1992	0.24356551176156	3.53648287309567
ATCAATA	6193	1.44645699264491	0.191561668650692	2165	0.176741389275684	3.3996422394996
ATCAATC	4038	1.24244830148657	0.113147265753261	1429	0.305231241304299	4.02371787937895
ATCAATG	6166	1.3565119839413	0.130727607878239	2163	0.14650091544201	3.16526307336686
ATCAATT	5705	1.84019678684838	0.245946118341785	1923	0.309056465446566	4.01152027283251
ATCACAA	7438	1.03433462949931	0.058165404836692	2542	0.244376109415114	2.3366436497991
ATCACAC	5959	0.889709612852465	0.0414612586127873	1932	0.271797514168887	2.79382034943172
ATCACAG	9915	0.884216777519257	0.0353326461406843	3258	0.193114838170721	2.69556561210751
ATCACAT	7099	1.03475067150913	0.0521421406062203	2289	0.269146996335007	2.58517991526345
ATCACCA	7595	1.25308924590171	0.0597546116050047	2529	0.232547000637066	2.30887717080589
ATCACCC	3900	1.35134770789728	0.0892356551349441	1193	0.49903042600575	3.52690658205268
ATCACCG	909	1.35318155052432	0.0809398798737135	283	0.348891350757734	1.51804716609701
ATCACCT	5482	1.54644078897119	0.100743611663511	1782	0.458194345998177	3.3847346709455
ATCACGA	835	1.44211784149424	0.0612648123973114	277	0.323878890070912	2.4979542408676
ATCACGC	670	2.43999861231719	0.112793462811099	232	0.49998424808195	3.5082582385325
ATCACGG	950	1.42838929273927	0.0788446992000494	699	0.761934636731144	3.77340446132184
ATCACGT	1160	1.21890266781148	0.0741216063405513	400	0.376220679266958	2.20190938544137
ATCACTA	5064	1.25716448095788	0.0772905425127132	1940	0.261932386890626	2.753577954688
ATCACTC	4367	1.070580331605	0.0749844291123535	1475	0.469117406382104	3.1488753152993
ATCACTG	7843	1.29867239855886	0.0833765658554476	2719	0.308583947431362	2.76918155694417
ATCACTT	6428	1.3138454020803	0.103059537874195	2140	0.46302803873455	3.17502806327026
ATCAGAA	10316	0.966848916316274	0.0412721790357209	3581	0.24627288529345	2.55841079377802
ATCAGAC	4919	0.822912475744508	0.0287401236249958	1616	0.337352704922811	3.39978300758498
ATCAGAG	8001	0.864951541149308	0.0298689845166039	2608	0.189843436113407	2.38005326879112
ATCAGAT	7822	0.921737083989027	0.0331160511462433	2521	0.261828084107959	3.1569017924627
ATCAGCA	6843	0.76354789032453	0.0268645608119683	2394	0.331772606677926	3.29739702259119
ATCAGCC	4839	1.21690385889236	0.046576921444961	1569	0.815046073851577	5.04243587654241
ATCAGCG	805	1.32983244923527	0.0469252025732884	225	0.378751051736572	2.041088178481
ATCAGCT	6384	1.12048881719914	0.0445483220413185	2081	0.792865014209976	5.02598945110754
ATCAGGA	7617	0.997667106272245	0.0385752023328445	2428	0.275971274898244	3.0762842145673
ATCAGGC	4375	1.26893454094652	0.0605926061919297	1486	0.183786626438112	2.59559613178415
ATCAGGG	6067	1.05225744004148	0.0574211395695723	2128	0.184687192766329	3.14495084638143
ATCAGGT	4776	1.32326388442583	0.0786083393790561	1543	0.112570247633184	1.90513319084076
ATCAGTA	4823	1.05525263488697	0.0476022221556742	1629	0.258611852863033	3.32227465260235
ATCAGTC	4517	1.19484265264185	0.058932820798185	1454	0.470892003250462	3.91230079012513
ATCAGTG	7001	1.1344674587331	0.0696540561838088	2396	0.217339503823273	2.88894445449354
ATCAGTT	5519	1.33017362087163	0.0735941181882356	1880	0.544852752990469	4.04257828439893
ATCATAA	5909	1.1777660052121	0.109942261010177	1944	0.14867438492351	2.94461306249695
ATCATAC	3737	0.930863821930724	0.0752339601611509	1198	0.183631400103144	3.08570256221155
ATCATAG	4610	0.95956752892923	0.053334054086014	1505	0.113036477112349	2.27134315069196
ATCATAT	6529	1.17768622088927	0.112192949779493	2061	0.238864285816175	2.64865390657688
ATCATCA	8511	0.97906667154095	0.0464626612780656	2907	0.141779159848015	2.52934947208357
ATCATCC	5319	0.962507823690854	0.0635784120289855	1781	0.413346369193488	4.15282255927312
ATCATCG	772	1.39562113822514	0.0783242301803049	252	0.292897677727571	3.12152497958379
ATCATCT	7965	0.95069492265955	0.0681152956363262	2729	0.439221128865202	4.01094995894631
ATCATGA	6838	0.985441837200929	0.0470355062639942	2329	0.194102704514257	2.82186443027956
ATCATGC	3831	1.25172323148316	0.0661400087440488	1218	0.409191561090446	4.01637910420576
ATCATGG	6103	1.07718636662289	0.0601184628757225	2352	0.459573545703876	4.400357374786
ATCATGT	7147	1.17226961450336	0.0713541823273172	2247	0.345830836155347	3.15691091322288
ATCATTA	6253	1.21970606736619	0.121554596471799	2076	0.207632951083241	3.43799790775994
ATCATTC	4945	1.24433520391073	0.113717262178169	1583	0.480972231052827	4.48572419871214
ATCATTG	5484	1.22853707569534	0.0941078141559544	1820	0.270025794642121	3.22854675689796
ATCATTT	10485	1.45641627629301	0.185133655943247	3595	0.705344128173948	4.46310980019255
ATGAAAA	15374	1.65568920968069	0.169975781228768	5378	0.324972478517502	3.4039556227592
ATGAAAC	7983	1.46636081284405	0.0975223055058981	2738	0.345033283526208	3.79466920713132
ATGAAAG	10421	1.34230273166113	0.0725118904508625	3627	0.227995246749102	3.00858041429133
ATGAAAT	12691	1.52407042716219	0.122616463991055	4414	0.26422353818713	3.27763881248782
ATGAACA	10366	1.135686586067	0.0536692181341318	3469	0.280908624223872	3.1911624757601
ATGAACC	4589	1.10071915016477	0.0549960902985046	1516	0.362023379920836	3.74603853796919
ATGAACG	1054	1.28962743027792	0.0824468006679967	341	0.258875202079482	2.17345389497471
ATGAACT	7984	1.19142755259208	0.0666898156512761	2732	0.311360008726189	3.53787371094621
ATGAAGA	12386	1.10881307217214	0.0525297296741264	4258	0.322182586838112	3.38678248178421
ATGAAGC	6912	1.29571857359244	0.0558717079051977	2334	0.336894756834614	2.36363267878958
ATGAAGG	8390	1.28805014398928	0.0520185669026846	2838	0.347725331632374	3.13853962027827
ATGAAGT	7988	1.2748893345505	0.0846387558176515	2585	0.243498746568022	2.3889975454196
ATGAATA	9265	1.16879647971317	0.0933147294835963	3058	0.134659128861349	3.03951899618305
ATGAATC	5045	1.0635713970627	0.0649652160586268	1712	0.227969389278279	3.25852955261271
ATGAATG	10313	1.53011787017797	0.106051810637349	3291	0.188114028846867	2.37119669941103
ATGAATT	9392	1.43018412465365	0.131148308663967	3335	0.227017730150082	3.54946738442801
ATGACAA	7525	1.13610174226802	0.0578138633713999	2496	0.201721677774743	2.14759593414167
ATGACAC	5152	0.851646227036464	0.039493148630944	1738	0.24614472604237	2.79903046772305
ATGACAG	8034	0.854168060989094	0.0325044356872238	2517	0.156681121622462	2.32629463046009
ATGACAT	7108	0.92919769795222	0.0417583877961787	2336	0.217681582995281	2.12626745209823
ATGACCA	7014	1.29017003224421	0.0579546360446233	2372	0.181943122769408	2.11860839991744
ATGACCC	4328	1.63852335101384	0.0901963722054444	1329	0.292982500662079	2.1754666234481
ATGACCG	753	1.82052648829166	0.0904233533606816	254	0.415934866847118	0.734213922515715
ATGACCT	6299	1.32701523648466	0.076654373148192	2013	0.281745811688216	1.93226496388099
ATGACGA	867	0.833398998360345	0.0443976403272175	586	0.289358324677869	2.69321543063855
ATGACGC	541	1.70641800962825	0.087550796868589	182	0.134718525666045	1.65481976309586
ATGACGG	781	1.29000759200435	0.103136084160718	272	0.260036249273177	2.60270590240902
ATGACGT	990	1.68170414189025	0.12356368782374	335	0.157160299581363	1.7884286274627
ATGACTA	5021	1.26985240801231	0.0825990368170208	1687	0.107880617402399	1.68416961621911
ATGACTC	5281	1.29406506714118	0.0840675189574517	1664	0.24373977511644	1.61088376666695
ATGACTG	7463	1.58547803154712	0.104827015543342	2400	0.212279536170242	1.53845602395965
ATGACTT	7631	1.59777147197685	0.105451398358784	2509	0.246362188381567	1.78136044733737
ATGAGAA	11274	1.16172754368692	0.0498545785797195	4879	0.309425797716593	2.48631380953729
ATGAGAC	5701	0.902658459120437	0.034161084181351	1878	0.260803959286949	2.95562879084691
ATGAGAG	7985	1.1597384354148	0.0447845360128007	2597	0.196759084476411	1.68421979452367
ATGAGAT	7982	0.99731844620171	0.036686207739932	2681	0.151895887499262	1.70499839749964
ATGAGCA	7529	0.946792903212906	0.0317824880275202	2414	0.201437585240816	2.8456374790726
ATGAGCC	5205	1.41805866928085	0.0512153039712724	1724	0.401144171609713	3.4487372778356
ATGAGCG	861	1.55688978765383	0.0636898931330596	243	0.319867457046895	1.16891446416617
ATGAGCT	6858	1.06090479643166	0.042764115137463	2198	0.37762581272348	3.39004823571437
ATGAGGA	8210	1.18779060256406	0.0489749165582719	2608	0.185699782869278	2.26441806966978
ATGAGGC	5195	1.94606206600787	0.106443475706858	1571	0.251779058237636	1.48419718941845
ATGAGGG	5868	1.4442246278347	0.104092379599424	1859	0.106383716798091	1.68952406792323
ATGAGGT	5995	2.31170655905316	0.173253559338613	2029	0.292316765410579	1.57994079404372
ATGAGTA	5368	1.11844696549549	0.0561234010371422	1823	0.0679812758000163	1.60348206335798
ATGAGTC	4507	1.55998679432391	0.0832295264538609	1557	0.182584134198767	1.76037837480648
ATGAGTG	6669	1.74508016661488	0.118559125699078	2162	0.158738863989404	1.62352354393715
ATGAGTT	7673	1.42191697583226	0.089829930639952	2562	0.191980914817314	1.99301755053853
ATGATAA	8556	1.03107167564896	0.066904088378052	2835	0.169289087238237	2.56977030178492
ATGATAC	4129	0.920140113931157	0.0504318686932989	1343	0.267930841179265	2.62450236846548
ATGATAG	5482	0.816770594422116	0.0399461571356648	1709	0.13953216186248	2.0477865863364
ATGATAT	7301	1.33547674405901	0.0793726404895083	2443	0.226858178672507	1.88764478426552
ATGATCA	6353	0.841375855856134	0.03488714977747	2052	0.172859843728652	2.69053314732489
ATGATCC	3537	1.0210472462632	0.0420949217739109	1158	0.4437319899261	3.5377883862899
ATGATCG	553	1.21224388087654	0.0464238643749333	209	0.226965044725506	1.37234191602696
ATGATCT	5814	1.050083332401	0.0491630759710552	1848	0.368737910895615	3.23774298200876
ATGATGA	8123	0.824384199202073	0.0367468413930796	2671	0.194072493147181	3.13058679293198
ATGATGC	5203	1.14321755222862	0.0560953363429205	1719	0.294809074680488	2.38201304062084
ATGATGG	7439	1.28025920698822	0.0612289826701413	2459	0.340353073096425	3.77026472603814
ATGATGT	7314	1.3596563583934	0.078973575076895	2343	0.230244117901119	2.24437423751767
ATGATTA	5749	1.10491659188404	0.0650632265170634	1981	0.163697243447572	2.72695929936478
ATGATTC	4852	1.17688367596317	0.0650918472621176	1655	0.389711877528549	3.49658309661107
ATGATTG	4835	1.53914721722074	0.0751723636593324	1626	0.240543875204555	2.72884614013196
ATGATTT	9188	1.39352178751424	0.0975695654176911	3558	0.525577439239534	3.6227322393734
ATTAAAA	20361	1.5428566154307	0.588670949403443	6868	0.429169449418016	4.34018533607456
ATTAAAC	6183	1.62138273004541	0.407038705637525	2190	0.400988718037795	5.57062391210602
ATTAAAG	13158	1.84906174155203	0.269893375463112	4542	0.293681404712179	4.17362464375616
ATTAAAT	11925	1.41111844420566	0.424251294263281	4032	0.344616114734918	5.02868725916466
ATTAACA	6981	1.87550370135677	0.298845650903422	2307	0.317137977412067	4.22069733102518
ATTAACC	3570	1.70507023344571	0.359149146308277	1223	0.542270207280351	5.73790640946118
ATTAACG	639	1.33805652256333	0.368945783392878	200	0.21231058712724	3.941415840429
ATTAACT	5937	1.3717935407102	0.398674181502599	2033	0.484350248305932	5.72220196221544
ATTAAGA	7692	2.24873487854358	0.26172629115494	2589	0.441401365976648	4.85086363185197
ATTAAGC	3575	1.86338178178453	0.27810823221592	1118	0.444983509891323	5.86532692731793
ATTAAGG	5394	1.92267524902259	0.259312338549254	1830	0.575375624029869	5.07460231167369
ATTAAGT	5704	1.41076591816075	0.345601234977734	1812	0.253084138187908	4.81747455180913
ATTAATA	9417	1.27094247715989	0.42024139278926	3035	0.101617720603167	3.39086913936352
ATTAATC	4502	1.49547454380984	0.372259403415537	1479	0.248168855973969	5.075194405274
ATTAATG	6357	1.52471221629561	0.432946836294533	2200	0.0936816166637272	4.39570247225447
ATTAATT	11082	1.23382441097008	0.504566463552665	3778	0.290992214421593	5.26471736535836
ATTACAA	6976	1.41649030437439	0.193383932306154	2292	0.20467046178299	2.51940354960621
ATTACAC	4139	1.25655323117632	0.134851126789605	1347	0.233782655991552	3.19317452947345
ATTACAG	8136	1.1077139518929	0.0833273619203948	2659	0.158512144970733	2.77195638110634
ATTACAT	7526	1.36171375791406	0.163857560404614	2520	0.323267658277401	3.61186766717955
ATTACCA	5018	1.5422711291369	0.130837278578071	1752	0.2016876252823	2.63798904564156
ATTACCC	2579	1.5939022629139	0.187385949056851	903	0.517932285900289	4.08297347696326
ATTACCG	466	1.11947076780861	0.186536495425162	168	0.281201659412357	1.78084795150097
ATTACCT	4334	1.45765731597215	0.185219433679664	1504	0.620577188270118	4.16093831745348
ATTACGA	515	1.70340417549555	0.122594243034096	164	0.320260816163117	2.1313446366206
ATTACGG	610	1.76713228999827	0.179828291123247	202	1.11131204636731	7.06688185455006
ATTACGT	812	1.35063368078165	0.163381226959091	240	0.855649056732569	7.96574167162535
ATTACTA	4538	1.17170209078531	0.197139277095404	1556	0.136560343538042	2.34674944890978
ATTACTC	3524	1.10707035794104	0.187006586707192	1268	0.456328894100333	3.66893768408308
ATTACTG	5241	0.930217665031228	0.178601193350118	1751	0.220783037124186	3.05725747458921
ATTACTT	6696	1.07206733575808	0.246279420328531	2227	0.483812912954706	3.79434086232403
ATTAGAA	8472	1.45051759003454	0.13050854514363	2773	0.234409070200286	2.95894695943616
ATTAGAC	3386	1.27501709850252	0.0861870679246688	1094	0.225822298331032	3.16485970996716
ATTAGAG	5152	1.2400911234948	0.0628584204693913	1674	0.153190062364909	2.84166325239104
ATTAGAT	5847	1.18314463211199	0.0851914162485293	1989	0.294467829305455	3.7143634416712
ATTAGCA	5346	1.29377450008431	0.0625484354480278	1761	0.396949967329375	3.73735668913101
ATTAGCC	3936	1.32088228649917	0.0866574480799035	1319	1.07400525178792	6.03544209852999
ATTAGCG	446	1.83286054833705	0.116581322651986	138	0.608240323380545	3.39211602854869
ATTAGCT	4896	1.25294014458983	0.0772319002596435	1587	1.18812357885617	5.76026877504092
ATTAGGA	5737	1.39743437539052	0.0804276352050545	1936	0.335354774363503	3.39172349427819
ATTAGGC	2488	1.02182567807917	0.0856513867756068	841	0.249636013426458	3.30602771894513
ATTAGGG	3624	1.05097761788555	0.0994216778942562	1284	0.253104691626731	3.45920286075705
ATTAGGT	4073	1.15190765644076	0.132761563860901	1433	0.16334458947172	2.99272082324371
ATTAGTA	4203	1.12001539135408	0.121540514537117	1507	0.179462202446479	3.47025218902596
ATTAGTC	3587	1.01718453910094	0.11388175971435	1194	0.470533957135027	4.60132680187831
ATTAGTG	4597	1.09638568415725	0.132523986883839	1533	0.157492526959563	3.27188256155103
ATTAGTT	5216	1.03677849074736	0.157401908341213	1767	0.571926296729826	5.10949419404857
ATTATAA	9880	1.11101774425786	0.29599729547875	3334	0.114612312557462	2.88234138659065
ATTATAC	4369	0.899077670846953	0.260204855223048	1542	0.105071069886993	3.32391495690124
ATTATAG	5738	0.964314029382532	0.155489125537854	1932	0.0769524554030345	2.86670884802692
ATTATAT	10954	1.03024837426045	0.271942514636913	3768	0.153839454370155	3.14829829682784
ATTATCA	6791	1.29725780074295	0.15888586748078	2213	0.153611544393062	3.59594105354797
ATTATCC	4184	1.01265464726024	0.206692929351304	1487	0.371827921895204	5.25215803978992
ATTATCG	490	1.04165819364729	0.228308506496711	174	0.279298001207379	3.94875643066398
ATTATCT	7090	1.0850223060707	0.212248051012536	2431	0.50177866970359	4.85025194350108
ATTATGA	6598	1.39861010490657	0.146148600799548	2278	0.165535395961051	3.08102821842003
ATTATGC	3461	1.0660094455798	0.150249151513845	1180	0.372560280191943	4.74896737415205
ATTATGG	5111	1.27492867589294	0.176388824528705	1723	0.414890952408204	5.01854096516639
ATTATGT	7603	1.28936531206392	0.191316012094274	2576	0.411598769953009	4.55080862413504
ATTATTA	12290	1.22665816729647	0.291931102084034	4047	0.107586044761262	3.69724703686017
ATTATTC	5981	1.04067207418446	0.341112559072239	2019	0.345566488534157	4.98371525187218
ATTATTG	6228	0.974410736429563	0.299042731737963	2141	0.238093358984195	4.75207977725538
ATTATTT	17201	1.23816444030951	0.447837067099037	5819	0.729271229354326	5.59580094631862
CAAAAAA	18587	2.5214395660769	0.710786989436172	6378	0.941040697497009	4.33182026095431
CAAAAAC	11440	2.78041831931959	0.472386667115329	3989	0.946766955838709	5.01938125649624
CAAAAAG	10464	2.63678347513846	0.333056305646269	3653	0.666935028342353	4.86540185088364
CAAAAAT	13115	2.18744816074526	0.502276996113947	4577	0.640333849428273	4.86042390463744
CAAAACA	21856	2.63819390161303	0.336668926168214	7099	0.75937346189539	3.70570072635929
CAAAACC	9193	2.38444404892729	0.258168712357007	3005	0.865573015673707	5.01312184516492
CAAAACG	1339	2.02023292648313	0.269602647532223	451	0.484249644636206	3.75180194994786
CAAAACT	9278	2.10690455450043	0.278777060732303	3024	0.752232777981649	5.02285242648725
CAAAAGA	12289	3.00046018057328	0.25284941796231	4368	1.02909679209207	3.9718995690666
CAAAAGC	8433	2.65815299350094	0.198301376144849	2961	0.953386062044572	5.05784224231551
CAAAAGG	8535	2.46328592587662	0.181981378232808	2987	1.11220007589161	4.24428735073932
CAAAAGT	8048	2.13681612389356	0.258396243230373	2747	0.682811275211558	4.9928117959511
CAAAATA	14088	2.23716370747455	0.417067657835461	4725	0.343820735376528	3.68361950470412
CAAAATC	7850	2.26486553115652	0.298646036062415	2679	0.606217413339633	4.53590322814454
CAAAATG	10680	2.08287745573211	0.310035012477144	3588	0.314029834536938	4.88533559361427
CAAAATT	10535	2.0880389592143	0.431384581490799	3636	0.62079156340207	5.31063683082359
CAAACAA	20046	2.04709031069376	0.213742624769036	6733	0.50756172891637	2.69588375760406
CAAACAC	11464	1.50030617929077	0.0870637792893037	3756	0.441558796828749	3.2054886817612
CAAACAG	9743	1.13988759406309	0.0644151679310111	3204	0.28677115475358	2.98902052455065
CAAACAT	9891	1.61165154771733	0.106624775390977	3386	0.518495664229926	3.48380485257731
CAAACCA	9723	1.68201758364903	0.100509033080116	3337	0.383022710128832	2.89261988478437
CAAACCC	6619	1.60625034060629	0.112010256516255	2191	0.503505033842822	3.62976526138898
CAAACCG	907	1.64359071607327	0.107031385004203	293	0.432353940951625	1.99968358598223
CAAACCT	7237	1.62538697078071	0.117186472618944	2394	0.592725194000219	3.66846336997158
CAAACGA	1258	1.97091612177426	0.119110517447579	402	0.566280335187435	2.27677956601313
CAAACGC	1419	1.73590008110433	0.113277825362861	491	0.635662750619718	2.63840154629456
CAAACGG	896	1.78195705908111	0.120092944217215	310	0.659389773938214	2.38778733313316
CAAACGT	1337	1.60602345227154	0.128063391545822	463	0.528092140807037	3.03180692451609
CAAACTA	5891	1.45507949927074	0.148468689782108	1959	0.264092755455473	2.62412534300258
CAAACTC	9029	1.48287575179572	0.132868679322183	2829	0.506667976016397	3.17081518214075
CAAACTG	7758	1.34095006561983	0.116461305544996	2549	0.330277975535135	3.40178279258177
CAAACTT	8479	1.52531003103163	0.192739859580852	2943	0.606865732573819	3.71776725375829
CAAAGAA	16183	2.00687869495493	0.147114055796584	5666	0.524436309750593	3.3288505369168
CAAAGAC	8357	1.54754697046015	0.0737851341419513	2783	0.524082397510129	3.08238770266563
CAAAGAG	9842	1.44866359140925	0.0659506352251181	3349	0.313905936377438	2.67674148850314
CAAAGAT	8732	1.40333205574267	0.0713661765221377	2851	0.477844602964772	3.34166761144289
CAAAGCA	11579	1.55347651923629	0.0599401030813137	3876	0.803451124239788	3.54879492661103
CAAAGCC	8505	2.00530201346627	0.0834161477974177	2754	1.31218461730593	4.63946633133643
CAAAGCG	1077	1.63615867373485	0.0898856196480062	304	0.910605083680195	3.17429735931646
CAAAGCT	8946	1.83303828489038	0.076644958737358	2904	1.30921044699808	4.78804298031838
CAAAGGA	11352	1.40555447740122	0.0614537143623542	3813	0.608623720351666	3.09321197859766
CAAAGGC	7973	1.53660601395594	0.0754369624791842	2575	0.443418060819156	3.08255236954517
CAAAGGG	7314	1.53864745186879	0.0739601891876347	2283	0.50428530877097	3.48421911497607
CAAAGGT	7151	1.54395338134443	0.0870529456110212	2309	0.269219201545608	2.4072563803476
CAAAGTA	7073	1.72456231626221	0.0999242240945831	2404	0.503025681626693	3.17583250635334
CAAAGTC	7130	1.6848295560085	0.0932357198052046	2244	0.627738793561923	3.52574002868079
CAAAGTG	9244	1.5162345557483	0.0949995782148725	3085	0.35168470902013	3.19552494354357
CAAAGTT	8195	1.58524548849032	0.109872995199975	2833	0.781668565412938	4.42527671312889
CAAATAA	11898	1.5943673156867	0.219731745856636	4099	0.161956438842045	2.92511688995493
CAAATAC	7004	1.76798441737398	0.162346987870468	2392	0.301363355453978	3.56012342920713
CAAATAG	6071	1.24032521596251	0.099010420723209	1929	0.160447991317243	3.19432670866778
CAAATAT	10136	1.58445539823839	0.198803481148889	3496	0.25475212759926	3.00658818838688
CAAATCA	7595	1.64812522971523	0.121095708012727	2517	0.293501977825787	3.16631135360496
CAAATCC	6827	1.46511911968564	0.120655310184781	2269	0.437582883183801	4.44835275669308
CAAATCG	725	1.08540554485304	0.0995566132098828	268	0.313644348258531	2.76240617641037
CAAATCT	7410	1.32929206944815	0.122338204417965	2531	0.529766888274898	4.24462685984784
CAAATGA	9532	1.72381276260068	0.113467204901287	3219	0.358201825970163	2.76841988929297
CAAATGC	8415	1.51771933779464	0.113229686875738	2877	0.515941176278848	4.34876594831612
CAAATGG	8880	1.96985943263566	0.128458368163311	3024	0.666253240160664	3.76728738261784
CAAATGT	9507	1.74820565472595	0.128066106281276	3230	0.541871817838582	4.18617664559665
CAAATTA	7386	1.5273556426117	0.218423695370973	2480	0.284347140526544	3.8297438480216
CAAATTC	7766	1.53264312809771	0.203479361958208	2574	0.471850388120419	4.68193936721485
CAAATTG	6226	1.33305185540998	0.148170980650589	2108	0.326638979957305	4.67655623614192
CAAATTT	8831	1.55442317894566	0.274810777898791	2806	0.8038658531687	5.20581070222742
CACAAAA	12674	1.94280002369062	0.204877517045836	4336	0.410721594205766	3.38566062840983
CACAAAC	9805	1.49283889292928	0.0959957876800026	3155	0.414851058643109	4.15292464761713
CACAAAG	11045	1.32265309151083	0.0715836254657527	3547	0.293746391898245	3.34517507043298
CACAAAT	9549	1.58780086550164	0.135986346221795	3174	0.30348098528694	3.34629520613286
CACAACA	8214	1.11805992200595	0.061801520585828	2587	0.322410742232936	3.1955951245275
CACAACC	6856	1.16573360117847	0.0582274393559848	2183	0.429270914852669	3.3682531816392
CACAACG	974	1.89427355057627	0.0956268511101427	319	0.251158740948074	2.62288699866988
CACAACT	6320	1.28726066907248	0.0781325402351988	2136	0.397089152908722	3.51701093247994
CACAAGA	8405	1.05030334026318	0.0487779646849979	2857	0.521522470859943	3.75984086507962
CACAAGC	6917	1.07775445599435	0.0443928118723565	2257	0.446842619668389	4.32860320713918
CACAAGG	7100	0.978512053914171	0.0445095444536345	2328	0.584312408372937	3.91785634166038
CACAAGT	6170	1.40017130501848	0.0676596936745611	2062	0.329891959376171	3.86546142743645
CACAATA	6677	1.38702549329726	0.0988137438967535	2245	0.199473750083113	3.11109119974988
CACAATC	4585	1.19062476945427	0.0616228609386146	1562	0.354533014782928	3.91224076741412
CACAATG	8296	1.10732522443605	0.065716017550373	2689	0.155247627173246	3.27893295362105
CACAATT	6095	1.5966823615727	0.117713058152728	2129	0.325298975702589	3.4742348883923
CACACAA	13859	1.04462158150365	0.0495310194890083	4411	0.28112375009963	2.46004643324266
CACACAC	110796	0.537317493652781	0.0197027535586608	35541	0.181358414873443	2.36073024115405
CACACAG	18592	0.815567864735163	0.0297511938345713	5804	0.218485870242635	2.76987437045433
CACACAT	22264	0.927204721787283	0.0426383490593474	6687	0.31733360410143	2.40627440336056
CACACCA	10454	1.01203999980545	0.0443496519473066	3451	0.2457557731808	2.56863037685215
CACACCC	8946	1.48028357915557	0.0796499423037194	2893	0.327726346336663	2.87560945817308
CACACCG	1335	1.33465820679808	0.0751061707150338	422	0.376214843874262	2.32514051243987
CACACCT	11301	1.33769014179753	0.0801243247242766	3537	0.450040139486723	3.36315256705862
CACACGA	1580	1.08155888489479	0.0426122216308626	496	0.318827721785908	2.58758830244322
CACACGC	3360	1.49777424282257	0.075370718226606	987	0.316887240072157	2.69967203067764
CACACGG	2195	1.7562329368861	0.0909402076019535	679	0.501660608216176	3.1304135972764
CACACGT	2679	1.37732937531341	0.0782276138846887	798	0.389656331384978	2.40644162168588
CACACTA	5393	1.16153036019909	0.0550451863727452	1750	0.20844939461079	2.58994827958638
CACACTC	9162	1.07356615314167	0.0589708507324489	2871	0.38887462406075	3.41849485439791
CACACTG	11261	1.17067650895964	0.0619245176900506	3776	0.250552239078671	2.86886541140473
CACACTT	9365	1.3112969878762	0.0752988075161939	3542	0.448883045905496	3.21094188376554
CACAGAA	14806	1.09562037172509	0.0447507863714501	4896	0.245555991951124	2.61410605037816
CACAGAC	12783	0.658663394166518	0.0214130323093898	3770	0.200994410057452	2.53554534059532
CACAGAG	18837	0.794233608041325	0.0289080182492429	5981	0.141623738279378	2.28235167081124
CACAGAT	9493	0.691273903307096	0.0263966462574827	3131	0.166468144898708	2.4347641582406
CACAGCA	15560	0.873635090810368	0.0247423906371563	4524	0.437295195046788	3.70746897542692
CACAGCC	10058	1.24958559401305	0.0403663569551634	3015	0.694590628960669	4.78341084301394
CACAGCG	1784	1.42429603212954	0.0521554253147525	543	0.620525154258327	3.90021385379395
CACAGCT	11349	1.04261302664116	0.0351128247740493	3600	0.674743324414806	4.74588332337094
CACAGGA	11631	0.944174513362343	0.0334637169721356	3751	0.303662646344136	3.38676845881934
CACAGGC	10212	1.11569960867405	0.0493468854094418	3102	0.21316736972989	3.36067813782706
CACAGGG	10939	1.254104200583	0.0567571962883115	3492	0.276537612331578	3.74384556884633
CACAGGT	8349	1.13834606309654	0.0554494976920257	2715	0.118050438256466	2.56484914829708
CACAGTA	7167	0.876361136170932	0.0352751558430721	2371	0.299623439343485	3.16462222414432
CACAGTC	8672	0.979738344126363	0.0384795984177689	2737	0.419935883423414	3.72679225719867
CACAGTG	12787	1.14918926088332	0.0532743506327737	4102	0.225231425895914	3.05177893933318
CACAGTT	8407	1.13486418511556	0.0466854379494928	2734	0.483248621887675	4.03362005579653
CACATAA	8935	1.2403206314468	0.0936906491258545	3012	0.139220288267802	2.63028684816393
CACATAC	13011	0.848440761992004	0.0551608594053711	3919	0.206748696226957	2.63889893033365
CACATAG	6440	0.914016184982388	0.043417391959004	2093	0.123784714830769	3.1912141847841
CACATAT	10966	1.38613532795609	0.0999619266289723	3489	0.20903239148469	2.24489205459939
CACATCA	7377	0.90327017097331	0.0438353876282971	2422	0.15973903064947	2.59805209959645
CACATCC	7331	1.11712859256135	0.0613885310611902	2430	0.392265681382198	4.0107301789651
CACATCG	917	1.135887659878	0.0523662451188708	302	0.278953067242131	3.58288228679558
CACATCT	9353	1.07084613395589	0.060178105240631	2988	0.459941785255995	4.08985776615939
CACATGA	9549	1.03092933998084	0.0472512000669235	3146	0.210476240592817	3.21066693717605
CACATGC	11841	1.06623015285062	0.058231092361452	3729	0.262143060246616	3.78351228030023
CACATGG	11018	1.43445172889301	0.0701158732557095	3578	0.406406068495952	3.7982729936455
CACATGT	11148	1.30341489111385	0.0687562111330068	3540	0.329846469524443	3.40164015210064
CACATTA	5998	1.24460589695573	0.0794197396764897	2010	0.217949764962778	3.1033862256564
CACATTC	8196	1.10237066906424	0.0701134762926381	2726	0.434110427738226	4.61264386458681
CACATTG	6168	1.15042472687713	0.069670237559552	2044	0.243799319332589	3.43133916393683
CACATTT	11609	1.55998864905885	0.108563843688268	3886	0.715634069442243	4.48791979838113
CAGAAAA	18446	2.1347365270075	0.154672882439195	6503	0.505358247210274	3.28558974857998
CAGAAAC	11889	1.604269911394	0.0780582017138264	4007	0.581365231574433	3.9860792215031
CAGAAAG	14422	1.45068406167106	0.0603310102131294	4736	0.335045358269054	2.95008315179854
CAGAAAT	15344	1.64820039067151	0.0935433742287648	5081	0.451860708631499	3.12485821584532
CAGAACA	11447	1.17966040904934	0.0417209030409996	3865	0.424505471191653	2.9483309584192
CAGAACC	7248	1.26080264560811	0.0456803776789565	2344	0.475829175561843	3.41266118116835
CAGAACG	1450	1.15514489974401	0.0481597396979231	491	0.378921877292683	2.56887105405072
CAGAACT	10016	1.15650609226554	0.0500892428585405	3258	0.357994602468031	2.6893631354647
CAGAAGA	17983	1.020952405175	0.0332332004856878	5879	0.506620331512485	3.17375267861789
CAGAAGC	11661	1.08748281943899	0.034407405581895	3929	0.494582347619993	3.1999329864154
CAGAAGG	11212	1.02644409052888	0.0313440464306323	3451	0.513462578202888	3.45127596331135
CAGAAGT	10575	1.28167749582626	0.0498575574439909	3572	0.341797325064336	3.01313375218572
CAGAATA	8348	1.29686099606598	0.0600608433317434	2812	0.203804579914311	2.86204593523751
CAGAATC	7007	1.4318116413165	0.0504040698551532	2405	0.338533356273445	3.2132617579503
CAGAATG	9906	1.23476574754932	0.0485627609125492	3330	0.229324250255228	2.83247477491453
CAGAATT	9403	1.30544942409079	0.0663465232948121	3111	0.291586713127721	3.50209153958331
CAGACAA	8933	0.977652146835718	0.0396852460121877	2998	0.31479504921101	2.3990196321351
CAGACAC	13785	0.963302291851993	0.0263797133711656	4490	0.300052447283771	2.54452557834075
CAGACAG	15912	0.692347629550305	0.0204949558138111	4732	0.199093257741443	2.42232853253743
CAGACAT	9826	0.905852643008104	0.0303261355727435	3241	0.297337696518434	2.25799927716747
CAGACCA	7191	0.852629934815105	0.0323694429808965	2317	0.214513713888018	2.01532818475041
CAGACCC	6467	1.38519969722626	0.0575118841827121	2135	0.365710830513148	2.6725774823291
CAGACCG	940	2.03524543444749	0.0691782047793549	288	0.415811174904495	0.787742778587913
CAGACCT	7480	1.18442086404782	0.0476845005781379	2460	0.352127337042807	2.5206350657305
CAGACGA	1112	1.49476818183338	0.0482463043122696	345	0.255191608553821	2.06525756960673
CAGACGC	1233	1.33218330053506	0.0592227423793433	394	0.283245494954658	2.93455859392371
CAGACGG	1329	1.68377976269875	0.0757630945717656	383	0.466244794925394	3.55454500698718
CAGACGT	1348	1.39748714631146	0.0698620262214744	451	0.230058022429801	2.7349002895259
CAGACTA	4650	0.896310922031809	0.0399980265523136	1619	0.131692196034762	1.97221538355709
CAGACTC	7455	1.1237701284961	0.0421887884432444	2439	0.28742130042048	2.03081027879414
CAGACTG	8862	1.13514346327425	0.0482888273746304	2867	0.220046107022054	1.55052227599455
CAGACTT	7711	1.00754155753946	0.0465164747832823	2500	0.2735645206089	2.02661077896078
CAGAGAA	20062	1.08288468980146	0.0442042299593081	6634	0.308619359228116	2.46663032375966
CAGAGAC	15677	0.780320243382282	0.0268431871647497	5473	0.271407128861308	2.52889237783471
CAGAGAG	17700	1.01052361704291	0.038277827069804	5532	0.168448585264464	1.57097902372779
CAGAGAT	12411	0.718583457292317	0.0253480288598959	4110	0.190304481409609	2.04985173664129
CAGAGCA	12736	0.68174978279572	0.0239819693604328	4029	0.340991086333326	3.14264730559873
CAGAGCC	10731	1.16139045512333	0.0405830846079197	3356	0.694112577977693	4.23016254490223
CAGAGCG	1604	2.21306084727774	0.0693005822940226	544	0.411499518537912	1.50643983619238
CAGAGCT	13135	0.832645731794925	0.0325550259543597	4319	0.562707677223427	3.76687681578332
CAGAGGA	15512	0.827264299331726	0.0318803747317143	5008	0.279079481030061	2.27187672123667
CAGAGGC	16080	1.48902997676062	0.0672846098269399	5085	0.236275192162114	1.61443720162913
CAGAGGG	10115	1.22684525289066	0.067631807259751	3201	0.161483366130566	2.3258947029651
CAGAGGT	10836	1.62497211343735	0.0908596980068575	3426	0.219478596646009	1.59869911767983
CAGAGTA	6645	0.78945021884815	0.0307407690256158	2193	0.122204740550577	2.31156382515717
CAGAGTC	8458	1.19451062887819	0.0453707383298884	2781	0.228343422061214	2.10353735637904
CAGAGTG	10914	1.33068869763649	0.0626505045486735	3642	0.182140913197811	1.70731356319289
CAGAGTT	9476	1.02006582945514	0.042126801004049	3055	0.225761303802492	2.22833167470033
CAGATAA	7179	1.26286628450287	0.0602081725619387	2371	0.206183736750166	2.8730702411712
CAGATAC	6339	1.15270423346297	0.0470233069900326	2147	0.314726921661066	2.82102921731138
CAGATAG	5935	0.91236347616706	0.033123404379292	1850	0.180219020290545	2.51362418162847
CAGATAT	8054	1.3788783415066	0.0656837937990701	2750	0.294906969872437	2.42152928848756
CAGATCA	6191	0.880878555335302	0.0293556884077454	2004	0.228025026558947	2.77306043330193
CAGATCC	7289	1.08808724358506	0.0409443866718501	2409	0.483218107998578	3.5704385185874
CAGATCG	819	0.919814229228968	0.0385752877647572	280	0.319930502480451	2.02515779057597
CAGATCT	9102	1.05579492716119	0.0410049277283319	2844	0.399338231884333	3.22219325037364
CAGATGA	9120	0.850504589510286	0.0317302545290142	3009	0.261541973110541	3.04620876456449
CAGATGC	8346	1.22268740257553	0.0478304872901312	2805	0.293786239459507	3.26468221065954
CAGATGG	9655	1.20806249944381	0.0509553084980921	3149	0.360304066726918	3.92387988647939
CAGATGT	9797	1.10184270605655	0.051903904410173	3250	0.238270457237914	2.9897797678312
CAGATTA	4752	1.19830161723485	0.0527068903071263	1621	0.197799662100158	2.83755691580367
CAGATTC	6720	1.0512157836995	0.0454675559390343	2202	0.33930964920272	3.09322637189006
CAGATTG	5114	1.19809926095973	0.0467222636991342	1751	0.195052456795258	2.72567490948274
CAGATTT	9578	1.376004664233	0.0653469254675666	3187	0.497316716641646	3.8236432654658
CATAAAA	13311	2.26361634645999	0.610089017681764	4488	0.412644826214084	4.31812865199793
CATAAAC	5943	2.15170804499056	0.364489490109179	1923	0.341327869603033	4.1223745602965
CATAAAG	6784	2.10040162781723	0.261792594706778	2228	0.33340660082432	4.42112082279939
CATAAAT	9107	2.02978371161445	0.467575769404626	3110	0.356931961279145	4.43365039851829
CATAACA	5685	2.2050912992929	0.280293114042541	1835	0.28647961892767	3.82863721400699
CATAACC	3354	2.46192240082188	0.368018860755191	1054	0.364740447893346	4.01113943972027
CATAACG	619	2.22023546280002	0.398999244026675	167	0.22856320359061	3.58323085917739
CATAACT	5045	1.83505764645438	0.374189118041981	1677	0.404974962449501	4.80784599787192
CATAAGA	5786	2.08427148790633	0.183332217691522	1845	0.40821135111634	3.94609222862755
CATAAGC	3912	1.80536340819564	0.187198627910868	1344	0.3799897931507	4.97736179636751
CATAAGG	3953	2.05206521717507	0.228966973159404	1271	0.471134411733346	3.98682442015514
CATAAGT	4319	1.67537150815075	0.290860472437401	1513	0.282322979582491	4.68493019608478
CATAATA	6207	1.6443689527214	0.38696854576081	2130	0.129554301215427	3.85697933873535
CATAATC	4175	1.92399409073991	0.274931539930532	1426	0.282768806083105	4.86516901924475
CATAATG	5607	1.95102926226792	0.355806582322531	1872	0.148984356323951	4.61628768864968
CATAATT	6802	1.74166444294885	0.436092395061995	2324	0.326426045084982	6.15280450747109
CATACAA	6986	1.61376416762934	0.223035549294478	2283	0.293864758418114	2.44639738862302
CATACAC	12854	1.23717052720886	0.107691806220371	3999	0.290767915647967	2.93497882294233
CATACAG	6817	1.21650241925863	0.0737780201054358	2235	0.257012206496532	2.85381904456766
CATACAT	13361	1.44798492943251	0.158944256720431	4133	0.382459260052101	2.10201664442466
CATACCA	5030	1.39593288779472	0.118111908150373	1595	0.243899777587443	2.36865172976456
CATACCC	4338	1.22891474084903	0.171088571908357	1446	0.372130963951118	3.60150251202226
CATACCG	518	1.43482771229168	0.204671598556981	147	0.463162447179476	2.13228528005722
CATACCT	5495	1.2367800795472	0.174796950767928	1820	0.50611137559552	3.51869574726075
CATACGA	601	1.25431707429794	0.0989988756826621	166	0.287353239262053	2.3638328779069
CATACGC	635	1.26685702477003	0.135695393438583	206	0.354871523987538	2.78989484956427
CATACGG	556	1.235132022572	0.121477849022046	169	0.413022102093614	2.70248451894695
CATACGT	1067	1.40900680714387	0.164684767700498	313	0.242326320648968	2.27137986369442
CATACTA	3733	1.165106854432	0.226067594904458	1266	0.149869529292724	2.48012830299764
CATACTC	4128	1.26460584410239	0.231258785081401	1428	0.312018950613885	3.41648129415254
CATACTG	4944	1.13323164628698	0.219252496234623	1575	0.239691279389156	3.07370629838431
CATACTT	5808	1.20962385106329	0.301863240731606	1975	0.446340766514	3.51952907425851
CATAGAA	7990	1.46187117767578	0.116101876225377	2612	0.311558856134372	3.27948267606618
CATAGAC	5030	1.18165769136906	0.0727110720349813	1521	0.202726056836102	2.64122339937568
CATAGAG	6053	0.906240629149873	0.0433097293488334	1945	0.157108697596968	2.52936963982817
CATAGAT	6194	1.17458442492899	0.0773413517341265	2168	0.217700755058263	2.89640279430131
CATAGCA	7177	1.01722058080127	0.0421160383667823	2430	0.566566655944353	4.06270746673068
CATAGCC	4793	1.32063540282148	0.0671023966524144	1555	0.846264821649398	5.09923786010439
CATAGCG	663	1.1895075591813	0.0910948911434524	190	0.642081540255648	3.0900941430659
CATAGCT	5974	1.11573528891083	0.0595676952034148	1889	0.915310414353581	4.91313291043952
CATAGGA	5371	1.08159314765721	0.0468937582164721	1725	0.345789841620558	3.10890109432294
CATAGGC	3871	1.08163883809464	0.0631203872036498	1221	0.264816125041329	3.07376717707085
CATAGGG	3564	0.934550015299474	0.0556768164138029	1091	0.299005029077117	3.3009134380805
CATAGGT	4317	1.15173877959149	0.0840824326333483	1454	0.158591236728635	2.88772234052802
CATAGTA	5090	1.30046401935358	0.126879614694726	1688	0.233703426304324	3.24163275876863
CATAGTC	4550	1.20087286742558	0.10763511675505	1496	0.374699873613031	3.60315345408826
CATAGTG	6166	0.973626825519202	0.0944152241013099	2015	0.177142712348804	3.22858199416083
CATAGTT	4947	1.16292231042418	0.156577799941765	1623	0.443079270493773	4.48785913604487
CATATAA	8817	1.35091852379254	0.321114229919903	3008	0.194028904364237	3.33066016730059
CATATAC	8198	1.6295850170499	0.261299853320416	2665	0.32726687682585	2.5916790720138
CATATAG	4248	1.26192952613338	0.146204079163422	1359	0.171932439227701	3.17450988570861
CATATAT	12986	1.31302729922565	0.254341406206071	4322	0.249624135821033	2.18212627112345
CATATCA	5911	1.29709893840257	0.181113828054304	1903	0.232538163994798	3.46156296515322
CATATCC	4787	1.30457602670442	0.265707530669065	1635	0.42548981484215	4.43400012063489
CATATCG	509	1.3791012637337	0.288569930760888	130	0.30936430582852	2.48002721353565
CATATCT	6645	1.2998962182033	0.244866698137505	2318	0.702193647776656	5.06366853382308
CATATGA	5551	1.49395495412915	0.145307191384141	1823	0.224391887044976	3.18905056483566
CATATGC	7046	1.30005732783938	0.15300585069704	2342	0.294852914364342	4.00222542914907
CATATGG	4803	1.29009560061246	0.149943787402097	1541	0.526432399249616	3.96472211242566
CATATGT	9399	1.32276844033596	0.159605319392661	3277	0.419604472790219	4.41322514763042
CATATTA	5640	1.32703662740203	0.34708986609195	1990	0.194344080434777	3.88806761083574
CATATTC	5990	1.43341106262788	0.376851575878032	2583	0.398508808959033	4.43265020627701
CATATTG	5572	1.24576749119507	0.329518911320034	1917	0.277462480016568	3.95653214041536
CATATTT	10888	1.62624843132858	0.479294601382572	4226	0.783295821975052	5.00253672182352
CCAAAAA	10360	2.22163297637223	0.381463641470649	3661	0.685538826198066	4.41502764835893
CCAAAAC	7808	2.11204995942518	0.195767822996412	2464	0.620063626314488	4.51842336688228
CCAAAAG	8723	1.91220209103291	0.1244191565811	3090	0.515069616075959	3.97775371142111
CCAAAAT	8500	2.01589999589154	0.245044977534636	2837	0.481213892747662	4.62619276257329
CCAAACA	9565	1.52041091688658	0.0983363302741113	3268	0.378582048006942	3.35202455535696
CCAAACC	7439	1.68726120044548	0.119579433169837	2523	0.639113437506952	5.02648771435264
CCAAACG	1524	1.41946026186608	0.13847311705652	503	0.337229678403062	3.01380564425044
CCAAACT	7619	1.5579590722585	0.136694751303922	2479	0.556550037120177	4.74345087458432
CCAAAGA	9386	1.96571640172877	0.11263667989656	3217	0.639107743997721	3.52142393028887
CCAAAGC	7362	1.85809729319508	0.100136133715464	2393	0.662940770613786	3.82795375960677
CCAAAGG	8261	1.6690459372555	0.089313735506173	2745	0.877881291056357	4.40983586111647
CCAAAGT	7958	2.10293374810138	0.162001538455781	2715	0.474737137884639	4.01007794802105
CCAAATA	7580	1.68044301827179	0.205455748641005	2649	0.211880543807932	3.15576197432893
CCAAATC	5110	1.85195610293672	0.165088306767037	1757	0.473103026173799	4.36800025431408
CCAAATG	7880	1.82963125837672	0.174380450572233	2668	0.265308371325673	3.40249326985245
CCAAATT	6627	1.82214053179056	0.241018848096359	2136	0.438859727996026	4.6337605692872
CCAACAA	7884	1.51576437470411	0.0899506520984404	2818	0.31361254685937	2.40656491917156
CCAACAC	6899	1.14374998972625	0.0495397843049701	2185	0.405020257988508	2.85887882946029
CCAACAG	7098	0.943860317626939	0.0389947947579672	2411	0.226729013057164	2.51925376868394
CCAACAT	6719	1.19338547284386	0.0596181719356978	2322	0.415951175491406	2.61123716347022
CCAACCA	7758	1.08251022307713	0.059110193450818	2719	0.225955541257735	1.7381970390735
CCAACCC	5937	1.5713205891166	0.0771762133461475	1944	0.39622694755579	2.63037854316054
CCAACCG	835	1.56225749644576	0.0882670833353664	250	0.418011134999762	0.944073923805022
CCAACCT	5722	1.30685046705368	0.0717212427301679	1777	0.416216737582945	2.52561211371647
CCAACGA	780	2.69390559587357	0.108405717863387	264	0.394969967886179	2.2772008424266
CCAACGC	752	1.77086005335049	0.0951254012828912	253	0.537902271828851	3.76877358475203
CCAACGG	697	2.09122349912021	0.1208028300092	221	0.596183713291711	3.02385275176778
CCAACGT	991	1.58996168914389	0.100198711973401	275	0.319458283003444	2.10925263745471
CCAACTA	3812	1.17833014542118	0.0793224055099559	1338	0.190919013901174	1.91690074415012
CCAACTC	6518	1.26585161904997	0.0784096268707797	2177	0.430708132161186	2.340366646489
CCAACTG	6124	1.30191291204721	0.0819128226733445	1996	0.278011616716152	1.64967844696904
CCAACTT	6014	1.24571232544651	0.0945637447527826	2005	0.400337178071145	2.22884524364399
CCAAGAA	10314	1.41541367103113	0.0678632516041498	3542	0.319708339529459	2.67714565918884
CCAAGAC	6438	0.996350677397257	0.0363984462023146	2124	0.354585903155107	2.69454163925063
CCAAGAG	8312	0.914870701936707	0.0349101155020217	2772	0.258869299515571	2.26928399487746
CCAAGAT	7040	0.998725610786015	0.0360554814328399	2388	0.327282402949919	2.46511816411616
CCAAGCA	7855	1.29115092008813	0.0427329321423793	2571	0.372720347250236	3.15562960703761
CCAAGCC	6786	1.6099307346826	0.0601924263737607	2158	0.851738958868315	4.49553603898823
CCAAGCG	851	1.70948109951788	0.0754167174902688	270	0.454020695978115	1.90543274607348
CCAAGCT	6979	1.59837662067252	0.0565881795182735	2171	0.825362630227317	3.91697403730656
CCAAGGA	9541	1.20451261088533	0.0414225005153013	3198	0.27553471475206	2.58075571140459
CCAAGGC	7616	1.36118428489772	0.0550609409048637	2391	0.247317872164879	1.83494069760216
CCAAGGG	6656	1.27703785318586	0.0576273529113664	2130	0.234093268403411	2.83831749063505
CCAAGGT	6551	1.31068751177324	0.0632227484078187	2104	0.178933065290109	1.44358618317487
CCAAGTA	5210	1.2506842451797	0.0612417719472317	1704	0.259075885014383	2.63908207845613
CCAAGTC	5908	1.71361514932162	0.0786583292959061	1857	0.412440200650835	2.71790555962572
CCAAGTG	8874	1.69244328796224	0.0989480695148315	2820	0.290695171594138	2.26447471891298
CCAAGTT	6475	1.38366849158754	0.0753239157447381	2148	0.462001471499672	3.24255272134801
CCAATAA	5490	1.4603101409327	0.122696411269278	1799	0.133720541260249	2.3712802907339
CCAATAC	3327	1.03247460048677	0.067407336452155	1152	0.227537168628762	3.44755136166564
CCAATAG	3873	0.954196024657665	0.0455233235210583	1345	0.147642683490276	3.05929201114585
CCAATAT	4464	1.56348291314147	0.104057869456173	1559	0.249568302357614	2.63958928267888
CCAATCA	5527	1.1277319507372	0.0517961762646308	1852	0.169775402694443	2.23169711124635
CCAATCC	4188	1.06558091429915	0.0592861099669955	1420	0.415993986062548	3.99345735709119
CCAATCG	618	1.83042824806377	0.0778595107922192	205	0.240263946809286	1.51099326548951
CCAATCT	4900	1.14342481809323	0.0655505805784068	1604	0.508817206359878	4.19163063994477
CCAATGA	5451	1.57169647094028	0.0823031508992722	1853	0.274656757818851	3.05369620917598
CCAATGC	4577	1.36667728306962	0.0794014614032986	1559	0.479637962879049	3.6607225842698
CCAATGG	6337	1.52312649850998	0.0776731292269822	2303	0.548196720419133	3.94074401575869
CCAATGT	4904	1.55455369407628	0.0894272388368981	1630	0.397153516769084	2.98867017802836
CCAATTA	4511	1.58191742979057	0.134419512646485	1524	0.205161904389591	3.30332788373053
CCAATTC	4581	1.2323851728538	0.10572416561238	1579	0.397852270543498	3.83273215120046
CCAATTG	3002	1.41351696845908	0.0972939153182013	1038	0.340216162382433	3.60871957909699
CCAATTT	6656	1.51405699535536	0.173727487700976	2404	0.705270801587711	4.15477060339634
CCCAAAA	8539	1.89033716091689	0.158769935661225	2986	0.586657582038645	3.96879806193274
CCCAAAC	7123	1.39568975476965	0.0935987432282552	2324	0.633324054539754	5.50490866388427
CCCAAAG	9076	1.64514912852323	0.083423139554328	3010	0.468294112562066	4.17538521537701
CCCAAAT	7179	1.70320186886286	0.131994511289357	2431	0.478606483477562	4.0354621018732
CCCAACA	7918	1.34273143692832	0.0688976017193887	2616	0.447004185732573	3.29924202297315
CCCAACC	5762	1.45552491997667	0.0804290363741525	1945	0.676353614445724	4.26470190702755
CCCAACG	782	1.50225303530279	0.0856737386375566	251	0.463955620306173	3.99357014799428
CCCAACT	6246	1.31714129644772	0.0842821152667047	2098	0.518569965493938	3.89408103148328
CCCAAGA	8758	1.30979352965495	0.0556043647358821	2923	0.598531999073056	3.9482999343538
CCCAAGC	6047	1.83830488904567	0.0767425800940028	1956	0.604690021250547	4.41429027812312
CCCAAGG	8383	1.5505930338497	0.0609832040704685	2648	0.640177350258164	3.76079157818852
CCCAAGT	8550	1.82534372997118	0.113214059964741	2761	0.451827541965039	4.08748700875789
CCCAATA	4035	1.15528232033784	0.0745310019647049	1373	0.274305006588218	3.38373339519042
CCCAATC	4116	1.25087497558554	0.0674411924519927	1359	0.495337939836663	4.23711892819488
CCCAATG	5192	1.32174015655722	0.0843088637095062	1845	0.216188674395395	3.33559520297193
CCCAATT	4709	1.62142948177504	0.116467547293856	1651	0.475637601097638	4.83414663126917
CCCACAA	7424	1.41907370433944	0.0662474635903755	2393	0.309777046408426	2.1790020757824
CCCACAC	9515	1.15099931777534	0.0502434544638707	2990	0.393548414270852	2.7672933034031
CCCACAG	11606	1.13334808011936	0.0444393214442515	3459	0.278275852377959	2.71788044427882
CCCACAT	8089	1.26492563332413	0.0572262238892003	2592	0.430416095740702	2.69144498706997
CCCACCA	8431	1.52656909989313	0.0856182467124184	2885	0.279382068498347	2.57101744124249
CCCACCC	14852	1.69792754219594	0.145156531103535	4738	0.453767568284066	3.17960816242576
CCCACCG	1427	2.07866486568941	0.161427938639759	417	0.312468338910863	1.28602789280892
CCCACCT	9050	1.79637772264493	0.160169962343036	2837	0.48752917885297	3.12402718595448
CCCACGA	1200	1.21782514515747	0.0627621152085646	369	0.4380356547109	2.81653411771402
CCCACGC	1404	1.91527490125386	0.139953786464603	411	0.451512563705659	3.008653203646
CCCACGG	1909	1.92819904863756	0.150781200811697	594	0.497732496319184	2.99942329992803
CCCACGT	1672	1.84776552115199	0.131069528674568	565	0.342336456018934	2.17785924310709
CCCACTA	4299	1.09852986419435	0.0762258413189838	1502	0.249082888797539	2.14886805666682
CCCACTC	8541	1.64124697235624	0.114614219630454	2943	0.620210452519026	3.00787117157121
CCCACTG	8902	1.52172904614543	0.113484160476445	2824	0.333547000191646	2.29204631110946
CCCACTT	7963	1.72555781946661	0.138939004670322	2694	0.606664985576445	3.14873728988518
CCCAGAA	12499	1.34055204064954	0.0504888244010718	3983	0.282464672331662	2.48267840905002
CCCAGAC	6760	1.01997648632424	0.0344367779744894	2157	0.26204635143874	2.73393482570443
CCCAGAG	12608	1.04175889809501	0.0428761526801975	4000	0.192023722594218	2.41272249460645
CCCAGAT	8007	1.00127152493145	0.0373240732962396	2680	0.266352827800584	2.79299354885871
CCCAGCA	17358	1.14131789086196	0.0430735230245814	5520	0.380341078223226	3.38325303452199
CCCAGCC	11154	1.78472286401994	0.0783326233319484	3347	0.735755868762896	4.23169486438539
CCCAGCG	1703	2.1399438125497	0.0999900758041855	437	0.478133447031583	2.29141867901068
CCCAGCT	10884	1.57574120993726	0.0654944140314394	3331	0.746716980786929	4.39763496931949
CCCAGGA	12629	1.37142087327407	0.0602312338719669	4120	0.258776107127662	2.74468292086371
CCCAGGC	9913	1.44644031677998	0.0916256458809502	3010	0.196935672076543	2.49683277105373
CCCAGGG	10961	1.61872795805232	0.11243882661603	3345	0.212723566896592	3.15545365872888
CCCAGGT	8621	1.56279170881864	0.132703313578779	2647	0.119098915356095	1.99332710769276
CCCAGTA	6100	1.12702150384353	0.0545001053760935	1985	0.292331172916002	2.86088163999384
CCCAGTC	6201	1.65880810569908	0.0872069319049003	1938	0.482380127135999	3.26837077936615
CCCAGTG	9811	1.69914951960281	0.116807688251849	3174	0.249487167343655	2.45916112140099
CCCAGTT	6609	1.65166880593903	0.0893972915029938	2144	0.540560967673351	3.89682104707432
CCCATAA	5214	1.41675575541457	0.101765950842183	1739	0.247566506457611	3.57137171530039
CCCATAC	4357	1.25814899096033	0.0885851719046561	1465	0.387495153398389	3.27150106566202
CCCATAG	4849	1.11009364113865	0.0526425537624834	1539	0.19328517515703	2.91562770116489
CCCATAT	4927	1.63224578437347	0.13845763867573	1719	0.415423775106312	3.3324348531356
CCCATCA	6494	1.11501520382679	0.0581741632097544	2084	0.271410194829644	3.04053913230655
CCCATCC	7385	1.46058652015394	0.0863980437862154	2415	0.624081356255639	4.24133090451643
CCCATCG	963	2.27326822943062	0.0998422147887597	302	0.364815175787533	1.73358456161934
CCCATCT	8130	1.51901777228269	0.0882777699697529	2746	0.736834334068699	4.00376506579107
CCCATGA	5899	1.46523049839684	0.0722997947041385	2048	0.277510484495017	3.5292271797146
CCCATGC	5987	1.46322718355342	0.0918600855191139	1915	0.491800334966722	3.95674795995621
CCCATGG	7510	1.5780153276276	0.104807018829077	2493	0.433540970745654	3.82793814238954
CCCATGT	6840	1.68002041896727	0.11060843177959	2216	0.450901555396885	3.27916120328038
CCCATTA	4715	1.50019253767635	0.0932614967077143	1595	0.332104821632269	3.66303521722427
CCCATTC	6264	1.59448465830267	0.114898995355851	1971	0.677099449944599	4.61005720109567
CCCATTG	5659	1.4590788488228	0.0958288229424744	1978	0.36767190419434	3.56185988801485
CCCATTT	8472	1.81838885022259	0.145358435061958	2972	0.947696127054332	4.49802165246979
CCGAAAA	930	1.50663956669828	0.188139080361503	374	0.486302640014142	2.61040581434481
CCGAAAC	676	2.02090363174909	0.133684409022421	231	0.507095586011805	2.96992969944174
CCGAAAG	995	1.4608359317577	0.0852624196872954	346	0.518925068321328	2.79381776783218
CCGAAAT	675	1.80168696022893	0.151839175516159	204	0.450243901037691	2.50038196014845
CCGAACA	685	1.16073307450697	0.0927534262907823	244	0.578275282101232	1.96521570273638
CCGAACC	632	1.85471162706946	0.103520308448405	206	0.659478633776694	2.59493256080037
CCGAACT	694	1.61441779615296	0.110854451931801	204	0.562933114277219	2.7531369280231
CCGAAGA	1059	1.87714001193076	0.0937523143894035	318	0.606734057667247	2.53561452308634
CCGAAGC	1191	2.54227568514353	0.108587709813565	342	0.640294913195437	2.37177290724284
CCGAAGG	1336	1.64227287354254	0.0877489767987324	422	0.522822723138836	1.90711981799585
CCGAAGT	871	1.63014559041278	0.125833796622716	267	0.344526359892301	1.4653392014464
CCGAATA	625	1.33168757902263	0.141265396288426	204	0.280416843814828	1.66517758309969
CCGAATC	831	1.23001976592047	0.0922411491728852	263	0.503442551619241	1.85149405972757
CCGAATG	1052	2.02036408557466	0.169224130886973	347	0.446670087574788	1.58349682482735
CCGAATT	606	1.6238689412104	0.168630299680131	224	0.365475529589875	2.479929231635
CCGACAA	607	1.40252529529306	0.0942876981183567	166	0.272233330732816	1.8551715281899
CCGACAC	891	1.10572445201025	0.0659672452670594	278	0.379980825708809	2.78140278477103
CCGACAG	903	1.63044359103296	0.064679511551541	268	0.229345123689558	2.4516755350416
CCGACAT	649	0.888376663313439	0.0650555176180276	189	0.280767399624413	1.58923739952592
CCGACCA	690	1.48154780474482	0.102126554737688	235	0.232410264410479	1.53855889416259
CCGACCC	870	1.65536349629469	0.15964441930002	254	0.408129350007299	1.95397148264732
CCGACCT	861	2.00571586804462	0.174713512170976	257	0.319568602103323	1.49457846805344
CCGACTA	983	1.32420253865773	0.205992736886317	380	0.158862569491778	1.73375279517176
CCGACTC	973	1.67186716164482	0.169985861293245	320	0.263809952126751	1.4486552838656
CCGACTG	1363	2.17285296952393	0.224330623709951	425	0.316064623507086	0.936907904733793
CCGACTT	857	1.5524804262939	0.192164452157704	308	0.315376916331133	1.41136699720801
CCGAGAA	1433	1.50505071572113	0.0825276962568134	394	0.373851536625183	2.62409419323349
CCGAGAC	1101	1.3900997394449	0.0641701975713527	325	0.318379494908929	3.19803813105986
CCGAGAG	1607	1.68639157833593	0.0902412276205328	474	0.228121355254421	1.61870506046379
CCGAGAT	1090	1.19072179129952	0.0596884474639079	311	0.196013431187268	1.7889529052927
CCGAGCA	1285	1.2916176765416	0.0735473529780587	396	0.267150123690019	2.11877278523425
CCGAGCC	1400	1.33427546315944	0.0785426758087962	389	0.575933005668267	3.23165594981661
CCGAGCG	350	2.47879095119982	0.174523537250944	101	0.463899160557549	1.38697294736252
CCGAGCT	1295	1.73274203660894	0.0895565889126145	414	0.493959142016583	3.00783120631021
CCGAGGA	1765	1.51117695464783	0.0914438009246454	548	0.316177136697013	2.26768434659606
CCGAGGC	1677	2.14932200555873	0.203017138582547	486	0.384513716845871	1.51565741874072
CCGAGGG	1520	1.7316666157943	0.230621272943448	474	0.204152674720996	1.69435689812987
CCGAGGT	1223	2.58810758532102	0.32796607958642	379	0.341678085363775	1.46871290141147
CCGAGTA	743	1.22270200347914	0.112807927684656	237	0.140049963597076	1.39220346555481
CCGAGTC	1267	1.45107353771662	0.154015331752161	382	0.210874648698979	1.46229806088078
CCGAGTG	1867	1.85794870330314	0.32868980655236	575	0.241592527068225	1.52962074041074
CCGAGTT	1418	1.49520621468291	0.16265902814408	443	0.23353590231665	1.78967479322032
CCGATAA	402	1.34837475301801	0.121473272897329	138	0.24353693192265	2.84464423497017
CCGATAC	396	1.10431442197741	0.0767401185534737	109	0.38091093403302	3.20570580403258
CCGATAG	401	2.00536644379908	0.098259082760411	129	0.197865136533445	2.27631065630279
CCGATAT	505	1.31343538405048	0.11921180488028	161	0.21201542038108	1.70409631439068
CCGATCA	457	1.29967964267029	0.0716727124539018	154	0.310341574843802	2.44216826692044
CCGATCC	585	1.3982538097899	0.0854128761542997	168	0.378723971597816	2.68872622999896
CCGATCT	638	1.9762775956038	0.128514649439759	205	0.362228306137176	2.4265550146402
CCGATGA	775	1.52017074276288	0.0915315289652022	247	0.353269725660395	5.24240945594233
CCGATGC	904	2.34630449828513	0.16238097171359	265	0.342182340816431	2.16753710358453
CCGATGG	900	1.62807591998011	0.136651482592434	307	0.483120501153795	3.5399147209991
CCGATGT	804	2.13241524268804	0.213601706441886	285	0.245985726539881	2.09881680917344
CCGATTA	439	1.74579085836194	0.144946309720361	153	0.223669210254726	1.88810025515617
CCGATTC	630	1.23911219094688	0.116290858756651	197	0.473094383935703	3.68535371552318
CCGATTG	520	1.36997876639481	0.136838275375291	164	0.227596172454171	1.58333867153634
CCGATTT	811	1.49764575948053	0.160030036078051	257	0.406220624669313	2.11237404509872
CCTAAAA	7548	1.56359663892556	0.438408482668792	2551	0.53444284881708	4.08364346152981
CCTAAAC	4555	1.70612273674554	0.333046396306615	1554	0.417453154315691	4.67516681969531
CCTAAAG	5823	1.71946318859142	0.209035580263306	2308	0.448975976260913	5.20326354863218
CCTAAAT	5226	1.54853718133368	0.351845064815026	1824	0.477277207098191	5.16272148176938
CCTAACA	4863	1.70512207921225	0.244050523642657	1559	0.354683959377325	3.45431645563547
CCTAACC	3962	1.64234573023675	0.343824745335557	1469	0.788775712539259	5.82726420182148
CCTAACG	599	1.37277092474035	0.402918323447188	171	0.424772196825291	4.62405421865772
CCTAACT	5023	1.38954208297967	0.346794594988789	1684	0.530618783388076	4.58515623604015
CCTAAGA	6271	2.35627170281141	0.216400827017633	1987	0.551359159795684	4.30948465682864
CCTAAGC	3901	1.77207511033986	0.207339263359527	1212	0.490860628633137	4.9316843295233
CCTAAGG	4443	1.7322710315319	0.211245271486984	1375	0.620691593880911	4.39770540739574
CCTAAGT	4770	1.40477438260586	0.296185116771343	1530	0.381796816203048	4.86584949640564
CCTAATA	4035	1.14142752697982	0.33878190110944	1428	0.1833792322779	3.37478425517557
CCTAATC	2827	1.53471771374219	0.321588031191526	920	0.4436766647221	4.7899569161328
CCTAATG	4097	1.42770906692439	0.358175798505087	1442	0.200586897304415	4.12067914767351
CCTAATT	4944	1.35870163796714	0.410380062884751	1680	0.435639965131347	4.96261793888622
CCTACAA	4553	1.22649365969181	0.107503855269792	1539	0.347935715614433	2.68051052770289
CCTACAC	4417	1.12678718285576	0.077560605977837	1414	0.402641654344122	3.10986811456748
CCTACAG	6446	1.05663008199233	0.0505353704455444	2473	0.241542936389817	2.97930766680447
CCTACAT	5070	1.2364857275434	0.0908526025545254	1629	0.473479480383521	3.07523605645489
CCTACCA	4428	1.70914802152508	0.110545146357785	1455	0.322357880633718	2.48897116124049
CCTACCC	5388	1.27430620649411	0.136330861353842	1757	0.48446378022652	3.03961573323932
CCTACCG	606	1.32361118459536	0.141014186631968	181	0.352880072971563	1.23244580071569
CCTACCT	6440	1.20336891057903	0.141754230472575	1998	0.636641080295824	3.1126165490129
CCTACGA	525	1.20550944321693	0.0895923266785991	164	0.401821656451891	2.22468938581437
CCTACGC	524	1.23179907395197	0.103730972329808	166	0.53294994905034	3.28245453795156
CCTACGG	787	1.65359998053048	0.149669817994212	247	0.619896005942087	3.08670108604184
CCTACGT	761	1.29178522521896	0.13554088492565	262	0.502638913899245	3.32773059505379
CCTACTA	2903	0.908999626172792	0.134921198381607	1002	0.190075765339387	2.11406235610089
CCTACTC	4108	0.969402112382024	0.13289780282901	1393	0.498134436962996	3.17911496109114
CCTACTG	4684	0.951282352515062	0.134428087666143	1426	0.285877024096844	2.49701204309329
CCTACTT	5265	0.921188470026864	0.169774086957602	1759	0.527551077297364	3.06368332827353
CCTAGAA	7596	1.1439443108199	0.0654450279818149	2440	0.383565301206728	3.13113704807403
CCTAGAC	3672	1.31777936127227	0.0508894509161492	1171	0.312246428523584	3.44152263456135
CCTAGAG	5499	0.902980524920291	0.0385314280394122	1783	0.197290263678002	2.31492159469662
CCTAGAT	4091	0.977329328392939	0.0450659053134999	1284	0.346502765158963	3.34868734997622
CCTAGCA	6590	1.16800560713492	0.0500838042150737	2096	0.48152388865593	3.25955919485276
CCTAGCC	4433	1.22507729110611	0.0633604585957655	1375	0.997422280539198	4.54617493970613
CCTAGCG	551	1.33972908834969	0.0794207162961842	166	0.865368333466788	3.45928536195329
CCTAGCT	5266	1.29944141705521	0.0567702155744919	1663	1.13766660971432	4.18731682086939
CCTAGGA	6312	1.12924386185933	0.0544433008708949	2227	0.436849002128983	3.67354459265834
CCTAGGC	4322	1.22346734698248	0.0737569821952375	1452	0.292747257008976	3.21744349466666
CCTAGGG	4332	1.2727910290895	0.0920248183970008	1363	0.32890627733895	3.04414243942937
CCTAGGT	4314	1.5896870952965	0.123342558889274	1543	0.219778852039563	2.92584155437542
CCTAGTA	2874	0.940006457194911	0.0789547284268787	988	0.314433497193721	3.23106316270613
CCTAGTC	4092	0.955654837269594	0.0802641621074024	1365	0.444803315055785	3.2261989266063
CCTAGTG	4050	1.03176845269383	0.0961320903105095	1319	0.218861913597961	2.69117290332401
CCTAGTT	4201	0.856486518244515	0.0942368506842604	1426	0.590311015840633	4.26770152273594
CCTATAA	4487	1.06704973301759	0.181792071704023	1524	0.167984401369657	2.80096648258983
CCTATAC	3054	0.848929009538304	0.165454369930619	1017	0.27603491351934	4.07580242477466
CCTATAG	5001	0.951644519293082	0.084275468745452	1658	0.147946474169772	3.13008370192771
CCTATAT	3880	0.988944956191115	0.172087038208211	1275	0.278260856742437	3.39943365413913
CCTATCA	4309	0.957201723102666	0.0837515648697965	1430	0.226700605749109	3.7644772985303
CCTATCC	3749	0.8722245182602	0.133390008282142	1230	0.607838018148018	4.7742756484422
CCTATCG	413	0.873052186515266	0.143579180239724	133	0.585838363553396	3.88399348009165
CCTATCT	5606	0.923499817541719	0.117090072814821	1920	0.611451191387047	4.03684888270602
CCTATGA	4409	1.40824855773326	0.092753400428158	1354	0.272806483297682	3.14911124365375
CCTATGC	3340	1.21284836592445	0.112956381247653	1039	0.449684607729928	3.52905635103653
CCTATGG	4611	1.36212341360222	0.132452528497582	1508	0.6111847757654	4.58084630236771
CCTATGT	4712	1.26660748277425	0.130167182183231	1541	0.537388991679716	3.94848264465794
CCTATTA	3626	0.963353886054427	0.207820432601018	1263	0.225883651020325	3.58484443419006
CCTATTC	3909	0.819096084725763	0.182896143518241	1390	0.47741673854668	4.44611417030435
CCTATTG	3227	0.838871739653705	0.162496663997452	1074	0.363764929410994	4.06520437144705
CCTATTT	5812	1.0222503504237	0.26693774868302	1948	0.944021431676623	5.01949811077165
CGAAAAA	1686	1.94107762066389	0.365631350308051	601	0.739200246989855	3.58918144701677
CGAAAAC	810	2.04634991999808	0.225588739537563	315	0.590306965199183	3.86183984303708
CGAAAAG	926	2.13515063799762	0.179610361358298	314	0.367583134237046	3.51772951040605
CGAAAAT	1011	1.53524341125372	0.224055423735367	366	0.361590545349799	3.60836348993199
CGAAACA	1055	1.94769295319589	0.122165973886071	332	0.332675898743458	2.78043062324983
CGAAACC	688	1.71830020977613	0.129989341084376	218	0.656201060169264	4.98044181591605
CGAAACT	703	1.71028668577681	0.142633283677277	229	0.597766660343791	5.91770655635127
CGAAAGA	1005	1.68259372329551	0.106310027593343	314	0.506514900123386	2.47741281929898
CGAAAGC	902	1.59144327688792	0.0876439434354087	296	0.541025140142749	3.52127381144831
CGAAAGG	1402	1.36072999575267	0.0757794430370837	450	0.636522142189797	2.90723152010793
CGAAAGT	717	1.9060027672251	0.170034106647511	261	0.482149480988629	4.47901163731987
CGAAATA	649	1.25903029906944	0.167808873180929	227	0.196887926270777	2.48545908379777
CGAAATC	679	1.74195174952751	0.16451717777485	575	0.145122353669476	2.91468004698179
CGAAATG	925	1.88118923113115	0.158511818248336	299	0.173570361481237	2.95470130068494
CGAAATT	630	1.52402526462726	0.22415961929226	207	0.254564569766997	2.92289054296241
CGAACAA	776	1.63567444995255	0.128094692877	246	0.295641515764679	1.8325313249276
CGAACAC	823	1.41310836183322	0.0586246947000072	299	0.35709713080764	2.15911779881953
CGAACAG	736	0.824846973393358	0.0458973620468788	260	0.219399559360818	1.96067578154476
CGAACAT	679	1.18551590811396	0.0591492337319238	222	0.329941192595919	1.94238283280535
CGAACCA	643	1.16474503286013	0.0675838924810298	238	0.193278450518491	1.94840917941524
CGAACCC	766	1.74093335186953	0.0925108822972591	230	0.440698590837782	4.1212446279612
CGAACCT	641	1.40830290031347	0.0810976109608786	202	0.334909655316248	1.7183029227174
CGAACTA	408	2.07620487725245	0.107229699581311	143	0.184588059048111	1.81553023772065
CGAACTC	2288	1.44266513416158	0.0845632638427323	772	0.307819743149212	1.43750477710742
CGAACTG	625	1.22588193154378	0.0692661376770149	205	0.247190818069726	1.83441607093849
CGAACTT	733	1.33292724313985	0.0926989809267833	252	0.34424498518124	2.04254984355885
CGAAGAA	1234	1.85490616214728	0.0914802345821523	404	0.391258070250856	3.0809810457286
CGAAGAC	1014	1.10663946660976	0.0415377377901551	323	0.398131446241765	2.5828703219331
CGAAGAG	1094	1.23353298943859	0.0457869020374268	371	0.231477514838167	1.99078150156431
CGAAGAT	982	1.3307334476573	0.0426082721143021	376	0.412020352371567	2.7364281085404
CGAAGCA	1147	1.19386062049143	0.0446485351283696	387	0.386554998882743	1.50979443658698
CGAAGCC	1136	4.23684064442094	0.120856508538719	304	0.754893761435834	2.48624339458217
CGAAGCT	1152	1.56991397754672	0.0643683766167033	386	0.941016965119824	3.45826071975885
CGAAGGA	1210	1.15002575051763	0.0480974361647581	390	0.334104991033737	1.90695398338988
CGAAGGC	1037	1.60073416764871	0.0676800283130115	305	0.283022961601493	1.59417996414133
CGAAGGG	880	1.27786730832696	0.0637394212847764	303	0.305344208319892	2.16093782957852
CGAAGGT	1032	1.36480696860991	0.0792072910771525	321	0.153021450084685	1.26400477057782
CGAAGTA	604	1.348327251809	0.0791841177070793	179	0.317871176368665	0.945288758238083
CGAAGTC	734	1.79235032332738	0.0899613638154938	237	0.41682912122395	1.72383927583881
CGAAGTG	894	2.3178443909515	0.129762838721869	285	0.360823716254744	1.56441383954064
CGAAGTT	795	1.79854885589268	0.0936133099853885	256	0.511884057090973	2.6410138344047
CGAATAA	815	1.45813811804792	0.161536627399558	291	0.112877300876542	2.04131954966755
CGAATAC	519	1.54423181377963	0.105856578224719	167	0.226864200038414	2.10656495430834
CGAATAG	432	0.915466609506187	0.0578206112596917	145	0.165250270442996	2.69513212118397
CGAATAT	618	1.23925066877267	0.102647472338486	207	0.211721468175739	1.4675995977678
CGAATCA	654	1.23448991541956	0.0719285491089942	208	0.264687006492573	1.75191819049076
CGAATCC	1025	0.935674407836613	0.054371399007335	316	0.317702138470711	2.60467345920131
CGAATCT	777	1.26653261712033	0.0755080014409835	245	0.471466002523353	3.23269880748099
CGAATGA	882	2.2030643411693	0.133136066586964	272	0.301588543494029	1.21456288676922
CGAATGC	742	2.04310581198682	0.116079873995824	229	0.474120631174653	2.38499039922013
CGAATGG	1036	1.31943453182303	0.0814519885185162	365	0.41419051337129	2.0604385712806
CGAATGT	888	1.79871464598873	0.114210181879213	319	0.356556866392684	2.41393408861133
CGAATTA	617	1.21664167950853	0.110331898279822	220	0.242005671629191	3.28536478027455
CGAATTC	685	1.15486748902328	0.100319783397673	254	0.390474356022069	3.3411841574963
CGAATTG	688	1.01224313142522	0.0920608622051874	237	0.255693049289231	2.5187697400296
CGAATTT	843	1.46835434259621	0.151737193083307	302	0.635877059617545	3.74137583265844
CGCAAAA	611	1.49738539117006	0.142328085858315	201	0.634981181820906	4.44605321546959
CGCAAAC	716	1.74384231519659	0.107792124711038	216	0.457811766794936	3.62429086268064
CGCAAAG	759	2.37386897892441	0.1038570467736	243	0.476489333811616	4.22104608263102
CGCAAAT	537	1.70030693399738	0.138449800377647	165	0.535254133689778	5.18785296846342
CGCAACA	660	1.68153504346576	0.0766228432704926	220	0.518067888621972	4.13768183009343
CGCAACC	462	3.34681683231986	0.119518705380321	144	0.78834470659575	5.32923013056786
CGCAACT	376	1.20561525366671	0.0686749988019574	131	0.410625292906195	2.77630593201909
CGCAAGA	644	2.71546264837371	0.0864377012456574	209	0.695391435901524	3.99023584027443
CGCAAGC	703	2.2426150890683	0.0924121598299577	202	0.486911917526339	4.25850630319022
CGCAAGG	793	1.81006415802912	0.075459781109779	241	0.684261898910224	4.29318573596157
CGCAAGT	569	1.43476002873511	0.098283201076415	161	0.443975845253124	3.6876359041153
CGCAATA	423	1.13003118167284	0.0779412628340111	135	0.269684066507266	4.37999482523188
CGCAATC	334	1.6278504846472	0.0854822886765423	106	0.329779746850158	2.97972587834433
CGCAATG	557	1.42177833776855	0.0807134116985377	163	0.220054195617791	2.71315822244296
CGCAATT	374	2.06909576136442	0.135949870096439	101	0.583955016439756	6.22955622230859
CGCACAA	750	2.57789023457458	0.131919760543592	238	0.296505011918814	2.63002299167579
CGCACAC	2968	1.32674245879724	0.0672871832174273	895	0.296691613411745	2.99545950966737
CGCACAG	1381	1.21183333866571	0.0562941032110267	438	0.257883347495852	2.73796663054133
CGCACAT	1220	1.35449722745928	0.0693865225851741	349	0.36817608884955	2.47796922650188
CGCACCA	842	1.78021712659287	0.0920307019529252	253	0.279915985121781	2.01860680719106
CGCACCC	936	1.85183638173464	0.171988270360098	295	0.400435691440882	2.82543271942001
CGCACCT	836	1.62039287934251	0.145488686396804	264	0.481685867476962	3.04283723841412
CGCACGC	1450	2.08342890256521	0.211100405138435	429	0.512695544675375	3.47344834392527
CGCACTA	376	0.963646233603716	0.0716313665319964	128	0.291457602262984	2.44350308243159
CGCACTC	702	1.34367797572017	0.0937163298997779	209	0.489044186090418	3.15903111995095
CGCACTG	962	1.3821589842739	0.116138892433601	281	0.341355276890565	2.20684512765462
CGCACTT	658	1.8528187649456	0.137035171633283	217	0.528319467029506	2.90293125284225
CGCAGAA	1136	1.54282558170132	0.0684476418194876	351	0.410050507363956	4.00126327769389
CGCAGAC	1073	1.45832136421602	0.0484865564222751	364	0.257005158488989	2.30012138986806
CGCAGAG	1627	1.08248304892672	0.0472677931223297	520	0.225165754819379	2.06581641979412
CGCAGAT	857	1.40663659286164	0.0473524641384632	287	0.302850719536457	3.74463414918251
CGCAGCA	1491	1.36995225245538	0.0526173652943457	450	0.448131102045118	2.903469427436
CGCAGCC	1429	2.64377680339322	0.106598234320959	360	1.03740124934079	5.37443559186688
CGCAGCG	414	1.51776805357033	0.0855643101725716	108	0.59020628715749	2.56669513039528
CGCAGCT	1385	1.81080547721344	0.0750740247943623	393	0.981581084275986	5.26102517551974
CGCAGGA	1157	1.25678736510805	0.0619189869802989	355	0.263260281638967	2.7260686863562
CGCAGGC	1409	1.9054537515472	0.108880039957901	366	0.263488309579876	2.68219844073585
CGCAGGG	1234	1.39066865387526	0.104402848125156	368	0.257746918471003	2.86451381128549
CGCAGGT	1020	1.48326190967145	0.124337789210392	315	0.13215648652024	1.35005478927839
CGCAGTA	591	1.95008827475133	0.0892380494485328	171	0.467707550665115	4.04107151516093
CGCAGTC	870	1.64520241941576	0.0847050366473425	257	0.387698343305227	1.99161693142426
CGCAGTG	1055	1.74647487959518	0.129199131618855	352	0.305132402646241	1.98153989701346
CGCAGTT	803	1.37080292715502	0.0825709936419474	235	0.501395948821572	3.58946731572115
CGCATAA	485	1.93326271680874	0.120555981587567	131	0.271795138235437	4.25848406448008
CGCATAC	648	1.0112027792308	0.0691501971396444	186	0.26420046148531	3.07271443880236
CGCATAG	497	1.27677120171584	0.0681542939951974	159	0.148908622250608	1.42195481174933
CGCATAT	581	1.66981297162544	0.124549526912847	192	0.321271210752201	2.51783748232442
CGCATCA	641	0.785212609273452	0.0432252135262984	203	0.209064170891384	2.94559518825015
CGCATCC	787	1.62815539281878	0.0935308946994471	253	0.709953716956814	3.99291330834198
CGCATCT	961	1.24952608168552	0.0804962589458872	313	0.714813439103545	3.67436401968713
CGCATGA	709	1.1583205491229	0.0702611398745687	214	0.263067265585491	3.02769128626645
CGCATGC	1604	1.65917386941497	0.125121505758118	466	0.394711809330882	2.57573608405399
CGCATGG	781	1.19373466807541	0.0978878772077193	244	0.419180011555397	2.99481832494585
CGCATGT	1144	1.71368822077126	0.1155983915184	393	0.364483427178298	2.68018185358841
CGCATTA	496	1.62779949896217	0.110345135274221	142	0.260704236085174	3.35997213074127
CGCATTC	792	1.65308659617465	0.110948211970627	234	0.427893948701171	3.11129267235439
CGCATTG	533	1.32344617132197	0.0902078879427933	157	0.392625841185685	2.72449372601137
CGCATTT	780	2.36259697308909	0.142279172916652	227	0.744151440078363	3.93670892533094
CGGAAAA	1082	2.62801157540509	0.234016281782558	756	0.545456455776988	3.7053875735882
CGGAAAC	882	3.4731147187548	0.200226992597002	282	0.714019391022718	4.16958912406132
CGGAAAG	1123	2.48415570146401	0.125280875565045	345	0.477969518108918	3.21709528467279
CGGAAAT	846	2.43343031851489	0.160338037208286	299	0.529645282077211	3.38680822430525
CGGAACA	857	1.11060180002892	0.0499825958297032	298	0.480323282386793	3.2656287281145
CGGAACC	841	1.85823098335665	0.0720995898890615	260	0.731391092623297	3.87074457810904
CGGAACT	894	1.81101469462376	0.0793689548728179	256	0.446026459190732	2.80364447238501
CGGAAGA	1614	1.42802807574594	0.053281900727894	477	0.524853135815579	3.05494221820525
CGGAAGC	1295	2.06652381904908	0.0897583680689832	400	0.421770345377614	1.83619767797451
CGGAAGG	1478	1.85023917664969	0.0802810229198201	506	0.394714430465892	2.17713881592277
CGGAAGT	928	2.66233142462272	0.144458071672984	341	0.327234535711401	1.91818804167128
CGGAATA	529	1.7106646234538	0.095148414866918	196	0.239868895453225	3.04139110952524
CGGAATC	699	1.82080193290484	0.0805345812607174	235	0.431052615634973	2.86233389142624
CGGAATG	834	3.12154025630625	0.15011803257565	270	0.296815114079529	1.64019670532065
CGGAATT	654	1.68022451062933	0.0939130225524636	186	0.353246205711355	3.08470398972081
CGGACAA	590	2.10041698015533	0.139695578594156	175	0.232963858404478	1.99783252003319
CGGACAC	936	1.52572570165036	0.0726107236477643	290	0.291584653852704	2.20435039768941
CGGACAG	1121	1.28776358025792	0.0748704172941319	313	0.225135118193814	2.01442127542927
CGGACAT	674	1.45515635577404	0.0851363816585605	217	0.356679251682495	2.27417061746256
CGGACCA	681	1.43140941781557	0.0812667794584508	217	0.199430393138512	2.16883749904417
CGGACCC	652	2.05373372430298	0.161262420636662	185	0.308021307604557	1.65919454138092
CGGACCT	775	1.42160482253041	0.127334695235713	253	0.344361775623252	1.38225897015316
CGGACTA	345	1.01171933020383	0.0967047280437843	122	0.16052853139219	1.4163316958262
CGGACTC	702	2.12739987434714	0.170171278669348	221	0.244820234897104	1.15483109993905
CGGACTG	801	1.99480843515548	0.178438430760337	229	0.257079037886957	0.968305263038724
CGGACTT	633	1.67893789877558	0.145629402891501	207	0.264718261687461	1.14159252762
CGGAGAA	1326	1.75798696080024	0.0818522943512495	416	0.244978308346743	1.77712756095218
CGGAGAC	1136	1.22902506705652	0.054823221455801	307	0.406144202811691	3.06225579581663
CGGAGAG	1478	1.40114514805404	0.0762191567799385	502	0.283443391613883	1.47936915916809
CGGAGAT	887	1.55207449378689	0.0617648628123489	288	0.25576399777011	1.81177265346553
CGGAGCA	1223	1.166618636195	0.049225922507782	381	0.394997664055323	3.43125044015562
CGGAGCC	1499	1.87713881339243	0.0931909972895415	393	0.611033821281364	3.11302437599111
CGGAGCG	385	2.71581754744542	0.150238200290992	107	0.315912124542452	1.14372604961068
CGGAGCT	1838	1.11391085573528	0.071444590899053	605	0.627992237667302	3.68457289723024
CGGAGGA	1871	1.28140299930188	0.062651806454001	629	0.264578070496967	1.66435676407182
CGGAGGC	1494	2.29892115401133	0.172088941449931	501	0.295690811803066	1.04270521998088
CGGAGGG	1450	1.49955767756121	0.151764125279975	397	0.192707652950441	2.24145394096694
CGGAGGT	1075	2.3756754349573	0.268469060671755	325	0.282384849870113	0.941537816789265
CGGAGTA	478	1.3719883522873	0.0841926013932559	156	0.136194043586043	1.64156223183551
CGGAGTC	932	1.95153070183516	0.13738636057962	307	0.309795910970335	1.7104903799462
CGGAGTG	925	2.07699073891111	0.220894934673306	311	0.287410007124263	1.31309605199341
CGGAGTT	939	2.9083563606448	0.166080521732347	354	0.304600723793832	1.75564004891149
CGGATAA	638	1.19558354228205	0.109520445058332	246	0.179135656194208	2.59266952426929
CGGATAC	408	1.635897081893	0.0939641516192936	127	0.428056329405159	3.55106229293095
CGGATAG	451	4.76592025701841	0.182074160573187	121	0.265051260932532	1.89838163989648
CGGATAT	557	2.40289431557893	0.167306766463158	180	0.357152085033887	1.49388470254473
CGGATCA	571	1.29670421710541	0.066021965473281	187	0.214291275589363	2.82933784323989
CGGATCC	834	1.39939009370746	0.0900482927355279	241	0.564806045763475	3.36175587878702
CGGATCT	790	1.62824910919635	0.0964515656262019	273	0.332602843297258	2.81456037256502
CGGATGA	803	1.94523870397581	0.130011010714919	251	0.246223240752198	2.46476383220415
CGGATGC	921	1.45110978555478	0.115017092297114	286	0.32822137982772	1.84084230330851
CGGATGG	1218	1.77097632738666	0.162706083812566	380	0.400866258481979	3.12597371846718
CGGATGT	830	2.2381921015169	0.204692782753944	272	0.243475045318405	1.8332879063091
CGGATTA	398	1.57175428618938	0.10868917234347	126	0.210747086275709	2.15044013668687
CGGATTC	637	1.72821611538859	0.111183802169404	212	0.413103974020653	3.16236510787854
CGGATTG	486	1.99064519261119	0.133210417069709	173	0.286337574619857	2.52392691397056
CGGATTT	1386	1.94941325985785	0.130085914003382	525	0.331694858139937	3.469446763109
CGTAAAA	901	1.60541987499483	0.410299408462474	283	0.495240872941987	3.77685661624073
CGTAAAC	552	1.99889138219505	0.339462797326437	175	0.459989744794802	4.11184399160168
CGTAAAG	710	1.86091651377257	0.191374811098357	228	0.412475198168523	4.09095771741328
CGTAAAT	654	1.59824108431849	0.303063585391245	233	0.618090908841544	6.09614812422719
CGTAACA	594	1.68143530289595	0.17865903757459	198	0.479832848210244	4.43464834194551
CGTAACC	405	1.78391188271715	0.254923213435305	105	0.837837843202367	7.10470535033656
CGTAACT	610	1.35590550863949	0.237704674695294	227	0.649728491713236	6.38595996639532
CGTAAGA	803	2.07348694440285	0.180500576812792	256	0.719763813970781	6.5094225940582
CGTAAGC	528	1.68878196978784	0.149157146161892	162	0.559989312075521	4.50188443474139
CGTAAGG	558	1.57386634405197	0.163639187598415	179	0.583667405149501	3.85365738515672
CGTAAGT	647	1.54608285181049	0.220814116854751	227	0.441547421769014	4.84791944564821
CGTAATA	506	1.41419745902458	0.303069773712311	170	0.235100305862841	5.75527751097021
CGTAATC	403	1.86114734917828	0.252473725515563	125	0.530603753049267	6.32280496443875
CGTAATG	701	1.36522434022889	0.231600875508235	201	0.328217525162785	7.7006681295918
CGTAATT	615	1.84331285195966	0.383812796314836	202	0.460570382574803	5.24683810621222
CGTACAA	605	1.29854075942978	0.110894765683289	176	0.263985837912527	2.33072313088914
CGTACAC	855	1.70191768013733	0.0992110205589582	238	0.357078812737028	4.06804025620259
CGTACAG	654	1.32893865517853	0.0682075101685817	282	0.287591121809212	3.90416705821312
CGTACAT	815	1.18655504586101	0.0894006846556656	248	0.600143437821549	3.78240850379502
CGTACCA	523	1.71341109253886	0.0927014000435144	155	0.300723192268876	2.73481388970237
CGTACCC	571	1.4078342989263	0.132095409761045	180	0.558847121384291	4.09956014225322
CGTACCT	602	1.44184099086729	0.132952942446718	197	0.671626475918284	2.81363014120482
CGTACTC	446	0.977697445658867	0.115868619237725	149	0.367955277927749	2.15026238086404
CGTACTG	540	1.21509769004795	0.130102155168904	191	0.337189953118605	2.9389630419509
CGTACTT	654	1.45665607717673	0.166143488078401	189	0.535320846296184	2.64876715262134
CGTAGAA	793	1.36461531768507	0.0801869229030708	245	0.349758293949201	3.07039140927716
CGTAGAC	606	1.21206899843479	0.047986327249261	162	0.292784800730345	3.19039685615115
CGTAGAG	675	1.04844251324954	0.0403836028836674	231	0.237137760465209	2.4003229510019
CGTAGAT	630	1.35393809560313	0.0566947036505606	200	0.305560567446928	3.23797307995573
CGTAGCA	717	1.44137186267462	0.0593708780723395	241	0.548906264597507	3.72297275156242
CGTAGCC	701	1.25490759975194	0.0630960769582353	222	0.78175474483945	3.47386648683829
CGTAGCT	771	1.3477851046509	0.0614714785647448	246	1.06132130824222	3.85285931876035
CGTAGGA	732	1.56101539797231	0.0722903757204567	238	0.409742871735311	3.63674609642888
CGTAGGC	623	2.17147840753543	0.113528244842514	185	0.443935289487368	2.88962667501584
CGTAGGG	531	1.42471346818016	0.100804536526589	169	0.439108049037425	3.75971406026861
CGTAGGT	715	1.70640200524515	0.130291445070025	254	0.256150665857627	1.73893119276684
CGTAGTA	450	0.969057523355437	0.0821086719482672	151	0.234248243211764	2.96035401101083
CGTAGTC	477	1.21878300491924	0.0894687711437185	161	0.458971293280328	2.90853397131104
CGTAGTG	549	1.19799877152605	0.110452731002371	200	0.24149045455687	2.15911361753549
CGTAGTT	576	0.979261382886739	0.0829257417744965	195	0.66009540757885	3.59891489956038
CGTATAA	609	0.916992053453019	0.174014178362602	181	0.179202612279176	3.09764515511147
CGTATAC	534	1.02192142512501	0.15074351095619	175	0.2687241522896	3.48520226572539
CGTATAG	435	1.06688100839885	0.0693785647219359	135	0.177199659129491	4.25086991391116
CGTATAT	931	1.33680505258355	0.183478043500626	317	0.214913673998962	2.24915449107079
CGTATCA	576	0.904606150092327	0.0743462339453529	206	0.376172221202435	5.06928983131791
CGTATCC	526	1.10340629920354	0.10137518253018	164	0.463429866121769	4.01966679269306
CGTATCT	782	0.92879716412468	0.084134357744793	248	0.757174367756127	4.10860692280523
CGTATGA	598	1.22900915345763	0.091535310257591	180	0.260515436135791	2.53416534541171
CGTATGC	632	1.70796562735395	0.12924715624322	205	0.413250065721633	4.05791031961417
CGTATGG	538	1.41178135733398	0.16213021646485	160	0.377685207004875	2.23328290758073
CGTATGT	1084	1.87448463170031	0.14560054508579	320	0.519184912314793	3.48172078514326
CGTATTA	599	0.946259748802189	0.161280322643022	194	0.156334093385705	2.51498068862278
CGTATTC	560	1.03523872880714	0.164907025221329	186	0.665742872797795	6.53307911678772
CGTATTG	480	1.1234942025662	0.137442973066618	135	0.263663714268997	3.22560221149647
CGTATTT	1279	1.26117743907912	0.243400759619911	434	0.850567282260698	4.45611664228404
CTAAAAA	9563	1.63853142704861	0.419911817403928	3359	0.574103067962435	4.1174515340672
CTAAAAC	6855	1.86024289127347	0.289036625106491	2471	0.704679798448784	5.45244509703919
CTAAAAG	7200	1.80287883732835	0.178710148860504	2368	0.519146996711402	4.63169119347871
CTAAAAT	9428	1.46197810397671	0.342622594913658	3157	0.505118949099052	4.97286546782552
CTAAACA	7941	1.68315982754048	0.173499688782182	2692	0.393741660100327	3.73815501564882
CTAAACC	4730	1.73843526829244	0.206482921985586	1655	0.60991589274401	4.79274280342538
CTAAACG	659	1.44150120091697	0.240487819918788	235	0.470391801830076	4.12766990880399
CTAAACT	5319	1.50651790963389	0.243168063557278	1799	0.575114116756831	5.02510907123479
CTAAAGA	8090	1.83282884432279	0.151284006331359	2685	0.64635696998842	4.29480821998467
CTAAAGC	4927	1.72139066308466	0.133985796119296	1639	0.764293099774235	5.60122306239162
CTAAAGG	6094	1.75733342467638	0.123432238980935	2087	0.707247203381869	4.71028989940585
CTAAAGT	5317	1.61903903356519	0.217165254588306	2201	0.55781134891574	5.67951813609963
CTAAATA	7317	1.41551113755272	0.303934377975429	2636	0.27887720398945	3.56642064313807
CTAAATC	4345	1.67791259204448	0.243026455514835	1536	0.520451400076825	5.29412462369317
CTAAATG	6202	1.51720874451958	0.238908441846289	2051	0.281610434227628	4.61421421533685
CTAAATT	6315	1.52211842781945	0.374830598947896	2335	0.636751434338394	5.49715996955538
CTAACAA	5471	1.29783658507365	0.100088715079671	1858	0.323920051799264	2.8618195590234
CTAACAC	4501	1.0756995308664	0.0657684206469494	1537	0.333974643585898	2.92843029586372
CTAACAG	5744	1.04438650114551	0.0541701419656281	2018	0.255379039915306	3.12010656971924
CTAACAT	4901	1.22059533795381	0.0841989453322941	1632	0.397035771169729	2.88248911828348
CTAACCA	5761	1.35747123605255	0.0892816773654251	1943	0.245869147530525	2.66029693143111
CTAACCC	3907	1.58820277811836	0.140459702907535	1477	0.515322318485069	3.88905273773162
CTAACCG	620	1.36775579872914	0.101661216238398	208	0.434725837225715	1.25302024425836
CTAACCT	4528	1.47370229731623	0.12025704685158	1490	0.581485253280542	3.5035245541901
CTAACGA	738	1.17796986924373	0.0848375189185835	230	0.274433481938464	2.18802360683581
CTAACGC	540	1.58210902933423	0.141040485853195	150	0.444821943483105	3.10487935114517
CTAACGG	532	1.40926483794701	0.123427221591492	164	1.00019344754346	5.35550833869304
CTAACGT	771	1.65791109784638	0.149700131499735	246	0.430106617114059	2.45710697552837
CTAACTA	4407	1.08976223673671	0.110060772673307	1457	0.188049771154787	2.36044910222395
CTAACTC	4857	1.14395062105112	0.10959633773518	1769	0.441181536692682	2.91288835708913
CTAACTG	4718	1.11485270414536	0.108091314419025	1583	0.309875569929714	2.79687607744913
CTAACTT	5153	1.30466318787387	0.150903390783957	1647	0.56052581770645	3.29090943759733
CTAAGAA	8491	1.57658489401729	0.078421659471262	2955	0.354562798104135	3.23493268203017
CTAAGAC	5712	1.04720162025492	0.0467068902740935	1852	0.370822364745156	3.09559192183775
CTAAGAG	6347	1.23482440229802	0.0509710357502352	2070	0.267560022323257	2.84528468232213
CTAAGAT	5911	1.07972351329108	0.0502712414411242	2061	0.426365092349053	3.34754373885519
CTAAGCA	6026	1.23011425999977	0.0495203780067302	1831	0.486719889127039	3.82555641390103
CTAAGCC	4713	1.47691297512152	0.0725373792320872	1412	0.860773349276492	4.03861512931126
CTAAGCG	503	1.24204647466995	0.075528712441468	163	0.682987255822732	2.67248365852012
CTAAGCT	5156	1.59715181365288	0.0692887834168336	1602	1.00473568428386	4.37508820125353
CTAAGGA	6801	1.41622510598336	0.0656818601844136	2322	0.355628531854066	2.77778009102839
CTAAGGC	4199	1.18693272087798	0.0660329841906588	1333	0.387454293204556	2.42608380562758
CTAAGGG	4060	1.49168667597451	0.0888021335215427	1284	0.403890689617329	3.94463486688364
CTAAGGT	4340	1.71717149335955	0.106041189867256	1314	0.20484908266574	1.83735214498621
CTAAGTA	4565	1.22719211632114	0.0832612917609378	1437	0.351435070743861	3.3060030401729
CTAAGTC	4009	1.32979289463662	0.0961072097767214	1281	0.554870735086181	3.38046577127702
CTAAGTG	5381	1.25403201677946	0.108476051530977	1838	0.356413120716007	3.06615372481678
CTAAGTT	5608	1.24236873498723	0.109405191015483	1833	0.788471125698971	4.39492885317439
CTAATAA	6302	1.14528879641336	0.150355180901737	2110	0.138068758731192	2.74210505436221
CTAATAC	3382	0.954492452842068	0.0969241931786484	1098	0.191934806118341	3.37894058072961
CTAATAG	3580	0.932986850254703	0.0712479898917636	1211	0.154601353448663	3.28560056951579
CTAATAT	6429	1.16588589643668	0.139013172763654	2304	0.197907689139702	2.66317406037036
CTAATCA	3644	1.12526921191901	0.0742676882630421	1249	0.227917292755623	2.95301622338816
CTAATCC	3365	1.08631595901145	0.084796339260312	1042	0.414802281587582	3.7427590852889
CTAATCG	417	1.11092755567806	0.0913182935035311	134	0.337390973365593	3.06768697612935
CTAATCT	4448	1.25946482673186	0.0947521866292676	1448	0.58292798834269	4.49316987965457
CTAATGA	5527	1.22253928116655	0.0819200716990924	1899	0.262653064177468	3.3629190422862
CTAATGC	3457	1.263594979483	0.0959964738052993	1185	0.499292242932642	4.50501260446044
CTAATGG	3952	1.4191759685751	0.0986066962589602	1305	0.594541973084925	5.05976747716023
CTAATGT	4755	1.41457036666702	0.111877839137652	1608	0.432815989386461	3.96590110128144
CTAATTA	5509	1.27531867709359	0.163446781551042	1795	0.293606482762699	4.83528485019488
CTAATTC	4493	1.07551425540923	0.14040658973979	1446	0.485763332638452	4.32091743247172
CTAATTG	3975	1.41938098930597	0.132003354359551	1331	0.290842256014002	3.87190434450211
CTAATTT	7701	1.13049222660243	0.209957210889546	2591	0.892547258120941	5.33203389877118
CTCAAAA	12193	1.69311910402639	0.244758021695007	4163	0.810291653131171	4.35731204690908
CTCAAAC	8063	1.39085227608224	0.124576448008837	2647	0.766070950955775	4.96739996982115
CTCAAAG	9954	1.3732579315122	0.0877334795526916	3363	0.525642076350813	4.22244292531274
CTCAAAT	7615	1.50399955133879	0.157411504552133	2574	0.62618635081854	4.85734119167486
CTCAACA	7778	1.36434731445797	0.0897210840991441	2673	0.514286327706961	3.09876223484473
CTCAACC	4610	1.55103250145703	0.0967315816875144	1393	0.812289343670713	4.27421650402897
CTCAACG	775	1.76106563334276	0.146078180259074	234	0.572492750670009	4.71173001298735
CTCAACT	6141	1.3449603755514	0.105228683089267	1954	0.629319823093269	4.26668514112785
CTCAAGA	8563	1.48258550926666	0.0720423696833377	2787	0.875776318649047	4.65820545107173
CTCAAGC	5154	1.37948749669503	0.0716695084401419	1752	0.72297217657941	5.42061677884891
CTCAAGG	7106	1.6345570754236	0.0743742912947551	2286	0.828358881386798	4.23990047719526
CTCAAGT	6761	1.450344754109	0.107890208305364	2157	0.462841545442281	4.52208918716673
CTCAATA	5136	1.14287402585527	0.108164306707757	1736	0.321410373923235	3.45602424652074
CTCAATC	3423	1.22997090555922	0.0834081298871983	1136	0.594275798302891	4.57625256547433
CTCAATG	5557	1.33175959231462	0.105345355230014	1871	0.313403865570819	3.58148547086696
CTCAATT	6648	1.48325324981423	0.15852712438968	2269	0.525987526854616	4.20349937802816
CTCACAA	10242	1.11690416262205	0.0578724742179899	3345	0.413223942850302	2.71700403789667
CTCACAC	10519	1.13983589267432	0.0508759886706768	3377	0.462439133651094	3.255342201483
CTCACAG	13367	1.09098888174211	0.0415263620590549	4255	0.373299494210817	3.16194774806632
CTCACAT	8349	1.20151005488838	0.0599485951683672	2806	0.537346964686537	2.79705755862275
CTCACCA	8576	1.51839052187675	0.0836276829902237	2727	0.452384527401115	2.82533744197209
CTCACCC	6687	2.13127395377866	0.159216367224244	2132	0.72478878361867	3.64418011314755
CTCACCG	1163	1.62544207848452	0.125820848707913	373	0.619224532646084	1.92497684741498
CTCACCT	8552	1.87027755041451	0.154439177841428	2695	0.780983157583638	3.60150449023436
CTCACGA	1205	1.82568407009045	0.0811169264713446	353	0.417477474255564	1.74866408079435
CTCACGC	1138	1.62212868557565	0.104958007312143	343	0.509384112173685	2.75257622342629
CTCACGG	1561	1.88353941815068	0.135615484857298	470	0.65124911111045	2.8085836798119
CTCACGT	1642	1.45564011440664	0.108641412165896	479	0.614851932253269	2.83835544817703
CTCACTA	5916	1.22024229057693	0.0797206869223845	1830	0.380882515577732	2.83371431547105
CTCACTC	9991	1.45161320085387	0.0938760665202635	3185	0.668718629170661	3.40836261374414
CTCACTG	11431	1.63307594098532	0.122491351651682	3661	0.436198416761139	2.65664570007354
CTCACTT	8731	1.62560095514146	0.121609804255665	2859	0.826200265535736	3.88713168411696
CTCAGAA	15954	1.26459962590796	0.0523027256457733	5154	0.560434369805509	3.18104267863842
CTCAGAC	7357	1.10677224159402	0.0382420845789173	2466	0.471390210558638	3.52137465214809
CTCAGAG	14166	0.976531790104155	0.0372636271003232	4654	0.321736820466337	2.87688943349025
CTCAGAT	7778	1.18221990986811	0.0426783509168894	2524	0.452588993659299	3.57936554541411
CTCAGCA	12548	1.19231541625563	0.0440993294046277	4100	0.648988625344646	3.47401826972321
CTCAGCC	10834	1.82847922721592	0.0818546043349891	3406	1.23783358475214	4.74665595126193
CTCAGCG	1962	1.89948777184658	0.0923502148542951	628	0.764017108847659	2.79641312885022
CTCAGCT	13008	1.3621397582662	0.061959170889865	4181	1.17367697113559	4.88402814841662
CTCAGGA	13456	1.28379381594878	0.0527362633624347	4508	0.4504613092612	2.9601616521897
CTCAGGC	7986	1.35585473227474	0.081291180720915	2340	0.35328791506906	3.2162074027017
CTCAGGG	10146	1.43243013056785	0.0911374472273631	3161	0.470224073624856	4.26381812650965
CTCAGGT	8879	1.43609462178878	0.100876437960985	2968	0.186338547599906	2.08383300700981
CTCAGTA	6657	1.19909278522842	0.0571469391430277	2175	0.457446375628486	3.21738362177367
CTCAGTC	7544	1.52378428952192	0.0852606420182302	2448	0.778850097884106	4.24147420622593
CTCAGTG	12886	1.57043505066696	0.116504805415622	4025	0.382154415974522	3.05273170672498
CTCAGTT	9047	1.62496555582698	0.096642106947261	2897	0.783350085726234	4.04964555741551
CTCATAA	5730	1.19475343407609	0.102856614581724	1932	0.245426891445322	3.22071942553259
CTCATAC	4372	1.17029337457207	0.0963067249405615	1358	0.344368822499251	3.6120459366415
CTCATAG	5621	0.952272407205691	0.0543334913505955	1821	0.231948329921228	3.4186448485375
CTCATAT	5919	1.49917734270164	0.147299206072396	1946	0.357363260597551	2.64118487171138
CTCATCA	6756	1.17720271250553	0.061500570628613	2204	0.331698558522666	3.07292737351104
CTCATCC	6047	1.3348310806769	0.0869529721734111	1935	0.68539441903908	4.25515431700327
CTCATCG	964	1.38594726205099	0.0796604695088754	277	0.473406241545639	2.79011229250232
CTCATCT	8750	1.22676328282667	0.085106059439636	2879	0.851591882391741	4.42044295570682
CTCATGA	6829	1.36019738454277	0.0662973972564058	2159	0.378254542644477	3.63477522428144
CTCATGC	5710	1.28050084364567	0.0848182639424557	1715	0.655376171976895	4.23120152523174
CTCATGG	7722	1.44753551879443	0.0959880765982122	2627	0.710689185785447	4.44699376187599
CTCATGT	7309	1.51246114151443	0.104389055684515	2423	0.646883589152881	3.97104504226784
CTCATTA	6551	1.22497957262911	0.0986966152285656	2073	0.382912506018055	3.82453458166254
CTCATTC	7192	1.44138228502531	0.11831179301154	2430	0.809394528714598	5.05476130765978
CTCATTG	6219	1.37731158148867	0.100488202088953	2131	0.521945860941598	4.03900652084017
CTCATTT	11047	1.50997839841316	0.152618235923606	4805	1.11982041340347	4.92915077316306
CTGAAAA	12404	1.78681587169407	0.155724438302547	5635	0.668155651786587	4.33399610152062
CTGAAAC	8529	1.68277206124102	0.102922043693574	2812	0.824297419246717	5.19064018282087
CTGAAAG	10209	1.43422368709504	0.0746642932919026	3393	0.508153228158151	3.50415459676363
CTGAAAT	9676	1.49327764121482	0.12052458644759	3290	0.579438406695776	4.18695450324035
CTGAACA	8699	1.58119906530781	0.0801966241796584	2870	0.536755904828197	2.50124009239371
CTGAACC	6470	1.37086928345987	0.0754384037296672	1978	0.784606584872726	3.56412006977737
CTGAACG	1114	1.65468431045599	0.110850479634051	333	0.550439417429041	1.9907931553839
CTGAACT	8329	1.47693518598974	0.0835983373064875	2645	0.651607339686668	3.53937707624871
CTGAAGA	13602	1.43710801778325	0.0595101487335363	4544	0.689950185076923	3.81347797806732
CTGAAGC	8518	1.51654208183903	0.0661125680129901	2818	0.633374335895753	3.23470985310483
CTGAAGG	10022	1.62723734024745	0.0670928145894076	3571	0.62794265356014	3.33270343606404
CTGAAGT	8797	1.62104309692705	0.107013281621651	2925	0.405562326670688	3.04730738232815
CTGAATA	7022	1.52337574006419	0.105901110057937	2347	0.286785478849974	2.7519753286484
CTGAATC	5360	1.3553477044154	0.0822838059047473	1869	0.472516016173515	3.42279499033834
CTGAATG	7537	1.72728347730204	0.125788896750806	2475	0.354227385008775	2.44834583454544
CTGAATT	8355	1.76251967130505	0.141696210804127	2905	0.450856019699185	3.59419920116582
CTGACAA	6754	1.46320910494573	0.0756444142658458	2248	0.422109061069965	2.69245285466809
CTGACAC	7303	1.4597370401169	0.0603339308723894	2441	0.524686703520121	3.20686461392426
CTGACAG	8857	1.34117158087505	0.0515159222207266	2865	0.320764380072731	2.58339292342682
CTGACAT	7273	1.26401987010766	0.0607599647327677	2470	0.448495582217153	2.58615583105658
CTGACCA	7114	1.82730998266536	0.0945177802280475	2289	0.335696406821332	2.35316029820667
CTGACCC	6191	1.93444609309031	0.137885098550368	1897	0.520284484647747	2.72446210867126
CTGACCG	997	2.30616167267256	0.137754680506399	267	0.5215626108627	0.821105320428838
CTGACCT	9732	1.84089770440148	0.140670391215453	3113	0.586882340925021	2.80426007011838
CTGACGA	880	1.67804293051558	0.0768668884900483	260	0.443233120573088	2.86931982186401
CTGACGC	984	2.1220418519192	0.179769627046113	322	0.353149672640215	3.15354596249538
CTGACGG	892	1.90133389016316	0.162595738390113	292	0.54951849739135	3.69031292305538
CTGACGT	1094	2.02503036374862	0.193424894774974	375	0.320497045260986	2.81155531337439
CTGACTA	5170	1.36182696531169	0.108352295978659	1672	0.161792848542324	1.92337265029147
CTGACTC	7999	1.54908421800718	0.127015632153261	2658	0.405240318551002	2.34547008373731
CTGACTG	10583	1.66557061434216	0.141400378363099	3538	0.301400624178195	1.64616932428128
CTGACTT	9500	1.73987096886493	0.155817908929053	3141	0.361600644965346	2.01639939767791
CTGAGAA	13863	1.65907250675986	0.071639215373561	4584	0.454306304343809	2.89560660897671
CTGAGAC	8806	1.24486511980582	0.0485190613741414	2852	0.433937086167403	3.14004368989784
CTGAGAG	11808	1.41846736377589	0.0627557124899791	3916	0.289507252781585	2.03471165045155
CTGAGAT	10850	1.20917019646898	0.0490973967281446	3642	0.28410363629179	2.25319017627782
CTGAGCA	10725	1.31504939379061	0.0509296862112586	3359	0.423968150048675	2.83148697103087
CTGAGCC	12514	1.74981333052406	0.0795696487806459	3846	0.707659551976786	4.04981888674632
CTGAGCG	1389	2.8763165017435	0.143119735596208	425	0.455092607682676	1.22946071167483
CTGAGCT	11483	1.70153137409724	0.0719218371586273	3532	0.767422358970557	4.06306544364836
CTGAGGA	12256	1.56875354087664	0.0734793291093881	4055	0.357760583395077	2.4462281851509
CTGAGGC	10111	1.97890633437644	0.144687607645002	3245	0.348753642675854	1.85533647900002
CTGAGGG	8414	1.85308668938303	0.178762556697867	2582	0.234034475700817	2.44587190920727
CTGAGGT	8776	2.39021526082697	0.237027112221726	2655	0.274203807518963	1.46644916923435
CTGAGTA	6486	1.31547942095399	0.0783087520675585	2204	0.155090008632608	2.50489433737841
CTGAGTC	7677	1.71779060334627	0.123447853099815	2476	0.299822397626645	2.38566979039934
CTGAGTG	10145	1.98052338088041	0.197795095343517	3368	0.242742641739133	1.98559779998625
CTGAGTT	14981	1.75634155365677	0.12335362366218	4918	0.346539463271004	2.2354753707216
CTGATAA	6594	1.39456559420084	0.0946601763653398	2300	0.346231960266392	3.28229229448775
CTGATAC	4392	1.35264210300212	0.0874376006528805	1399	0.485702992249828	3.51052050142847
CTGATAG	5091	1.27713464696972	0.0621910225038693	1837	0.257874130332981	2.7487947599321
CTGATAT	6045	1.61035188247251	0.117170855028414	2066	0.368049433708289	2.21589116841397
CTGATCA	4754	1.26013583162432	0.0576812426355486	1567	0.355861697700618	2.89151391094357
CTGATCC	4687	1.34706870357584	0.0728065448629703	1455	0.687318462978471	3.67382800466749
CTGATCG	592	1.61037162666531	0.0807439860483258	183	0.458038363724756	1.88570924850586
CTGATCT	7276	1.49274362072847	0.078228713403839	2352	0.696021766873813	3.46439615904696
CTGATGA	7653	1.52409055118203	0.0737218305636417	2653	0.422779226546817	3.1931372788505
CTGATGC	6913	1.76357825090446	0.105372203190961	2233	0.46846197135561	3.04464483395077
CTGATGG	7118	1.97831540427524	0.1197456589285	2332	0.691150326851761	4.66576720440975
CTGATGT	7064	1.80211910917203	0.141252468228604	2323	0.350442239522715	2.86792551155689
CTGATTA	5267	1.53463291244804	0.0980575471095087	1790	0.385945682323944	3.32623578503939
CTGATTC	5771	1.67441184537507	0.105728101569685	1871	0.635917049452081	3.96377042445455
CTGATTG	5101	1.75310362582651	0.115224610261357	1664	0.380012560037683	2.87024886702972
CTGATTT	10219	1.94235489345312	0.144185506913056	3475	0.77645423759114	3.74914846807937
CTTAAAA	12092	1.59017705434229	0.499684133580729	3950	0.731548838989215	4.81226960502227
CTTAAAC	4851	1.62148914964229	0.324055313660132	1629	0.607224745038973	5.15455393447121
CTTAAAG	7980	1.80158381719771	0.21712747498504	2751	0.613517002265837	4.82399713914515
CTTAAAT	7401	1.43204829612194	0.363826385325165	2467	0.585891264446113	4.81185347805905
CTTAACA	5442	1.75071561031544	0.251630672201211	1827	0.5650189734397	4.6307804840169
CTTAACC	4599	1.58046563356414	0.357234091084314	1474	0.661548908562498	4.41980170011719
CTTAACG	595	1.32498454403618	0.359367978237294	183	0.641001622251338	5.7865762885429
CTTAACT	5822	1.22052134036563	0.33118758487411	1922	0.721130724318839	5.21558004496934
CTTAAGA	6263	2.16811083237156	0.215951405377882	2010	0.768692441784867	4.78954936878701
CTTAAGC	3626	1.6911172202062	0.212372278411434	1171	0.80844279007604	6.06191145054295
CTTAAGG	4419	1.64902281558083	0.210753397219743	1465	0.851415519100778	4.9747540629518
CTTAAGT	5137	1.35451142983872	0.278459734610151	1735	0.521520791760866	5.52688118926938
CTTAATA	5696	1.20429474953269	0.335012880979366	1884	0.231252345839782	4.25144253812429
CTTAATC	4244	1.54742856270537	0.293093092218599	1407	0.414745102202927	4.78099320652956
CTTAATG	5123	1.36733790582827	0.342196036743796	1621	0.211559868705382	4.31942011043813
CTTAATT	7282	1.23885137243687	0.400388350846791	2427	0.570950454628289	5.69291515021013
CTTACAA	6092	1.26083107465488	0.140884578421383	2052	0.391609671920831	2.7865707133232
CTTACAC	4885	1.23039638552022	0.111181485219989	1589	0.490280013891866	3.77135369597039
CTTACAG	8693	1.24100378989821	0.0745683269052087	2925	0.3613813184079	3.44070842508442
CTTACAT	6703	1.38284342480533	0.130162365359686	2269	0.585218650672175	3.28222066743152
CTTACCA	4855	1.65767510908606	0.12814302635073	1574	0.474844657973349	3.12636378648305
CTTACCC	4058	1.35538201656209	0.174330254004839	1367	0.683452816144459	3.67117362406685
CTTACCG	664	1.21955577267876	0.187886372604258	240	0.576210116411362	2.06437685698418
CTTACCT	5643	1.49028823998343	0.19272661934541	1927	0.929314389270047	3.99998332532763
CTTACGA	579	1.46087817338805	0.105825198043304	174	0.496391704884581	2.65605655607618
CTTACGC	400	1.47021691309248	0.159114384533819	124	0.598158087558668	3.47170159124582
CTTACGG	644	1.89602700548098	0.173404513535079	213	0.974967516321567	3.66687555798057
CTTACGT	914	1.71813908055289	0.189455884103946	317	0.676716356553568	3.3586195069952
CTTACTA	4150	1.05402126343604	0.152022990742358	1414	0.261309511787032	2.78486665447334
CTTACTC	4618	1.07262114944182	0.156637975489477	1442	0.675748424575753	4.11738589309753
CTTACTG	6460	1.01957131727109	0.166675762904862	2145	0.409059388525485	3.50613777083996
CTTACTT	6316	1.0918056312535	0.192510944480202	2016	0.745599919737019	3.6885124097391
CTTAGAA	9123	1.45387289912194	0.0948717928452797	3083	0.502809166296785	3.3518885401763
CTTAGAC	3640	1.24568140589061	0.0680129797991322	1158	0.409511238690626	3.46341430683772
CTTAGAG	6084	1.15466045454573	0.0502304781934567	2004	0.313263262710519	3.54916006130114
CTTAGAT	5062	1.26493782414974	0.0699771600384902	1626	0.51008544568987	4.02999895743803
CTTAGCA	6092	1.52618412369711	0.0609676996050627	1964	0.740143882870078	3.82959973779143
CTTAGCC	5190	1.44085416065436	0.0825825523710157	1689	1.27815061340854	4.36098160527904
CTTAGCG	613	1.73982868474542	0.124141548293527	197	0.769115157874287	3.72934997890925
CTTAGCT	6417	1.54237138972052	0.07787427224956	1992	1.62325625676891	4.93879258031656
CTTAGGA	6431	1.42687442490397	0.0733205035472534	2057	0.602385421980617	3.48857910747362
CTTAGGC	3790	1.37399638981118	0.093300798112154	1197	0.461631588337643	3.90478168688786
CTTAGGG	4498	1.58929139641019	0.120807133851258	1416	0.641268582209092	4.44677169131438
CTTAGGT	4691	1.38542643465196	0.130976262528151	1458	0.260406181762871	2.69437612320082
CTTAGTA	4147	1.12110912542747	0.0941568039816559	1418	0.370957504622801	3.30628285141526
CTTAGTC	4440	1.2115776633509	0.0935598896351116	1534	0.600490033533833	3.74264460122509
CTTAGTG	5359	1.11249034330841	0.113617769272634	1763	0.35238443626769	3.64351925589643
CTTAGTT	6225	1.09448222682327	0.114225370962015	2028	0.941023757650446	4.86560502072597
CTTATAA	6592	1.02454408230138	0.227749804698312	2187	0.181249489053026	3.43471124054577
CTTATAC	3492	0.847714561620889	0.205598554392058	1106	0.204219678816941	3.59548086210722
CTTATAG	4800	0.882165485888582	0.116589714303695	1616	0.14201311612002	4.1421053136308
CTTATAT	6667	1.12702680896378	0.244666672347424	2195	0.274167305980328	3.17128809001346
CTTATCA	5280	1.34785787730656	0.118322873578366	1848	0.292650764821528	3.92522201398354
CTTATCC	3428	0.975478519623986	0.151235700857726	1140	0.608180127702396	5.21473831360355
CTTATCG	446	0.714314808806716	0.128723231458065	152	0.508451262047251	4.6019337331181
CTTATCT	6489	1.00447477565916	0.140942026651822	2123	0.832119341418627	5.27561077714342
CTTATGA	4949	1.33938587951589	0.115349418183935	1594	0.40308914921926	4.11532722796997
CTTATGC	3258	1.16554291413428	0.132458563227397	1060	0.578346739523196	4.59164177138122
CTTATGG	4066	1.36143288054164	0.156647737124865	1343	0.652161146068703	4.62095612087207
CTTATGT	5677	1.41597201755619	0.162903204391494	1959	0.689432812864198	4.76520793969779
CTTATTA	5534	1.02400065331073	0.221787365676082	1814	0.28062505408752	4.05009242817088
CTTATTC	5295	0.850785402116276	0.221021909065405	1700	0.609216708408922	5.51510588377575
CTTATTG	4736	0.892065047710827	0.20118447254221	1609	0.413409816762439	4.63911242647157
CTTATTT	11475	1.06929204587477	0.318186540114905	3875	1.01668780900996	5.08941588646945
GAAAAAA	20826	3.09252522439842	0.82611431880032	7498	0.849256939030151	4.35482968851375
GAAAAAC	9929	2.608684962341	0.41460887501193	3588	0.673513281647588	4.41154701060652
GAAAAAG	12026	2.81735849030344	0.355001386712253	4803	0.562969726022158	4.63389628186547
GAAAAAT	13774	2.42851404888352	0.515909389894742	5685	0.438680565314083	4.43759178033907
GAAAACA	15660	2.43606483765975	0.247060112979109	5436	0.536458754175957	3.59494459751927
GAAAACC	7334	2.20588067548787	0.217962769899159	2548	0.764448767422441	5.36836584392036
GAAAACG	1667	2.99746063758109	0.340101240566057	566	0.463595507667645	4.43669152756806
GAAAACT	9671	1.93087529762375	0.259757727038776	4362	0.505826687966774	4.5559169130139
GAAAAGA	15427	3.27049507640594	0.298719377630073	5573	0.914527462494572	4.11079802034456
GAAAAGC	8273	2.46042751132815	0.172698965371362	2802	0.738281502388249	4.68028502554594
GAAAAGG	10375	2.35157876582904	0.160163273841363	3624	0.862451203261644	4.17619141915701
GAAAAGT	8307	2.20376525153178	0.239357035070393	2880	0.582267649945286	5.23973763850291
GAAAATA	15183	2.27029623963847	0.434400130828215	5105	0.260231046517833	3.69185399445349
GAAAATC	7694	2.21776286352517	0.300097729275436	3543	0.295663238178611	3.87476438646904
GAAAATG	14981	2.10905224464359	0.299065355573699	6014	0.240524996219278	4.11807030135149
GAAAATT	10646	2.10722459126178	0.426175261945483	4106	0.53241003219071	5.02658702356277
GAAACAA	12350	1.97811697681762	0.181459477122833	4335	0.381621788382851	2.65250949603344
GAAACAC	7839	1.51756761726761	0.0886834890829697	2543	0.457474027222618	3.22877277337821
GAAACAG	11246	1.4708099915829	0.0744190439458937	3691	0.288315915216237	3.03228274186382
GAAACAT	8108	1.6144268949174	0.111403980770869	3184	0.440828483296441	2.86823300701881
GAAACCA	8661	1.33698170836702	0.0783488182984391	2935	0.326065838779552	2.84749861399648
GAAACCC	8963	1.59083604322219	0.099572661438209	2957	0.538781203287874	3.2098854784459
GAAACCG	1140	1.57068365472192	0.102232829779468	394	0.43713641638836	2.2588388505165
GAAACCT	6714	1.70292033531769	0.114188846739309	2225	0.548961819463988	3.71801942214963
GAAACGA	1244	1.70658652595845	0.0957676078795061	397	0.434861724019623	1.8958365876778
GAAACGC	881	1.48675854920567	0.0965525182982552	279	0.41257215190892	2.85488400797828
GAAACGG	1388	2.32106930342427	0.151505465833436	487	0.669709124328897	3.08409444758668
GAAACGT	1229	1.73976998665928	0.126828224343032	408	0.478749970008834	2.93673972416027
GAAACTA	6653	1.43768618677994	0.149601301505191	2307	0.20233585721723	2.70021305183398
GAAACTC	7219	1.57814735829369	0.131777133177651	2455	0.413669465309308	3.1750252073057
GAAACTG	9827	1.30040397998749	0.113849168387566	3248	0.259205308990563	2.71453243996179
GAAACTT	8220	1.56889855742582	0.17620410151874	2877	0.519516864329319	3.06403722918516
GAAAGAA	24497	2.63581164577003	0.224610056255778	9017	0.498089343619617	2.92514106599546
GAAAGAC	7779	1.40758243768943	0.0676988450168476	2566	0.44997780948239	3.03801991470908
GAAAGAG	14770	1.46746225102166	0.0706965124146568	5071	0.257997101480897	2.32289042168147
GAAAGAT	9674	1.38961343368607	0.0681647066721583	3424	0.40742120844008	3.16763025393368
GAAAGCA	11956	1.43672111435597	0.0547157489258087	3947	0.647618530653289	3.61553242273013
GAAAGCC	7132	1.823088275562	0.0746414527216151	2310	0.948851406046796	4.37469812318257
GAAAGCG	1101	1.55984369200017	0.0858750885746785	328	0.696210367741079	3.26996162984927
GAAAGCT	7926	1.41844319931667	0.0611582086885188	2553	1.10598702865982	5.05127327277416
GAAAGGA	14767	1.5354478507127	0.0658647941877321	5348	0.55032007123313	3.23141317585716
GAAAGGC	7790	1.51485866044238	0.0678432328329325	2582	0.377727688236593	2.92581276140328
GAAAGGG	9794	1.65743896878801	0.0745737042832595	3246	0.419191217117144	3.38761330328782
GAAAGGT	6557	1.44047370903966	0.0742498732006891	2107	0.238188421240084	3.00642427440685
GAAAGTA	7584	1.51367965744087	0.0859009689658338	2668	0.369501788849964	3.34027900755798
GAAAGTC	5736	1.58195237703196	0.084970836879825	1901	0.576958246703073	4.2015877084784
GAAAGTG	8080	1.57981133513947	0.0931205684950656	2704	0.290908909524898	3.13501558773967
GAAAGTT	7006	1.68659193475941	0.113140542803546	2357	0.737611812984285	4.74728324534023
GAAATAA	12447	1.55232416207811	0.196134435337109	4120	0.114725095412267	2.52878813021448
GAAATAC	6184	1.48661650145832	0.145765882673526	2412	0.233036707960145	3.06962440745601
GAAATAG	7236	1.39686023457594	0.111568531979027	2465	0.130226536982224	2.83472769234914
GAAATAT	9310	1.60164386768039	0.189289942295255	3592	0.217488817355652	2.18311948399264
GAAATCA	9350	1.4310161081633	0.0978514179317425	3485	0.217782373507671	2.77547340318219
GAAATCC	7310	1.38967131334253	0.112185847133336	2526	0.373988036665546	3.77694409470645
GAAATCG	920	1.49218015232586	0.129454684920552	303	0.289807461965223	3.6522855165036
GAAATCT	8513	1.34785009333838	0.115364381666113	2800	0.41788807730378	3.63348302488392
GAAATGA	11612	1.54619552097685	0.0967490519637761	3836	0.30587911900914	3.0411395330927
GAAATGC	7435	1.5311964144509	0.0991756265024146	2796	0.370714838302835	3.90527655812536
GAAATGG	9297	1.79267327793224	0.113054584274807	3163	0.531551193011002	4.0002450967297
GAAATGT	11163	1.50689641689074	0.110472328433815	4212	0.360862661918057	3.72201138851826
GAAATTA	9255	1.47962408378399	0.219516008329683	3281	0.204260684986774	3.37973561133766
GAAATTC	7592	1.48255727064146	0.196079575637628	2565	0.421249406874478	4.3089729118159
GAAATTG	6763	1.31133453325158	0.144054073957888	2322	0.250885409039645	3.70377809673464
GAAATTT	9475	1.53110627667891	0.273447213156886	3292	0.614339904346384	4.44046810611717
GACAAAA	10116	2.06543124397318	0.264750519504453	3534	0.342207744944541	3.30983818547365
GACAAAC	5108	1.68908854836734	0.113401344225446	1660	0.373663761730263	3.75853547280947
GACAAAG	8869	1.42815117149863	0.0830765783419618	3057	0.271177417734916	3.57285384041614
GACAAAT	7163	1.76523892723957	0.157717909509265	2396	0.308772551523171	4.00813832802727
GACAACA	6332	1.38052676368797	0.0730348837500153	2073	0.266252636146969	3.11960885868458
GACAACC	3885	1.29654992895596	0.0626356088749127	1210	0.310777958050885	3.05677596725799
GACAACG	805	1.41654518535061	0.0941861210430191	283	0.204508421960886	3.00837809093562
GACAACT	5125	1.31011851959673	0.0882200278895437	1776	0.263015819103604	3.35185458038758
GACAAGA	7193	1.22694729564002	0.0577095427360295	2367	0.411314979742401	3.67906592707854
GACAAGC	4568	1.08533030075673	0.0473405523267394	1364	0.373993717373212	5.19190246841921
GACAAGG	7448	1.15480875228876	0.0517744986373058	2329	0.406322869312827	3.55591988416548
GACAAGT	4830	1.1827550792354	0.0708530712992651	1589	0.263058051437769	3.89468396962379
GACAATA	4336	1.51681761457265	0.12368630061363	1417	0.158655393350514	3.07508874198792
GACAATC	2976	1.24760615779004	0.0691213865127725	965	0.266934277647496	3.98063055005217
GACAATG	5561	1.26724448722962	0.0854422642105593	1868	0.120597729757743	2.82524684050281
GACAATT	4554	1.80363550813677	0.15348873231893	1605	0.29868414935909	3.73727221958485
GACACAA	7805	1.1064754222902	0.0532390965083037	2702	0.204876559658727	2.18225380569307
GACACAC	10653	0.805126938186433	0.0292999820784589	3382	0.231472265023528	2.54226717677699
GACACAG	11186	0.964960817336004	0.0342200796838243	3595	0.167574791445316	2.64132115724703
GACACAT	7538	1.06983649242774	0.0482656550769659	2577	0.276016195957235	2.76268610474598
GACACCA	7159	1.36723276700467	0.0523635233073807	2366	0.243603986643483	2.59261349764749
GACACCC	4370	1.350184593041	0.0798576157470234	1417	0.288746665259813	3.00310506849447
GACACCG	1131	1.85322825760936	0.100242060581484	382	0.352565043756742	2.66692444777536
GACACCT	4830	1.29714925892184	0.0825684881874105	1568	0.397809934449456	3.64242157762532
GACACGA	1093	1.2248550178279	0.046016685225162	358	0.271772401825207	3.03862061817434
GACACGC	1104	1.52844259499816	0.0736022091524186	311	0.253987210161087	2.32989289770821
GACACGG	1523	1.38380522568073	0.0787750711574976	468	0.504261341786229	3.62354289685305
GACACGT	1189	1.04303895272043	0.0639922394970375	366	0.338455199533452	3.36858768730814
GACACTA	4752	1.06137156523266	0.0543044076372094	1641	0.179480510938493	2.43214882430742
GACACTC	4507	1.20366756216852	0.0622478560201722	1469	0.308972650693123	3.33345653144664
GACACTG	8518	1.2116359158186	0.0642319839400309	2855	0.180472374650547	2.53680937195484
GACACTT	6012	1.36089343570477	0.0820796711338341	1924	0.364283588406384	3.16966614309984
GACAGAA	10733	1.19895033717787	0.0480246725676927	3681	0.198194686988106	2.81795447740619
GACAGAC	10093	0.710624392548968	0.0219198397561547	3158	0.140204748706873	2.42647094579114
GACAGAG	14150	0.815645022532986	0.0298246039306547	4480	0.103069018562459	1.86574836999372
GACAGAT	7718	0.793161796598003	0.0296888025097549	2455	0.135175402954927	2.57454127378381
GACAGCA	10215	0.792703833325563	0.0257345645590351	3135	0.342405241558634	3.42573093019136
GACAGCC	9115	1.01773161253967	0.0345013676950105	2952	0.298107468652761	3.89953719307963
GACAGCG	1314	1.10798163880602	0.0494315315593304	401	0.408138664061691	3.19691061299191
GACAGCT	9223	0.77461277741776	0.031624956198147	2998	0.436681286145352	4.67543285354644
GACAGGA	9989	0.860524795576851	0.0340150811450184	3229	0.202760870078409	3.04590902317535
GACAGGC	6013	1.22711519055785	0.053989686122793	1928	0.136556625271278	2.8946995214296
GACAGGG	10609	1.32867266733921	0.0557196838706759	3252	0.241569910048729	3.72869599105459
GACAGGT	5732	1.1307622843336	0.0582914188714465	1761	0.0743834906090595	2.11876678423815
GACAGTA	4430	0.993577017970234	0.0368440402085193	1423	0.235775461119528	3.27682764620546
GACAGTC	4861	0.95341770059236	0.0410517029894302	1619	0.34511942184136	3.88350535618939
GACAGTG	8026	1.15621474685204	0.0552314431849517	2544	0.213801851632207	3.3402705640449
GACAGTT	5987	1.41368921145924	0.0549317588332282	1901	0.376772862654316	3.67781886155153
GACATAA	5215	1.22411734306609	0.0886151461054569	1712	0.0971884346022724	2.12610512230496
GACATAC	3782	1.12264329603496	0.0633440305635653	1257	0.207176348465647	2.72082626585459
GACATAG	5238	0.755208661094953	0.0428954912663115	1677	0.0841304241646017	2.09883175038156
GACATAT	4567	1.15423042457578	0.0888420799020695	1596	0.171093711193723	2.32621924053129
GACATCA	6713	0.862195237141569	0.0401941359996182	2124	0.139892139963735	2.9449912323344
GACATCC	4271	0.930245224027186	0.0509465439672117	1429	0.240862781374353	3.25348152912261
GACATCG	779	1.57727750419387	0.067416934203921	216	0.182236287726512	1.79015317520659
GACATCT	6782	0.946477764307702	0.0559474435146516	2201	0.282697241988048	3.34861376181037
GACATGA	5874	1.06928413758123	0.0422618300594407	1938	0.141595292433539	2.80727192320155
GACATGC	4348	0.99138653016919	0.0528982723398969	1446	0.210304711923749	3.37105271377311
GACATGG	6651	1.13718492693828	0.0614400027754863	2194	0.24062560335883	3.51977669724728
GACATGT	5406	1.26686580127342	0.0678204339808993	1845	0.227798958930363	3.28530257999799
GACATTA	4655	1.24923531910059	0.079274943592317	1646	0.166294865768147	2.99354754755792
GACATTC	4836	1.40087102490065	0.076251591864342	1541	0.289172652720748	3.60518623191805
GACATTG	5117	1.20879364611444	0.0718620835453293	1659	0.164900312169539	3.14115497518391
GACATTT	9248	1.50395771396637	0.110113630127349	3522	0.538676982962977	4.47910216029432
GAGAAAA	16293	2.25891354309114	0.192936605789339	5914	0.361340800239368	3.10848062393046
GAGAAAC	11921	1.44953534740286	0.0770459926127903	4427	0.501220335523732	3.73335784517203
GAGAAAG	19055	1.53077173603092	0.0730437532796023	6552	0.284211145176724	2.57920033006654
GAGAAAT	10957	1.81545683847977	0.1068765591338	4408	0.339142025483239	3.19923831043745
GAGAACA	10610	1.07993837216477	0.0434056307898242	3460	0.344382750547513	2.63218806170424
GAGAACC	5795	1.67219863854668	0.0545913181932715	1853	0.35176374510325	3.16408008956392
GAGAACG	1409	1.30833773790907	0.0608895095794315	463	0.293506157241025	2.55499116573156
GAGAACT	7970	1.16750253468051	0.0523688154267823	2633	0.297662706373438	3.1218628440037
GAGAAGA	14353	1.11262194531975	0.0424149042998194	4758	0.404657270648485	3.24467788799057
GAGAAGC	8853	1.15175824912855	0.0390917370190619	2811	0.36179811597888	2.57013558929429
GAGAAGG	12609	1.11652653072187	0.039718075989582	4112	0.355039284832409	2.74151289849755
GAGAAGT	7389	1.34015920166674	0.0557585910117143	2450	0.22851172623751	2.46271368139487
GAGAATA	6720	1.16668359733724	0.0633872755761783	2215	0.136940987898813	2.44922802770936
GAGAATC	5574	1.27715952837652	0.0520789429847233	1854	0.245390714061176	2.71463984152303
GAGAATG	8571	1.14266928039833	0.0522503976482177	2921	0.144158826226843	2.31094071009008
GAGAATT	8043	1.48601977383249	0.085254056384053	2770	0.182384186474549	2.78086000394215
GAGACAA	9705	1.16159117219496	0.0538650299798155	3244	0.31303135219429	2.52666332278896
GAGACAC	8237	0.883496852575456	0.0295721906033252	2696	0.347644330878326	2.94686436357415
GAGACAG	20271	0.826524287800702	0.0285886773939614	6568	0.176994079112431	2.22855794691767
GAGACAT	7542	0.840463341712048	0.0329529691889929	2507	0.243996806061628	2.13947361130056
GAGACCA	7206	0.933939061255528	0.0375742435547971	2251	0.217788421842167	2.20196815655927
GAGACCC	6455	1.36157723818637	0.0587242690883005	2043	0.348211458389195	2.6578939091545
GAGACCG	1092	1.80512957490911	0.0681422459741363	352	0.325831565815256	0.867888437386189
GAGACCT	6259	1.16441111454114	0.0509212602486889	1968	0.341299693746217	2.76756073903466
GAGACGA	1173	1.04222287172867	0.0411447200709961	349	0.213979291720363	2.19972765095549
GAGACGC	925	1.16426365772201	0.0613424118966219	278	0.263632452712405	3.06920250503455
GAGACGG	1519	1.33811444830028	0.0799962895661133	513	0.26363878928089	2.54065027390955
GAGACGT	1048	1.83801518015951	0.0870741869555914	357	0.244514420116336	2.83057322035045
GAGACTA	5856	1.08582107939435	0.0490786349475883	1982	0.144093101887093	2.45151130577052
GAGACTC	5831	1.07918555462811	0.0481525728655264	1888	0.272113121411189	2.40570892188412
GAGACTG	9435	1.13203692630371	0.0527656447770026	3193	0.190262107459668	1.74269382898409
GAGACTT	6857	1.17660610071393	0.0557923664855933	2392	0.236842175015214	1.97687813964667
GAGAGAA	16660	1.39212239272026	0.0649364073650432	5687	0.353853419829762	2.12545955453272
GAGAGAC	10375	1.02505237079737	0.035470001263132	3199	0.262390869742584	2.1203050157203
GAGAGAG	57986	1.48095452868669	0.0584486524668249	17414	0.261828439422436	0.837014275584712
GAGAGAT	10647	0.935818955599541	0.0386314869429823	3444	0.14399609976326	1.7921526432375
GAGAGCA	9695	0.844426086786582	0.0318061000466992	3189	0.304930692469808	3.11749690302734
GAGAGCC	6242	1.09511724736266	0.0457882400818706	1920	0.545034140825653	4.19634760830712
GAGAGCG	1541	1.67632468532336	0.0798360081648949	508	0.377300217323358	1.33015493326536
GAGAGCT	8366	0.891558712179915	0.0392673558757778	2609	0.442380337926942	3.45553193587709
GAGAGGA	12646	1.09099505571398	0.0489477623857163	4008	0.252239060130193	2.10340028133834
GAGAGGC	9456	1.39160986742302	0.0799973533676959	3020	0.259255875216919	1.62940385234941
GAGAGGG	11802	1.50208190311371	0.0995527013999007	3806	0.162299323296405	1.70477909201631
GAGAGGT	7027	1.77197176069213	0.112512570288294	2282	0.178392980532147	1.6047950914183
GAGAGTA	4748	0.84610321656824	0.0373200027181834	1605	0.103413150515716	2.1430324485695
GAGAGTC	5220	1.02460737120975	0.0505787735089278	1747	0.19138440610703	2.28860837098191
GAGAGTG	7541	1.28909557346915	0.0730299782980983	2426	0.137770925990543	1.83432809472955
GAGAGTT	7034	1.27748789048338	0.0597391699368555	2354	0.174729750354293	2.26257271428867
GAGATAA	6650	1.27242999128979	0.0633255956490028	2292	0.176935173006748	2.21753553834448
GAGATAC	3899	1.1109145986963	0.0485056781702141	1303	0.343704558781838	2.27322157225387
GAGATAG	6593	0.875151078062153	0.0380862756356848	2181	0.152407469711866	1.87836818828096
GAGATAT	5643	1.50308380716547	0.0725460879554345	1894	0.25838979465624	2.00464572486478
GAGATCA	5994	0.72986531219512	0.0278602139390205	1869	0.178684986982608	2.37327040640713
GAGATCC	5397	0.838742430722118	0.0352647003940012	1686	0.329438112922118	2.93222931179873
GAGATCG	745	1.13193103594889	0.0454063831053561	245	0.347256397079787	1.93050152227226
GAGATCT	7812	1.04947756589851	0.0406309445654435	2694	0.321185957951044	3.02947306237658
GAGATGA	9095	0.951411823348166	0.0369897063502913	2952	0.198128311648997	2.64012777852297
GAGATGC	6222	1.07880921241442	0.0467480588401553	1919	0.241168185549062	2.67182472125597
GAGATGG	12491	1.18052827061614	0.0549789217564984	4140	0.258562453831058	3.46087089422848
GAGATGT	6648	1.19804239963523	0.055583785971644	2144	0.197568572665086	2.51118748971548
GAGATTA	5210	1.1156920436339	0.0549377834714793	1783	0.177079075844435	2.70123547327298
GAGATTC	5680	1.37890230888453	0.0535607276300202	1986	0.339926163770723	3.08073749729108
GAGATTG	4956	1.01193967497833	0.0450305526351237	1596	0.154758742708217	2.29395584410738
GAGATTT	7479	1.42890073416149	0.0706587881728618	2582	0.417895048038986	3.25033798154038
GATAAAA	10599	2.29345350430489	0.574273893560649	3697	0.286883286307923	3.94348359605066
GATAAAC	4842	2.20032683198822	0.324789232107332	1520	0.281783295240095	4.23464203042464
GATAAAG	6103	1.97437780016875	0.240519145130659	2071	0.261161101766068	4.23996362524422
GATAAAT	6831	2.03728346091787	0.426290025811226	2204	0.244439957155327	4.60605207302006
GATAACA	5041	2.28533514570068	0.268853702505214	1648	0.192962166231816	3.26467857310045
GATAACC	2784	2.1032705134951	0.298706992421695	924	0.290292771103075	4.54183933176492
GATAACG	611	1.9117900860719	0.34695821423154	183	0.15243115956386	2.42418618239816
GATAACT	4319	1.95622122711737	0.377808728795094	1526	0.271903609116509	4.21225614784984
GATAAGA	5214	1.68667565161789	0.151826297023175	1768	0.279267568579093	4.29128877491923
GATAAGC	2675	1.76611183077191	0.181195088968871	823	0.2595969347422	4.66867473465451
GATAAGG	3849	1.92229874381637	0.226408893546882	1335	0.349028334306259	4.63734084605103
GATAAGT	3908	1.74322801441337	0.27737177919898	1344	0.175170864714126	4.73520785428547
GATAATA	5283	1.738478617264	0.38197071431203	1860	0.0904231766059631	3.36469055550457
GATAATC	2788	1.99549778901616	0.269991118435815	898	0.163575158815105	3.92670233176922
GATAATG	5150	1.96849049657969	0.371070864098998	1748	0.0773497485182011	3.27322227267272
GATAATT	5309	1.85778399475793	0.425512390297798	1804	0.178694871174119	4.10178855345392
GATACAA	5988	1.99823459859078	0.289062760354776	2096	0.242785705167575	2.19495723150901
GATACAC	4055	1.45502199304138	0.128201477851463	1298	0.251756124234004	2.68007975322473
GATACAG	6245	1.4010983855746	0.0891375917520433	2056	0.238675776364496	2.89956188110699
GATACAT	5740	1.5983057565302	0.179476201111477	2010	0.353186632556308	2.92372198811597
GATACCA	4071	1.68387098720595	0.125670721440952	1379	0.200416406475129	2.14150545905318
GATACCC	2858	1.44244130162716	0.169882271612963	977	0.221037185746431	2.95638982738141
GATACCG	472	1.35999220655569	0.223184524234278	131	0.328324624464867	2.14877202481607
GATACCT	3750	1.2505098335244	0.186241082400008	1205	0.459195142325371	3.62030598097995
GATACGA	445	1.19498451692284	0.109642743996122	181	0.247987983499339	2.70328239108018
GATACGC	373	1.88258454156686	0.18980480281607	104	0.309279195538316	3.57480066390137
GATACGG	549	1.54923819120692	0.151871857466172	165	0.51200592998135	3.32599415562863
GATACGT	567	1.45721904004904	0.164660706616029	191	0.34668748586188	4.14857406510669
GATACTA	2768	1.48011997997131	0.261622150602299	936	0.107995637820962	1.62305545269397
GATACTC	2660	1.36768468569629	0.236771295787241	877	0.28634652836876	3.46453487290474
GATACTG	4240	1.23868097754089	0.228855774910737	1434	0.204755631274503	3.46137182633634
GATACTT	4536	1.41310335863254	0.323543169301339	1477	0.307589687117476	2.96971504765851
GATAGAA	6751	1.68485292739127	0.16249555397924	2308	0.27027229744351	2.9359648306114
GATAGAC	3393	1.40968473308735	0.0739909382520593	1083	0.171889776998422	2.40732204814952
GATAGAG	5724	1.10275900207949	0.0535985997092077	1881	0.136127842590314	2.4410982404689
GATAGAT	10290	0.908303767218827	0.052314077076499	3452	0.112066386272722	2.20634477442255
GATAGCA	4973	1.0594654553657	0.063149096703951	1659	0.406414054658784	3.16147752034622
GATAGCC	3264	1.63233903256881	0.0740846296660718	1064	0.480632354707744	4.50695029971876
GATAGCG	460	1.77586094100586	0.143002235358103	144	0.443996679421939	3.67361177094545
GATAGCT	4053	1.12237293175308	0.0599227969980779	1300	0.640029317446062	4.58047402428697
GATAGGA	4777	1.30694535547534	0.0737231830512043	1594	0.216591506566154	2.54793193020871
GATAGGC	2518	1.24694358979395	0.0822431841999254	825	0.209002079576584	3.18765362482682
GATAGGG	3606	1.09930882024191	0.0725621473349277	1296	0.250062182990872	2.8982019598411
GATAGGT	3193	1.11784070536867	0.0904342211832835	1021	0.116461329149927	2.82575753494164
GATAGTA	3033	1.2700727402203	0.128951263829421	1016	0.203588114596913	4.29993750661407
GATAGTC	2336	1.39599861670644	0.120538664610217	820	0.222009940481513	3.58444464406368
GATAGTG	3247	1.07908652381279	0.120137831733136	1046	0.160838306694357	3.13350815090217
GATAGTT	3679	1.29982571445019	0.155745038146816	1137	0.345003171065967	4.21522402154623
GATATAA	6046	1.58058923755023	0.319978966082438	2031	0.15139902694747	2.68911714716024
GATATAC	3262	1.89868178719332	0.271252134166803	1153	0.355581485320751	1.96934045024445
GATATAG	4507	1.18860486086907	0.14255689876892	1579	0.18036742173208	2.82773327686425
GATATAT	6300	1.22281609400263	0.252620485747756	2203	0.234171255488029	2.11538609998441
GATATCA	4327	1.41211853802902	0.155261951034134	1407	0.132185037623419	2.74545498967432
GATATCC	3148	1.75161534966612	0.254659265381489	1051	0.269363351310015	3.26870664722872
GATATCG	387	1.99065359882442	0.347701442261807	133	0.206297890686741	2.09439997439749
GATATCT	5358	1.54807028687442	0.249505113714716	1829	0.349249350637423	4.07799546012853
GATATGA	4833	1.38744606548921	0.121156630070614	1628	0.158799098078412	2.91887865991748
GATATGC	3227	1.18694273869121	0.135889806326653	1054	0.224122793995232	3.44428538113183
GATATGG	4957	1.43774838295414	0.157042666052588	1722	0.372593254004567	3.19827536601481
GATATGT	4805	1.43420638582292	0.158621770159192	1586	0.316126687690535	3.51592016266879
GATATTA	6615	1.63051287711655	0.361415116942133	2316	0.171898760679078	4.16107692588778
GATATTC	4420	1.7148490632369	0.346510953414107	1563	0.259817857656869	2.86061676080056
GATATTG	4189	1.37862278943183	0.343614213433954	1384	0.21031353028256	4.35024250333223
GATATTT	10207	1.89618400549585	0.457430360831606	3521	0.536940414468429	4.14073655530836
GCAAAAA	7524	2.31932356504435	0.360375140330902	2600	0.415939770030392	4.03677087857282
GCAAAAC	6277	1.85938091822682	0.175837561207663	1924	0.486542493204025	4.29399543439643
GCAAAAG	6733	1.91151463200253	0.128961584893252	2421	0.344796499347398	3.67141510555657
GCAAAAT	7462	2.31058838827365	0.244311262655575	2548	0.369479605204484	3.91581502623767
GCAAACA	9210	1.37419042679843	0.0814782015793119	3128	0.26650492472242	3.28530320483051
GCAAACC	4557	1.58661204183733	0.0996085336780021	1521	0.496084036791934	4.64958361311606
GCAAACG	1053	1.4463312191438	0.116507953517484	387	0.297231213381074	2.51530849742024
GCAAACT	5909	1.53900508366486	0.133152085117569	1932	0.39763835144933	4.8033122890549
GCAAAGA	7933	1.7432970449915	0.0969600843353263	2568	0.487030033702423	3.59853346665796
GCAAAGC	6279	1.79712345498281	0.092767771605948	2122	0.609782890736399	3.83630532273414
GCAAAGG	7226	1.7026419953226	0.0764491705151328	2338	0.606361234935616	3.76416559250143
GCAAAGT	5603	1.7357018736248	0.130039648142156	1791	0.402803074903831	3.27194395053728
GCAAATA	6397	1.61823347247562	0.193238936972626	2141	0.149968722446238	3.3637105858186
GCAAATC	4344	1.66065660638432	0.145290827768306	1415	0.29524432260802	3.68804413421722
GCAAATG	7655	1.69774338669801	0.156992083458643	2660	0.195731749403159	3.01395596609015
GCAAATT	6014	1.76929202893996	0.206837273178958	2056	0.309272791229321	4.33015843857348
GCAACAA	5343	1.91639738857196	0.105306695089197	1837	0.251085932701387	2.5052180331093
GCAACAC	3797	1.10757550486325	0.0443136854840607	1256	0.34200732732935	2.97266798012694
GCAACAG	6635	0.991781420614833	0.0378029288005517	2135	0.170418177877428	2.31202523516292
GCAACAT	4206	1.10162324650833	0.0508144117813368	1424	0.316409503525244	2.131519401771
GCAACCA	5670	1.19301051070937	0.0493590074960235	1897	0.161265000834353	1.94946430732225
GCAACCC	3907	1.57165599362376	0.0709296557004167	1335	0.235754030654238	2.13873900000686
GCAACCG	689	2.14889297130995	0.0957429136455858	188	0.34386170382912	0.903970611487591
GCAACCT	3512	1.38684387089795	0.0653829310705737	1124	0.348319654571464	2.33265483178014
GCAACGA	566	1.02613926568142	0.0591970291670396	178	0.283010769776569	1.8965117512947
GCAACGC	596	1.90267708839337	0.100793301107713	187	0.317834089279577	1.56887352086264
GCAACGG	750	1.34097062037467	0.0804980679596848	216	0.425228410957895	3.30646976589146
GCAACGT	701	1.61112498073906	0.0937834545454664	239	0.257918566934198	1.61903529560544
GCAACTA	2751	1.36881311570377	0.0770396339255023	911	0.146175684569826	1.81046257822283
GCAACTC	3633	1.42253690295321	0.0781673261175664	1221	0.324008024727269	1.68963399766342
GCAACTG	4528	1.2859805632264	0.070530703073129	1460	0.219469216455871	1.39024877647065
GCAACTT	4279	1.55785501469479	0.0915119638984065	1384	0.303759520486316	1.7211172567102
GCAAGAA	7444	1.29794839832727	0.0655289264011049	2782	0.222294750695942	2.61474133284083
GCAAGAC	4482	1.00530070853099	0.0365343992250891	1412	0.281995554193824	2.62660888761896
GCAAGAG	7356	0.855299581653219	0.0332012509114183	2435	0.184349416352072	1.85905671260508
GCAAGAT	5444	0.880906422495249	0.0318354540609937	1845	0.294812205717362	2.3034431496421
GCAAGCA	8848	1.20738154263465	0.0374515326398778	2915	0.256745260485136	3.08685976179923
GCAAGCC	5784	1.32047490562295	0.0476260843694265	1865	0.58219023462688	4.26388015869677
GCAAGCG	1060	1.73749725434897	0.0726500374213998	318	0.333673719987787	1.17735204608919
GCAAGCT	6124	1.29339734854617	0.0458259138764311	1987	0.647258291896167	3.94830403902579
GCAAGGA	6177	1.08208571119051	0.0390193056521819	2008	0.186133991285241	2.22271286433762
GCAAGGC	5226	1.25892860916481	0.050974216126641	1676	0.213509271130819	1.48086947010536
GCAAGGG	5382	1.24941624583784	0.0553753630006695	1769	0.144902102316372	2.3297258099454
GCAAGGT	4407	1.24720073591343	0.0578848063534322	1339	0.183966591677137	1.36763097642167
GCAAGTA	3709	1.36052335811408	0.0649554712466023	1236	0.196523549505179	2.29738819510984
GCAAGTC	4079	1.37938096928365	0.0636829567601896	1283	0.361944597895157	2.72012323170619
GCAAGTG	6035	1.53660982839356	0.0835472124627853	1846	0.219251376631051	1.97551950525154
GCAAGTT	4996	1.29475437842376	0.0642360837089771	1627	0.33048745331683	2.73809464719699
GCAATAA	4578	1.38462116549804	0.115842962428113	1535	0.106038034099116	2.10955753561369
GCAATAC	2934	1.02955602983837	0.0687407904500139	1005	0.183509949377499	2.88050716891979
GCAATAG	3943	0.989652372503374	0.0470803787477158	1322	0.152009445107103	2.60724183685203
GCAATAT	3692	1.40161806948606	0.100323918883685	1287	0.231348519483039	2.27800472280485
GCAATCA	3981	1.08944022466799	0.0539144898374587	1341	0.167176561191995	2.56990111674424
GCAATCC	4035	1.06303115918732	0.0539945503229122	1392	0.367039358869839	3.54681702642528
GCAATCG	597	1.38049797990752	0.0645502531339929	177	0.244531509447567	1.67212854176989
GCAATCT	4271	1.09792986004987	0.0591862984752508	1433	0.373751279755904	3.75289570752477
GCAATGA	5009	1.65107265572132	0.0863049774921263	1674	0.200554433284102	2.30068675401279
GCAATGC	3513	1.37189807382415	0.0730027341676582	1194	0.380691341250832	2.66970942767187
GCAATGG	5920	1.4991319751859	0.0765497786153427	1934	0.52358347357114	4.2385344843601
GCAATGT	4706	1.79246066333193	0.0928248869338296	1585	0.334457183766531	2.5117958968775
GCAATTA	3763	1.40392071077577	0.117805993858262	1219	0.158527430978242	2.67500852301649
GCAATTC	3463	1.3689021657603	0.0989151813111558	1158	0.345449330235862	3.47103645405068
GCAATTG	3259	1.24334495375875	0.0804017995568968	1163	0.274746334382097	3.26399073134925
GCAATTT	5048	1.46329988151655	0.142235914610017	1802	0.55335092561541	3.89246127793745
GCCAAAA	6226	1.72774196757187	0.144023269880422	2045	0.437259848263153	4.01234314832989
GCCAAAC	4041	1.68292330503551	0.0949385329523196	1361	0.401605973710354	4.01817819307529
GCCAAAG	5876	1.37032215960228	0.0677951162449438	1897	0.379399223594635	4.24182986476026
GCCAAAT	4720	1.81586116359081	0.136742186848251	1594	0.392781171096065	4.24622132675909
GCCAACA	5567	1.07117640738768	0.0450479690028058	1850	0.380115417966045	4.14978221794445
GCCAACC	3813	1.14805580798538	0.0540862186675627	1213	0.391420441393782	3.87435971285643
GCCAACG	773	1.12687781550451	0.0598402437450568	219	0.395890597391359	3.73691090193816
GCCAACT	4352	1.39841963704482	0.0729523770373962	1443	0.350775809872237	3.56400939777983
GCCAAGA	6846	1.19984089701253	0.046669383715983	2246	0.572290173154845	4.51133846669004
GCCAAGC	5276	1.40595739150051	0.0575349919358345	1668	0.502786343269206	4.68405630426407
GCCAAGG	6909	1.39883753049551	0.0514525038474421	2207	0.523459113841327	3.77536078858954
GCCAAGT	5062	1.81639905305251	0.0984906116757419	1578	0.293319982847996	3.57485554416219
GCCAATA	3274	1.12749661930595	0.0618106490150409	1062	0.200784948939476	3.10326163509182
GCCAATC	3417	1.01524779163659	0.0489448415294102	1097	0.335739906840926	4.06400388774381
GCCAATG	4176	1.23697898603198	0.0684502409091893	1423	0.224418125462365	3.37488757768483
GCCAATT	3136	1.54194829989902	0.106942660552706	1063	0.336470494724892	4.15202396781073
GCCACAA	5580	1.31209372182954	0.0625961805889933	1885	0.262838311193936	2.51443413728853
GCCACAC	7207	1.31307662150595	0.0562119516932279	2226	0.325681184373638	3.04493852272522
GCCACAG	9337	1.09440211585769	0.0436814868436859	2916	0.198480102216735	2.61333923763323
GCCACAT	6342	1.49051707268978	0.0652085438559156	2021	0.40038130857839	2.9256359343537
GCCACCA	11140	1.54334812676418	0.081708103510475	3635	0.24748809702807	2.33910538175536
GCCACCC	4709	1.76664300247735	0.137184064215708	1455	0.35239772116903	3.56257195137453
GCCACCG	1389	1.82210412313867	0.126442003360205	435	0.299433835369427	1.28717439657878
GCCACCT	6356	1.57048454254343	0.131939381681976	1921	0.352876378080939	2.63017676777687
GCCACGA	986	1.45888006856057	0.0668396978684892	321	0.245937113711971	2.17864788495577
GCCACGC	1304	1.98449780707554	0.144603276959681	369	0.471967224157189	4.04743590435622
GCCACGG	1570	1.94600609242698	0.146838074987576	482	0.432557444474638	3.6655789336438
GCCACGT	1455	1.61560351106272	0.127764115629369	429	0.318676708983468	2.40885716370487
GCCACTA	3522	1.32625164805554	0.0762653788386879	1118	0.205837145102549	2.15357803474087
GCCACTC	4575	1.69002498454283	0.106427378261038	1494	0.477822856561471	3.1597539706746
GCCACTG	7637	1.64226204592208	0.105822741486867	2438	0.265200763378846	1.96189972768502
GCCACTT	4909	1.78839596015445	0.120478014395083	1572	0.401217088852789	2.63573501401757
GCCAGAA	8394	0.985112447169527	0.0377173929799004	2838	0.200020021739767	2.68454673500269
GCCAGAC	5083	0.932202456013394	0.0298405688774502	1721	0.226666730675277	2.2606350173911
GCCAGAG	10238	0.905678900997453	0.0350015603683446	3221	0.142680114235716	1.901799434574
GCCAGAT	4672	1.12937888937949	0.0380189639438787	1475	0.212056876733867	2.58187451267307
GCCAGCA	9134	1.05977916503537	0.0361281348203786	3002	0.329848824863028	3.06567431616082
GCCAGCC	11948	1.46591171661443	0.0624798135518109	3762	0.601954434952739	4.46269818007197
GCCAGCG	1510	1.43089444698397	0.0700011558991617	458	0.384638186473945	1.77864948502302
GCCAGCT	7508	1.42847481851206	0.0601152310705032	2275	0.615378295760512	4.31991851982387
GCCAGGA	8837	1.30408414310476	0.0535233304218508	2898	0.204940002492208	2.69154953055929
GCCAGGC	8551	1.50561851073153	0.0882271866891245	2630	0.140295484821541	1.90376640565145
GCCAGGG	11117	1.41292067128642	0.0854244885020845	3557	0.176672843640273	3.28576278940682
GCCAGGT	6068	1.68667681977222	0.128243673208888	1887	0.115556086011532	1.78797188731417
GCCAGTA	4118	1.15905745253296	0.048549628846059	1305	0.230595718481362	2.54352807086878
GCCAGTC	5077	1.43758242435059	0.0721394607523639	1636	0.402473896102516	3.18877623215603
GCCAGTG	7765	1.49410615897965	0.0987382608064603	2370	0.213488757634252	2.22514249590718
GCCAGTT	4558	1.57164843336637	0.0835247928547372	1523	0.403771676055871	3.15383176874297
GCCATAA	3338	1.42002872682522	0.0957186614274533	1164	0.18224989915187	2.97856574260647
GCCATAC	2768	1.36377045996826	0.0838414415955349	1033	0.244449177396834	2.73536533648894
GCCATAG	3860	1.0429920657119	0.0461832557154783	1194	0.187604936285088	2.92426999219925
GCCATAT	4185	1.75162922701269	0.132283235042857	2380	0.413764546733093	2.32512623412757
GCCATCA	6692	1.02220338914959	0.0532982098198573	2230	0.234801306142213	3.26411202328787
GCCATCC	5682	1.30461942118816	0.0721282108095125	1927	0.458552644823267	3.96781507502911
GCCATCG	872	1.92578916199305	0.0799203805032644	289	0.330392803864153	1.82229598531115
GCCATCT	11330	1.34157150799287	0.0731705439943595	3781	0.629861184445974	4.16695163265499
GCCATGA	5894	1.3165810435609	0.0600808793604546	1948	0.19734935033581	2.9022617743615
GCCATGC	5522	1.62064866052607	0.0978047224307106	1775	0.4162559623099	3.63286760658138
GCCATGG	7367	1.63054476837528	0.0997061845629686	2301	0.343415612329117	3.65462830162197
GCCATGT	6532	1.85204239500028	0.116168801463838	2140	0.358792617336091	2.91441367195567
GCCATTA	3838	1.38231396267724	0.0832688343431086	1287	0.295268086976772	3.91555159671847
GCCATTC	5804	1.74099747352749	0.104677442739835	2070	0.504990134700452	4.30189984716558
GCCATTG	5582	1.61944237275618	0.0934090598784192	1851	0.314602821907788	3.47415959398
GCCATTT	7541	1.80298161480562	0.128340925550826	2480	0.747932547531641	4.44185521240331
GCGAAAA	480	2.62605875785579	0.252455645552856	143	0.394284817434964	2.95583206701651
GCGAAAC	401	2.16572781318922	0.129559317308992	129	0.89313432311425	6.17065872838257
GCGAAAG	804	1.04498231795642	0.0631045980341631	242	0.369581832140229	2.16431963584909
GCGAAAT	434	1.37479696833448	0.132869335130878	135	0.337297464346617	1.83427488435291
GCGAACA	550	1.67470364570391	0.0646321364505108	183	0.310255909636092	1.70009939529221
GCGAACC	350	1.01626493538587	0.0588048790224931	118	0.454003877539856	2.53066405123576
GCGAACT	401	1.50395743357625	0.0776182420286952	141	0.407672341690605	2.86786262673768
GCGAAGA	742	2.69952587352137	0.0854167132242891	266	0.453412485232541	2.5004814726144
GCGAAGC	624	1.84763737714829	0.0792118572353083	214	0.478631873336705	1.36101232274693
GCGAAGG	893	1.16997048997544	0.0607647531547933	276	0.509745641340788	1.946796188252
GCGAAGT	567	1.55344436189025	0.122972085270206	197	0.335566960564425	1.07335889841947
GCGAATA	385	0.9153813712031	0.116594653203989	118	0.25167836903251	1.94563381932994
GCGAATC	478	1.05817202735678	0.0679337128515449	171	0.346970569702651	2.08093602545452
GCGAATG	727	2.33470260050767	0.128813323223601	241	0.302790138912023	1.2357488505721
GCGAATT	505	1.47122876055268	0.135587555641747	177	0.38279300872458	2.4648702339824
GCGACAA	456	1.25999677244544	0.0848292416640563	144	0.242507275594071	2.20339921072599
GCGACAC	631	2.07336503666814	0.0824013183376026	194	0.312875567798147	2.58991766947575
GCGACAG	924	0.739337673892071	0.0417568431910092	306	0.127759743000759	1.54865352797201
GCGACAT	457	1.42244595066804	0.0689866622038806	170	0.323513910434559	2.01679948419842
GCGACCA	566	1.52681946463011	0.0799643763623321	183	0.20437869900726	1.61990124594694
GCGACCC	657	1.55975674566592	0.131670062805072	187	0.328795660201585	1.75736813637499
GCGACCT	621	1.47978566582858	0.105454316589029	203	0.299715762778028	1.24326593617175
GCGACTA	302	1.57879059788897	0.132139424173968	103	0.173514907732589	1.69012708293662
GCGACTC	584	1.87946765959929	0.148769596465705	190	0.232119909339381	1.07123505634806
GCGACTG	753	2.0871414107385	0.189662819159294	245	0.236499350111299	0.788532730531412
GCGACTT	543	1.14631073711712	0.109250085852853	190	0.249602352984722	0.940541598507963
GCGAGAA	1012	1.43944948756561	0.0924407337535228	539	0.263709468012175	2.76531635686021
GCGAGAC	558	1.30164079941139	0.0560872626441367	200	0.376042374619396	3.23622208701532
GCGAGAG	1219	1.7938405809729	0.0910448515938891	367	0.247103553245823	1.2976862151643
GCGAGAT	673	1.08470945670446	0.0545570090530526	209	0.143765064392241	1.20855666648724
GCGAGCA	1168	1.19969484154897	0.0492918847094823	391	0.207836478223351	1.92904402347092
GCGAGCC	851	1.45709043248483	0.0790284424107177	247	0.640244620415144	3.30709818751099
GCGAGCG	486	2.20533260217092	0.141428897612665	101	0.414977999587001	0.75952489103984
GCGAGCT	875	2.31692536381513	0.0966956936132234	258	0.425794357858241	3.0493821324502
GCGAGGA	1287	1.38550663501704	0.0861945214325643	811	0.494381873259723	1.90205031367709
GCGAGGC	1088	2.26867811108984	0.166638474966058	317	0.356768282786614	1.11010744538055
GCGAGGG	1052	1.81067210626762	0.204713825844744	352	0.24376205512834	1.3731600141926
GCGAGGT	769	2.45753595798063	0.280339325791607	230	0.334199029388358	1.06296362684471
GCGAGTA	435	1.04909658113861	0.0717004110291213	126	0.105631142648446	1.15374351536977
GCGAGTC	591	1.35772653818861	0.130625260110764	163	0.228174794529462	1.35054810816087
GCGAGTG	961	2.1123555042773	0.233820315550799	268	0.222243120179754	1.10972071378335
GCGAGTT	692	2.03729938496828	0.160058638544339	212	0.220140842685345	1.1318432938111
GCGATAA	424	1.03647922191408	0.0896265852371325	137	0.219357911452673	3.45199530757292
GCGATAG	398	1.33533079401188	0.0670221999045633	125	0.175836451823414	1.73186534792205
GCGATAT	348	2.97728112257389	0.157165653614795	104	0.27896856852868	1.71814333480758
GCGATCA	490	1.07090571118382	0.0554985787125691	165	0.148684309447535	1.4813248343531
GCGATCC	492	1.47105901368178	0.0783098496571355	163	0.571751308254201	3.64941617066146
GCGATCT	608	1.59074349477923	0.0879989434730979	185	0.356462646019427	2.28528227464094
GCGATGA	739	1.36303346848752	0.0817898743560965	204	0.189125033202107	2.4738207025614
GCGATGC	611	1.7519136690667	0.140899734450798	216	0.323942012695914	1.59267445788329
GCGATGG	934	1.36663174537342	0.110251738785168	256	0.386425552600112	4.02709571181274
GCGATGT	641	1.3513225541355	0.132835869007811	176	0.207565958598285	1.57701410639634
GCGATTA	431	1.3048512536357	0.107851485686254	135	0.151872074980945	2.29850089950153
GCGATTC	492	3.52196259215006	0.195164519745333	164	0.274211299504313	2.45613073734831
GCGATTG	665	1.50211237003554	0.105979730510304	204	0.243708035056642	2.15226493610263
GCGATTT	622	1.10947145708832	0.109060407921715	221	0.526177629130381	3.4586996275031
GCTAAAA	5595	1.65823333985118	0.416100703816478	1827	0.338933218358065	4.13457207074588
GCTAAAC	3305	1.64166495107346	0.325252242926623	1170	0.27043957728163	3.83363207430644
GCTAAAG	5517	1.76478677169504	0.182577841802546	1870	0.272663911560793	4.12679235640404
GCTAAAT	4475	1.48154387970693	0.345966783925033	1482	0.319157586489603	4.18409975599746
GCTAACA	4198	1.57744518740552	0.187828756027438	1464	0.236106506479612	3.88790621312029
GCTAACC	2870	1.71209171873875	0.296194308270895	979	0.387300850015159	4.57788435851699
GCTAACG	576	1.63776171736591	0.338310745799498	176	0.320898914644043	4.89969018021135
GCTAACT	3355	1.32168382711477	0.299185609280625	1120	0.339288980136983	4.57550306699343
GCTAAGA	5859	2.04099463984745	0.160591790519099	2038	0.38987790848645	4.70295321377838
GCTAAGC	3888	1.92760591255684	0.206756968858846	1157	0.376992118708849	4.57849759081103
GCTAAGG	4595	1.67211619181868	0.185039888119825	1426	0.457751010890292	4.37521847752845
GCTAAGT	3973	1.30031976964486	0.267196847451702	1205	0.263362524782366	5.16508005472213
GCTAATA	4281	1.191579790593	0.318038369494082	1469	0.102358828099249	3.40645757318746
GCTAATC	2301	1.64707797716118	0.285872237635579	706	0.307203187900117	5.92220053344124
GCTAATG	4110	1.45215822435933	0.321957198412579	1327	0.14755751281474	4.85264775335195
GCTAATT	3934	1.42263926794572	0.389297733373583	1304	0.263199814155193	5.07505978609653
GCTACAA	4318	1.17725279554037	0.105579944812655	1407	0.218999618160656	2.41456721147036
GCTACAC	5888	0.993054396137749	0.071281955106153	1927	0.191882924104498	2.77839020000985
GCTACAG	7065	0.90829953305737	0.0463484376712212	2189	0.152819059494742	2.29763822173858
GCTACAT	6288	1.19273342950842	0.0942925841648777	2138	0.347420231056935	3.12233179390393
GCTACCA	4156	1.22783765311967	0.0794115663974236	1360	0.264633490054783	2.85361187825581
GCTACCC	2797	1.27348962873575	0.121113747800125	947	0.360804144645914	2.89245841327421
GCTACCG	560	1.17428947840466	0.118696590083253	181	0.355513556625418	1.34046875160019
GCTACCT	4006	1.29186386446942	0.122530827612038	1325	0.506950953006859	3.0847435789645
GCTACGA	507	1.15269278297446	0.0900828490681794	165	0.433243386571876	4.02207022238638
GCTACGC	420	2.27635559479254	0.16921325780206	136	0.415714277441102	3.53987694513048
GCTACGG	636	1.8085116466419	0.149649939943774	179	0.56349212706521	3.87051890249368
GCTACGT	750	1.37553001397621	0.13864565264038	252	0.258530627413939	2.34075680899657
GCTACTA	2773	0.876582164312489	0.131627644146676	950	0.115372505328618	2.22948737231804
GCTACTC	3238	0.848865588079725	0.108371802547518	1067	0.338895939846002	2.85758554360756
GCTACTG	4992	0.905369761968906	0.123683020850454	1573	0.270840460262059	2.72070320735113
GCTACTT	4859	0.88699220710926	0.155837037348578	1545	0.366823698046509	2.82458241594787
GCTAGAA	5267	1.09649390368394	0.0631969740185215	1690	0.243937408540841	3.19196181112022
GCTAGAC	3135	0.925708503837845	0.0413597106692867	989	0.1742535227423	2.56396667971466
GCTAGAG	7194	0.843347451918485	0.0344986882746349	2460	0.136478112538296	2.41687610011485
GCTAGAT	2967	0.880428273662782	0.0420121917115993	962	0.254920776954375	3.61990020700487
GCTAGCA	3923	1.06848393700861	0.0385755822500077	1225	0.403460472193528	3.32066215153575
GCTAGCC	4276	1.35335316730853	0.0580487680444773	1427	0.708577760262899	3.6725802506228
GCTAGCG	496	1.75295912825235	0.0755819842240455	147	0.432951666482102	2.03584704751964
GCTAGCT	4640	1.08256520898338	0.0466991858945623	1532	0.830694473933411	4.53531216573606
GCTAGGA	5430	1.07894981989249	0.0506554094560534	1767	0.287637766397325	3.35480498951613
GCTAGGC	4192	1.23384001073288	0.0794012985611978	1333	0.170278255953208	1.2726956020398
GCTAGGG	3974	1.17283296713007	0.0853407568218461	1097	0.191865557535823	2.74888970260337
GCTAGGT	3206	1.38881553666769	0.113648244015735	1096	0.13028577244013	1.78334128622559
GCTAGTA	2263	0.847975255487854	0.0765910199539188	747	0.231462540678581	3.25450277367829
GCTAGTC	2432	1.08318606697483	0.0734082732360914	819	0.32490976762786	3.02993899354166
GCTAGTG	3810	1.06075759403195	0.0955853755791667	1323	0.184231797640548	2.94846722230533
GCTAGTT	3139	0.935331251201399	0.0976889416613936	1120	0.46066615471954	3.80190625201199
GCTATAA	4006	1.04484173157139	0.170758931440192	1324	0.141437499968546	2.98552042771646
GCTATAC	3929	1.0865561006013	0.163088522877587	1332	0.144209248589284	3.43769701174194
GCTATAG	3358	1.02337895303902	0.08381405530897	1113	0.135832776713044	2.95641405960001
GCTATAT	4601	0.927361884383248	0.149159379663005	1665	0.209386893016262	2.8788161962312
GCTATCA	3466	1.0792258726649	0.0850129073944125	1074	0.189878730625041	3.06121217191396
GCTATCC	4137	0.978722823217416	0.109771106884735	1369	0.399084514836007	4.07465500273197
GCTATCG	396	1.02075729073055	0.13626151697879	125	0.488556021571943	3.24667099797224
GCTATCT	4743	1.00592448071568	0.128330555360831	1563	0.555228269021678	3.95600353074289
GCTATGA	5434	1.2609397893571	0.0849253867110299	1798	0.260233456551196	3.36267277404349
GCTATGC	3604	1.20683715578017	0.0969788626490466	1145	0.408879459216843	3.58341737413507
GCTATGG	4443	1.44291578422229	0.131114529777103	1442	0.445842360362939	3.54861432999212
GCTATGT	5030	1.26458194422708	0.115764018531978	1650	0.430030530159114	3.37947611677704
GCTATTA	4798	1.05694691824532	0.232621751825179	1755	0.224234081087458	3.4377818019744
GCTATTC	3281	0.872041021178708	0.18932327796579	1131	0.384627150726251	4.81841939365554
GCTATTG	4042	0.941232404308372	0.165078729345019	1335	0.261781452605495	3.75268634073804
GCTATTT	5968	1.11432974295365	0.264822355787829	2010	0.699474574172772	4.73831171790509
GGAAAAA	14255	2.6733548247828	0.413910539038751	5105	0.506153184985898	3.73367782205421
GGAAAAC	9071	1.79313780718784	0.150901068413304	3545	0.554681229160067	4.83585354791225
GGAAAAG	11664	1.77761066962164	0.115745151903421	4046	0.328839236426919	3.51664089509617
GGAAAAT	10946	1.9407872521994	0.217959653318232	4765	0.318101848526278	4.07705889412742
GGAAACA	11347	1.45978466872462	0.0772938578232502	3871	0.378676813974978	3.3776570823085
GGAAACC	6116	1.35821800779227	0.0761503401704623	2001	0.475300948591229	4.69288369647831
GGAAACG	1462	1.44521534898748	0.0992969125020321	493	0.316647118968941	3.20528815827016
GGAAACT	8248	1.3836134066921	0.100913985890296	2763	0.368003846402005	3.65430082751457
GGAAAGA	15044	1.76512949483245	0.0984429630815136	5412	0.471031275455151	2.94729200493455
GGAAAGC	7530	1.53562733646725	0.0703062474117685	2400	0.514435903743267	4.52393207553164
GGAAAGG	12861	1.65626373945855	0.0668354500448045	4352	0.552274818909801	3.33150763638656
GGAAAGT	7174	1.78626863706684	0.115077609180473	2396	0.343189118247267	4.26680745649209
GGAAATA	8913	1.59883968104031	0.157667633648585	3043	0.164384096210374	2.7063878907121
GGAAATC	6576	1.58554355993594	0.110493641681259	2212	0.334002917964861	4.33125367988667
GGAAATG	11975	1.41774772156294	0.111105960315828	3922	0.148448266702706	3.12098250705468
GGAAATT	7633	1.72699323545822	0.188495542092762	2666	0.346746073670646	4.43890439085289
GGAACAA	8362	1.59106635530843	0.0862087756540187	2838	0.20817714210079	2.32098662934454
GGAACAC	6660	1.00690250725916	0.0403435678608027	2258	0.290700862343448	2.92794478728698
GGAACAG	7900	0.944533169026066	0.0352662885252845	2629	0.188338960378132	2.70637524797401
GGAACAT	6056	1.18346399225746	0.0503622272257276	2066	0.365119492940816	2.7744249532122
GGAACCA	6356	1.11230170649106	0.0483845146911941	2118	0.172862285503269	2.5048697078731
GGAACCC	4439	1.38412668789728	0.0655876108122374	1439	0.290632281136656	3.07183379261247
GGAACCG	1209	1.72268542839103	0.0693560296646236	418	0.312796963512123	1.61363627225796
GGAACCT	5428	1.4169183581726	0.0682497263836427	1721	0.337004229549301	2.66214689229275
GGAACGA	874	1.69185486745711	0.0861323825573264	300	0.31691839913905	1.40634222489657
GGAACGC	1149	2.12029528479339	0.103630318060247	381	0.201701757371538	2.04102311802636
GGAACGG	1119	2.01943192489879	0.119429151101583	342	0.378833602385879	1.64753733823536
GGAACGT	997	1.48683130932439	0.0917037378210783	326	0.331728493100685	2.764305181716
GGAACTA	4336	1.20435101330372	0.0620648939801237	1474	0.130629304462881	2.44149469174048
GGAACTC	9277	1.41241065791664	0.0686596634468984	3099	0.266616461291062	2.54161191945927
GGAACTG	8425	1.16684635902392	0.0632196797892336	2629	0.18365146305122	2.40861468632871
GGAACTT	6326	1.75490620435049	0.0921584262114345	2148	0.37814565204936	2.95678223764245
GGAAGAA	15137	1.64655141467947	0.0779187942364708	5073	0.244483948727495	2.78263421927087
GGAAGAC	7747	1.17951548845431	0.0341059322673813	2409	0.308900927971588	2.76487662920846
GGAAGAG	15763	0.950171222941624	0.0345607963799849	5190	0.167708251989306	2.60347468396905
GGAAGAT	7797	1.00699962552599	0.0344041203283585	2599	0.269438208856364	2.77474823739554
GGAAGCA	11313	1.22995690084112	0.0384183338361993	3647	0.363862789122416	1.90403409178911
GGAAGCC	7444	1.55721849687059	0.0536004487518998	2259	0.557892496124059	2.9626323893394
GGAAGCG	1233	2.29563112400415	0.0786064533995374	375	0.453727990142261	2.62054854256459
GGAAGCT	8578	1.53609506816005	0.0522236086414269	2698	0.668768458606888	3.71561695942169
GGAAGGA	19512	1.31777250681198	0.0479431748937308	6375	0.212110348748495	2.10174339382391
GGAAGGC	7646	1.51708969596132	0.0619259384331227	2390	0.171059732830412	2.1847151123659
GGAAGGG	11668	1.3601845455724	0.0612552293071031	3765	0.17098263153502	2.49316052710467
GGAAGGT	7045	1.35330514085882	0.0611634206855946	2263	0.0947486387439906	1.70494117719957
GGAAGTA	5805	1.24788137107142	0.0606787891083017	1929	0.285432365775204	1.69616992572322
GGAAGTC	6505	1.43912543139466	0.0642114838187935	2067	0.30251620214688	2.2029744951935
GGAAGTG	8670	1.59772650390382	0.0894953070024108	2911	0.221550692990032	1.95557111971325
GGAAGTT	6294	1.81189627262458	0.0817341984663761	2146	0.436809826580201	3.23859716035263
GGAATAA	6261	1.43667315349535	0.118422537055886	2110	0.092287497265853	2.36023707830844
GGAATAC	4027	1.13266363911576	0.0687992359212628	1397	0.227100560844168	3.25575403620214
GGAATAG	5245	1.13706613641092	0.0553366280852819	1807	0.126125371924277	2.74502211339608
GGAATAT	5467	1.43678635673182	0.0969833571641458	2614	0.225239082041908	1.60733403329919
GGAATCA	5644	1.31374872462904	0.0617948527067524	1843	0.213242057642179	2.55097776080553
GGAATCC	4356	1.32610066400346	0.0593931629475252	1419	0.334112499797542	3.71395030772198
GGAATCG	769	0.895985304169787	0.0491345773070479	241	0.180389754280494	2.16682658655877
GGAATCT	6393	1.26615952110512	0.0594326668164403	2206	0.377843768888109	3.29811369160657
GGAATGA	6731	1.91409984257994	0.0979203165415175	2287	0.250332856489652	1.74950174224424
GGAATGC	4902	1.4558499406442	0.074889513183181	1651	0.284826460594963	2.628020909361
GGAATGG	7666	1.76931408519255	0.0881773074285858	2511	0.423077893040915	2.40824431355002
GGAATGT	6368	1.57731076959438	0.0889090836792872	1966	0.305361610394781	3.29117674646311
GGAATTA	5469	1.44526184694426	0.106796105762975	1799	0.185755976127709	2.82843612695733
GGAATTC	5569	1.50199844476291	0.088419520984718	1800	0.295188114874984	3.62172619774611
GGAATTG	6476	1.25410684533413	0.0764822083378094	2039	0.212731402206468	3.57788743609971
GGAATTT	8960	1.57808226972123	0.130487212059504	2959	0.612648369824567	3.99060199827578
GGCAAAA	6786	2.3613288767007	0.201013398626552	2278	0.555853107800754	3.84816764052238
GGCAAAC	4546	1.81020944843517	0.115343637181474	1552	0.640292401912953	4.7742862222602
GGCAAAG	7547	1.47860096837278	0.0793408228878812	2444	0.473777676371797	3.46145897643711
GGCAAAT	5777	1.76121825149325	0.13684240175305	2010	0.637885657416417	4.73813812265208
GGCAACA	5014	1.5022934227177	0.0628612025541994	1660	0.47642783563045	2.72110168622361
GGCAACC	3005	1.29223060891487	0.059259452013812	975	0.636294959084172	3.64697108874369
GGCAACG	801	1.98662657409153	0.105769812876056	263	0.43710557209703	1.75315557910669
GGCAACT	4295	1.70525714586375	0.0845012674925026	1360	0.519901036700683	2.88571975234372
GGCAAGA	6843	1.32841514118322	0.0565729225952643	2422	0.671843253851357	3.54994975691144
GGCAAGC	5674	1.38985991780955	0.0557418087892238	1770	0.601603421092239	4.23685135642489
GGCAAGG	6603	1.80848748906932	0.0676828153168227	2022	0.533931251334307	2.73001921297019
GGCAAGT	4972	1.62411043453307	0.0912053944876166	1492	0.386592016926162	3.37788156588513
GGCAATA	3147	1.29702839018062	0.0803056787106192	1061	0.282262302596955	2.76267514729778
GGCAATC	2827	1.2554370432767	0.0625347868906435	898	0.465213743448836	3.57616694105277
GGCAATG	4664	1.54749142895351	0.100360201531699	1463	0.271284797450601	2.64003922207916
GGCAATT	3313	2.00812937824523	0.139975529434001	1179	0.498224039085903	3.74614780847231
GGCACAA	5008	1.64481954672331	0.0922545568505952	1635	0.347555120878847	2.34920484825645
GGCACAC	6568	1.35460647898764	0.0600739933838552	2040	0.414783724918841	3.19986151310403
GGCACAG	9052	1.25831365844007	0.0563807104938458	2823	0.25392007019129	2.69456696624047
GGCACAT	5699	1.54635708773456	0.0767711262172157	1878	0.528448392884698	3.22996275759891
GGCACCA	5336	1.83311035753245	0.101553808052919	1683	0.286415110027773	2.06805628127463
GGCACCC	3299	1.74264383105228	0.143936695979139	1041	0.467761474911827	3.40470282412368
GGCACCG	1051	1.91214664927558	0.149718494731451	317	0.350492952835363	1.19336158666557
GGCACCT	4594	1.80237626493956	0.149096161123232	1398	0.489650274167385	2.75367221331604
GGCACGA	814	1.78900625007276	0.0976205134647739	253	0.329935540640911	1.88897989430333
GGCACGC	925	1.83191027346271	0.125398349307639	261	0.393251787951871	2.23811484003793
GGCACGG	1369	2.0410955813116	0.163234686826166	348	0.495375105076172	2.65803521010968
GGCACGT	1085	2.05083070253416	0.147545079680461	350	0.356680989545389	2.19205628322492
GGCACTA	2964	1.83984833434725	0.109451321924916	995	0.252673166365255	2.56875063025302
GGCACTC	3631	1.44492081415803	0.100840604825598	1201	0.523423335878557	2.75319854067272
GGCACTG	7254	1.73783590748589	0.124550629848991	2208	0.342069065583876	2.23766776492078
GGCACTT	4557	1.93113564112567	0.133131643108809	1438	0.530154363014062	2.71658359422572
GGCAGAA	9633	1.46962364237743	0.0648872019393977	2996	0.361131044339194	2.99873362723743
GGCAGAC	5720	1.05287737147452	0.0408163335842236	1843	0.294322482611523	2.98649077344805
GGCAGAG	17666	1.25997926757607	0.0524387266585064	5671	0.326256788572271	2.41703790664195
GGCAGAT	7078	1.00394637823282	0.0398073504466545	2187	0.336246369058797	3.18952295216993
GGCAGCA	8863	1.36783921129641	0.051589974435493	2821	0.40752817138387	2.61711716018163
GGCAGCC	7117	1.53157389998455	0.0687622479476969	2097	0.694421381965105	3.96950479497836
GGCAGCG	1629	2.27406739435532	0.113316944852778	438	0.578905649658589	2.38997162279468
GGCAGCT	8246	1.44913761159636	0.0608661466502128	2491	0.678442817149739	4.10216548487702
GGCAGGA	11933	1.42148119636471	0.064440657308132	3711	0.27015532307946	2.61878348691673
GGCAGGC	9799	1.44971768040086	0.087300617878515	3375	0.146098383787079	2.50201623502104
GGCAGGG	10625	1.55368038662332	0.114453947041559	3224	0.235778732499906	2.94583386645866
GGCAGGT	7467	1.52587730169993	0.115538719652426	2374	0.118531757761802	1.67539603856225
GGCAGTA	3745	1.73396040406109	0.0801853878124337	1175	0.355750584785791	2.63895391535598
GGCAGTC	4838	1.58707373666136	0.0976318187730131	1673	0.434670764437974	2.70083312385487
GGCAGTG	8380	1.55397214488882	0.133940196915328	2665	0.304153515295272	2.49031015464448
GGCAGTT	5272	1.61721071188103	0.0957696542593109	1678	0.53991329770982	3.51689004440914
GGCATAA	3255	1.65453597522957	0.124717264908848	1085	0.224561594511161	2.67541880818638
GGCATAC	2583	1.29658686057791	0.0813711406812056	912	0.274400403301558	2.98018116898228
GGCATAG	4713	1.33019044305497	0.0617299181514502	1575	0.291721304385171	2.49807578367149
GGCATAT	5629	1.81558607038986	0.153188909121358	1932	0.323524316084283	2.35949415405703
GGCATCA	6124	1.19811762323327	0.051055126690147	1979	0.247516441063819	2.40180683784931
GGCATCC	4253	1.41623572464983	0.0716051288063679	1395	0.545779719303287	3.27761180954425
GGCATCG	1081	2.04599350655437	0.0845725459904184	319	0.368270368204519	2.03451246637814
GGCATCT	7228	1.71558616707045	0.0872301894632974	2334	0.745004889087719	3.45008797400753
GGCATGA	4847	1.44851905059319	0.0698828662266509	1545	0.273058289016918	2.85937440638221
GGCATGC	4899	1.55853904359348	0.0861417402199027	1634	0.370487699676472	3.09437741223255
GGCATGG	7708	1.75735455812104	0.108032313366987	2488	0.503447014821762	3.72248506462572
GGCATGT	5936	1.67222250486377	0.106987391768384	1885	0.436290534268436	3.14563044257775
GGCATTA	3500	1.37670912587907	0.0881054931424288	1130	0.368796180310627	3.81010897021164
GGCATTC	4788	2.19953193806514	0.128350628882989	1600	0.786768741714072	4.37154474239266
GGCATTG	4587	1.64860970368346	0.0944845521526098	1499	0.425886166133822	3.60323582922784
GGCATTT	7908	2.18004907968243	0.144882746750319	2685	0.867042049813896	3.51380199135105
GGGAAAA	11362	1.96953848825106	0.181084542472886	4083	0.501339843525842	3.70267760366124
GGGAAAC	6830	1.48152487368929	0.0906451586796106	2230	0.429927476875397	3.67234645151489
GGGAAAG	11617	1.8088063798403	0.0787489496022778	3956	0.296538839681336	2.49909671642413
GGGAAAT	8624	1.57710067221292	0.106825793711359	2945	0.362678058137893	3.31009006983492
GGGAACA	7869	1.24397312230337	0.0477257436428811	2587	0.455363339244136	2.67287189381562
GGGAACC	4679	1.29755298359162	0.0538996296327864	1522	0.492041711734027	3.49434278119839
GGGAACG	1557	2.02310931909737	0.0835189706484537	507	0.284926238361744	1.69866838332664
GGGAACT	6044	1.31513083307526	0.0554055754905375	1950	0.398526512291064	3.52102024846507
GGGAAGA	11780	1.38439119677521	0.0503287608490201	3793	0.336458887740629	2.89308878050358
GGGAAGC	7327	1.54483730437951	0.0577259108194198	2279	0.355267197575833	2.08118481872212
GGGAAGG	13159	1.48267719051961	0.0585576586616495	4065	0.310407734344515	2.52105084352412
GGGAAGT	6986	1.77636275382524	0.0993879940364831	2370	0.237230213163794	2.0313317237553
GGGAATA	4719	1.33659630965467	0.0722797954444299	1535	0.1805112899367	2.81013805523798
GGGAATC	4341	1.30976084586497	0.0599279522149272	1371	0.33302961926846	2.81251799106462
GGGAATG	7176	1.68946615439198	0.0917246518659244	2401	0.222804405306546	1.85164765664918
GGGAATT	6672	1.4013621138971	0.0765556581126395	2131	0.309701250898357	2.92199694363275
GGGACAA	5729	1.41297357790698	0.0934099661701443	1809	0.192894332405997	2.04452628636013
GGGACAC	5889	1.15013642637918	0.0500428980565545	1803	0.212284195020174	2.35885625282868
GGGACAG	9304	1.00204511916193	0.0458846319933195	2842	0.15509625722233	2.30381336752834
GGGACAT	5728	1.06984023545849	0.0485476668515265	1870	0.245174159082256	2.02124225129222
GGGACCA	5150	1.3247396019693	0.0720522758036418	1679	0.17562282560976	1.73078065436674
GGGACCC	4799	1.56635468361256	0.111067739041688	1475	0.248892475796442	1.9982394578462
GGGACCG	920	2.38249460867335	0.145141611054696	286	0.354848951447926	0.767787791739343
GGGACCT	5655	1.49590518304962	0.108200809664821	1832	0.261161503615017	1.64797647106255
GGGACGA	839	1.6053151458649	0.0997472285383293	293	0.228018137059728	1.85013306884259
GGGACGC	813	1.99843884714318	0.177735319472731	211	0.235312604129538	2.17565963120072
GGGACGG	1308	1.26294988435163	0.151049951394813	341	0.235981055843262	2.56124920430928
GGGACGT	810	1.46473430199015	0.155032353445353	248	0.175387518197262	1.57237621674353
GGGACTA	3927	1.29350580272897	0.0976912273411329	1377	0.115586224217613	1.45574988852217
GGGACTC	4927	1.62825726160511	0.129892478362723	1641	0.201275576241456	1.28551144133746
GGGACTG	6525	1.64311248564821	0.138273357484314	2140	0.183213925673834	1.07770020442451
GGGACTT	6216	1.80442429534366	0.150892653970559	1991	0.195827014264877	1.36785621208498
GGGAGAA	10103	1.49556276944362	0.079167332830557	3319	0.220959737675931	2.34623522140684
GGGAGAC	6920	0.983906096170436	0.042288108122866	2185	0.207230761708723	2.25214650173776
GGGAGAG	13974	1.34691198475562	0.0753493437097694	4583	0.21301769236895	1.48676012230798
GGGAGAT	6747	1.00859475701416	0.0450706291289885	2208	0.160861026763669	1.70406582646692
GGGAGCA	7396	1.0056885833173	0.0468672345365615	2352	0.22554015889391	2.67141220904623
GGGAGCC	5853	1.31533262539647	0.0650074464412624	1736	0.46621701372751	3.36819370464699
GGGAGCG	1343	2.0396794277386	0.119901702104087	380	0.320583060669155	1.21244157394203
GGGAGCT	6476	0.997069385770141	0.0547862632794604	2178	0.361243096486021	3.48396161933002
GGGAGGA	12271	1.28870840174263	0.0703226275008172	4069	0.17089873181837	1.79867632342728
GGGAGGC	9708	1.63324149526128	0.129275332353197	3059	0.246738502067759	1.29317891546212
GGGAGGG	18023	1.72365698416843	0.183735921202773	5738	0.144006789429913	1.70613188362474
GGGAGGT	6545	1.96572018917943	0.228688585897186	2115	0.211410583928618	1.2421277851166
GGGAGTA	3288	1.01814108507485	0.0675108039678082	1053	0.094536610074969	1.85311480225942
GGGAGTC	4483	1.5537654998143	0.114763254981435	1414	0.18722723174864	1.4705706048596
GGGAGTG	8048	1.94054398006102	0.212927670189365	2736	0.221172351982833	1.53188766008511
GGGAGTT	5082	1.60073367169682	0.116825077539831	1574	0.173802022629249	1.63823420662467
GGGATAA	4132	1.49830062095348	0.104841563253338	1405	0.134470220235836	2.44568228646847
GGGATAC	3045	1.24691182914828	0.0710425994662807	1033	0.208715275001717	2.13613834964107
GGGATAG	4907	1.12336373735588	0.0588513862025913	1590	0.133451799405987	1.79587586638031
GGGATAT	4150	1.86312615990351	0.109081223605697	1346	0.295313281163399	1.79027359285352
GGGATCA	4310	1.22072062678426	0.0576947263842723	1421	0.190522890148719	2.60273272241513
GGGATCC	5102	1.31080778878827	0.0674685445411655	1722	0.300273827941914	2.36824036168382
GGGATCG	681	1.87254684786344	0.0890290549935527	207	0.192690805181217	1.03600435734366
GGGATCT	5353	1.11595707645854	0.0590758512331816	1700	0.316107468749319	2.81300739437215
GGGATGA	5867	1.5734077710825	0.0850040513575926	1920	0.178341398393852	2.58612181831263
GGGATGC	4965	1.67640607766196	0.10404005842924	1483	0.287034960269	2.52631374103232
GGGATGG	9090	1.40981160891241	0.112426152532677	3006	0.229043851013008	2.92635615495105
GGGATGT	5391	1.92364369732097	0.149904880126746	1779	0.198788847934316	2.28944686457068
GGGATTA	7464	1.75858753003509	0.120772095349563	2446	0.268012196221338	2.93184299055947
GGGATTC	4062	1.63624061876981	0.0968376692996726	1345	0.38222221695703	3.0787908858988
GGGATTG	5398	1.36667104116988	0.0907064256790282	1939	0.226097744031818	2.60188448077013
GGGATTT	7166	1.63345187656161	0.110338594525615	2448	0.497950792010239	3.04504275851671
GGTAAAA	6003	1.7963580004818	0.425191766513708	2008	0.604023621931276	4.39387796125966
GGTAAAC	3100	1.98796770262256	0.270347603568157	1016	0.537905136653297	5.93252956899942
GGTAAAG	5539	1.89208762024699	0.149812037964985	1803	0.483790879231072	4.41174199031254
GGTAAAT	4459	1.6368932528651	0.294143285256852	1449	0.5263467263006	4.87417771263531
GGTAACA	4032	1.83133054462491	0.193917752004069	1376	0.376834285418767	2.56739696508246
GGTAACC	2581	1.61950656386794	0.213431151771698	829	0.470555385676429	3.95776913074389
GGTAACG	470	1.34574182793461	0.276683365571389	144	0.267138315898326	2.38868338778989
GGTAACT	3716	1.39166231283083	0.234019335474753	1197	0.424931761693868	3.59751667595577
GGTAAGA	5571	1.858832423903	0.148985344864588	1804	0.46078483527869	3.88077378489362
GGTAAGC	2528	1.74921334522741	0.146701941130096	859	0.532338178420557	4.6186219248683
GGTAAGG	3929	1.42802953254536	0.140965145566494	1304	0.530601443168077	3.62273867839124
GGTAAGT	3211	1.41209986795141	0.208129375342801	1135	0.334976670747026	3.54112382316014
GGTAATA	3074	1.4034439182547	0.29231254533653	1091	0.18581534879395	3.76586999779518
GGTAATC	2107	1.47975729840916	0.228042457892662	712	0.478532198168174	5.35324801943015
GGTAATG	3402	1.56647460508358	0.263855872948348	1164	0.195334590357467	3.07736410088424
GGTAATT	3808	1.35136918944291	0.310462337267141	1338	0.358259108537086	3.76006743202039
GGTACAA	3505	1.36140396514507	0.0997343144159384	1155	0.330325819225688	2.69320841788953
GGTACAC	3169	1.36958662805879	0.0807016765634383	1053	0.311982851000856	3.28467254730556
GGTACAG	4905	1.27864517499783	0.063755703015147	1572	0.242016116020868	2.56593042078875
GGTACAT	4330	1.48484184954977	0.100662383302666	1470	0.492086776090144	3.03841912603452
GGTACCA	4229	1.7496560098245	0.112155033327591	1347	0.277687613352959	1.81268033739205
GGTACCC	2499	1.96871898035879	0.166317479313606	820	0.399936723414292	2.91430510905233
GGTACCG	471	1.23679063729434	0.11689972187546	155	0.409192283343946	1.42370829836715
GGTACCT	3594	1.87451966407777	0.170279955826823	1165	0.540169110685204	2.58574112023152
GGTACGA	368	2.09618698176579	0.109379306410938	105	0.415489456777056	4.15234555269831
GGTACGG	491	1.44507951131646	0.144293625499414	149	0.624470376464387	2.99555972077841
GGTACGT	633	1.80845635501294	0.1889042004398	211	0.536252067749312	2.46402673400602
GGTACTA	2095	1.30501564688572	0.119915014284894	695	0.188352534996098	2.12710956868011
GGTACTC	2352	1.26618834730595	0.117065362037303	786	0.410152094731214	2.70774449921411
GGTACTG	5174	1.57276144217318	0.166767985911525	1748	0.237728261967673	1.89707692132784
GGTACTT	3946	1.24332712405877	0.155406890322138	1341	0.548356110582215	2.9891513466842
GGTAGAA	6142	1.23956010332208	0.0660422982983997	2217	0.35019501624623	2.96898037241252
GGTAGAC	2950	0.917691701878623	0.0412721429648088	987	0.252282464733041	2.97619710826334
GGTAGAG	6684	1.05526847330886	0.043601820316319	2153	0.237074945751819	2.62374878057853
GGTAGAT	4342	1.07631111421997	0.0450784581018766	1352	0.297072724878557	3.17647326860704
GGTAGCA	4009	1.36523048811201	0.0544643041520006	1375	0.437060983891826	2.78783900311015
GGTAGCC	3109	1.52767877257475	0.0717372354642995	952	0.739725372296094	3.72845604992401
GGTAGCG	536	2.03193604116874	0.106405952151273	161	0.593685274676319	2.14843746651931
GGTAGCT	3871	1.60062387419033	0.0614312810801363	1313	0.916536737307165	3.83182424354337
GGTAGGA	4827	1.49410863764941	0.0720838245470889	1552	0.356104238566509	2.94983980501918
GGTAGGC	2890	1.6173705131197	0.0904205470271153	872	0.290076550739119	2.6957844984883
GGTAGGG	5302	1.39468411589971	0.116680117724423	1771	0.279543438329448	2.71341415801613
GGTAGGT	3839	1.74054876546284	0.127404140961307	1189	0.193130853362785	2.01073589590534
GGTAGTA	2755	1.22129605180561	0.0809785548271409	941	0.249619251594911	2.34957155161268
GGTAGTC	2212	1.31458982367713	0.0910774978461782	764	0.472484172733359	3.25637064174788
GGTAGTG	3733	1.32377302131069	0.115937093410482	1187	0.312349580086459	2.33774023019212
GGTAGTT	3195	1.19397569513748	0.0926627602360016	1048	0.584082485469242	3.81050840189326
GGTATAA	3348	1.10594851359638	0.148320773417314	1156	0.194204374640644	2.89560857735816
GGTATAC	2031	1.31672902104869	0.134663977155598	703	0.193051240776046	3.25333757977583
GGTATAG	4173	0.910865164420982	0.0715686669299108	1440	0.164021779808291	3.00317684302594
GGTATAT	4516	1.22360860937046	0.135840751664306	1469	0.287499458294383	2.60641781486895
GGTATCA	3817	1.37713382898024	0.0741917483015758	1243	0.261027249741677	3.19495007761955
GGTATCC	2672	1.35699268736135	0.104286441628297	882	0.390609804131637	3.64409221990782
GGTATCG	401	1.16151016520576	0.0965320964699544	111	0.385868362638739	2.14906063811086
GGTATCT	4271	1.21325789494268	0.0946147102055588	1446	0.611554824516251	3.6395680095315
GGTATGA	3444	1.25533116834712	0.0782643975127985	1101	0.31210578578195	3.3391160777202
GGTATGC	2446	1.26481235995912	0.0905801403442394	842	0.477203166640173	3.61966418278222
GGTATGG	4728	1.62749002077696	0.147024400612184	1603	0.503709928696958	3.37442322239005
GGTATGT	4712	1.83604672206447	0.139923143313195	1454	0.5531184901371	3.35998404669325
GGTATTA	2969	1.04287015088269	0.124134245893152	1006	0.228669124886831	3.19161962797964
GGTATTC	3471	1.14402886705347	0.141564492712296	1262	0.503772263608014	4.34516897721928
GGTATTG	3772	1.20310429004439	0.133814858617425	1263	0.415216260339968	4.18541576129058
GGTATTT	7293	1.32835677044288	0.185403640113801	2505	0.865747295874338	4.42400951321809
GTAAAAA	8427	1.80432889974809	0.491239687543132	2846	0.473758883617536	4.35560818353411
GTAAAAC	5334	1.97759599100573	0.314277837912072	1757	0.54011953787305	4.90541084965962
GTAAAAG	6074	1.90525253824873	0.194543300473709	2065	0.396011912728278	4.29625282810567
GTAAAAT	8354	1.73081674151499	0.408883701739166	2866	0.376932288369215	4.50288194852206
GTAAACA	6604	1.72830159245939	0.176665561112756	2184	0.338099740401881	4.46939043031449
GTAAACC	2908	1.67773803781018	0.201474772205126	952	0.601800960752778	5.86210894435877
GTAAACG	817	1.52863475558999	0.236957718544146	282	0.270421089935484	3.34012807311657
GTAAACT	4323	1.61137957653219	0.250783037451101	1373	0.462855632266571	5.2832044982075
GTAAAGA	6900	2.10473263687783	0.168091728635612	2353	0.455425186510732	3.93363085387223
GTAAAGC	3889	2.01539139072712	0.153099296930715	1328	0.673567878470299	5.87437900707337
GTAAAGG	4870	2.03594455000168	0.147174762941642	1568	0.623910546461627	5.27427095265683
GTAAAGT	4676	1.59150867215531	0.224598046002989	1567	0.334258021653654	4.30748231248417
GTAAATA	8061	1.55067086756151	0.354093119797847	2753	0.153668592380039	3.39084061295781
GTAAATC	3239	1.7874741162587	0.272356496079138	1099	0.33615924212769	4.62184373641405
GTAAATG	7769	1.69672824265608	0.282747482799819	2603	0.187522632253867	3.93926341166109
GTAAATT	5639	1.66924748200422	0.419245440553783	1869	0.412032633729005	5.37998141170728
GTAACAA	4705	1.21802964130416	0.105026834733553	1556	0.204805102765796	2.20463538322954
GTAACAC	3410	1.22511986206593	0.0712242296301957	1181	0.268649941004534	2.74830825539791
GTAACAG	4689	1.06167053617273	0.0566534024702504	1521	0.178443494347177	2.48532027098508
GTAACAT	4445	1.26800173302676	0.0871674414474464	1516	0.264522684002749	2.37154134482625
GTAACCA	3724	1.36824971195841	0.0861671314137424	1178	0.14015262514037	2.12421462236605
GTAACCC	3252	1.39014957793127	0.105248458713051	1026	0.266482003783248	3.00330670899321
GTAACCG	517	1.53974503262443	0.109761904587991	183	0.275268946654097	1.05776801973531
GTAACCT	3136	1.3993366713498	0.115217384632341	1044	0.351814401790485	3.04377710014633
GTAACGA	551	1.38280919634407	0.0963875093614772	200	0.2006358953272	1.61735505073999
GTAACGC	350	1.27181952334506	0.111373262906372	102	0.572644168337782	4.29245572547584
GTAACGG	555	1.65890204901326	0.137122587595842	174	0.55904454901179	3.34257400033113
GTAACGT	559	2.03619613841846	0.161033548740219	180	0.33086389696017	2.67865216540158
GTAACTA	3578	1.13337511294655	0.129068717396582	1117	0.113384685632317	2.11198870576287
GTAACTC	5028	1.12383701778981	0.12262812396111	1788	0.356630452352431	3.0144895462923
GTAACTG	4681	1.13821613820562	0.112691571711029	1552	0.188557889277184	2.10424879803239
GTAACTT	4672	1.19018940471456	0.142592105587957	1430	0.360211857532996	3.13840470360041
GTAAGAA	6936	1.1906258656605	0.0723856413787328	2335	0.233401364202165	3.08450587635637
GTAAGAC	3486	1.04970104400215	0.0478728707752355	1117	0.267702686681164	2.89761813129156
GTAAGAG	5973	0.939230486595676	0.0422178202857697	1920	0.177424621076693	2.41572880597107
GTAAGAT	4641	1.06188600271772	0.0528386519388736	1557	0.283712046018103	2.91029317482181
GTAAGCA	5343	0.99191532852172	0.0413397830551086	1783	0.37592275640151	3.61638041516565
GTAAGCC	3673	1.24664469334607	0.0594333516867872	1238	0.77227003551835	4.49578846247476
GTAAGCG	534	1.21987806122326	0.0650678708353501	174	0.479810329459895	2.34614118653397
GTAAGCT	3778	1.19637443998161	0.0574459840914258	1232	0.823178937798059	4.60357506343529
GTAAGGA	4770	1.15434459500639	0.0591424897691234	1608	0.260982571084563	2.73859732119314
GTAAGGC	3357	1.18858015849277	0.0677224143840999	1083	0.232954077116082	2.50554162863471
GTAAGGG	3559	1.21424591885213	0.0761080303408639	1170	0.254701859171158	3.39930239693313
GTAAGGT	3087	1.16748628858152	0.0864327181165028	959	0.15589953653656	1.8545514059649
GTAAGTA	4766	1.45204499203453	0.0940638143590258	1627	0.212449710424901	2.71712664410238
GTAAGTC	3120	1.1520528873202	0.0865745895309616	1074	0.433541922223205	3.53389805060832
GTAAGTG	4487	1.33611258951317	0.105168261326871	1492	0.253014512964261	2.91004576870583
GTAAGTT	4233	1.20856060771706	0.1058498720353	1411	0.561356643137874	4.29613188713451
GTAATAA	5477	1.05431905817904	0.138958496895129	1855	0.0825187222362165	2.07812367379028
GTAATAC	2477	1.04492023110562	0.100591197855517	796	0.170334864461265	4.22335593812845
GTAATAG	3329	1.01407656158956	0.0723364725754525	1099	0.126159193192885	3.94613681984738
GTAATAT	4592	1.23451997155619	0.145626942084271	1571	0.173588395791332	2.75887208498217
GTAATCA	3386	1.17701751023934	0.0786269836798585	1061	0.16435776812653	3.08968403867102
GTAATCC	3237	1.05885148576338	0.0842483529027329	1087	0.28826815747589	3.46422081277863
GTAATCG	377	1.1437526379589	0.0867834450537288	131	0.223377807262793	2.51013729741337
GTAATCT	3623	1.04050937097706	0.0868767049395228	1174	0.448054388289987	4.10565638303463
GTAATGA	4780	1.18887211433056	0.0823669809849272	1551	0.160546041751797	2.70952753398046
GTAATGC	2371	1.38971652321141	0.0994479825544434	756	0.355997802245531	3.70413305932323
GTAATGG	3873	1.52087045103945	0.106375407812812	1312	0.389020720876284	4.24410757237618
GTAATGT	4166	1.46131437004885	0.112769153990474	1354	0.310607374505214	3.47052525808927
GTAATTA	4769	1.17954048392126	0.173779680164065	1662	0.14704960121911	3.04563725255055
GTAATTC	4010	1.09886878131358	0.158495147295766	1349	0.372970528505745	4.48523349587099
GTAATTG	3982	1.08852179607912	0.11547878197797	1447	0.223334864426285	4.03289049887443
GTAATTT	6960	1.11261697858534	0.23137821317626	2392	0.576610967224052	4.49075336064493
GTCAAAA	6105	1.66231525503737	0.273929699986886	2044	0.530540491130534	4.28052201083518
GTCAAAC	3406	1.54204007983535	0.141801661226964	1070	0.580046233756772	4.7227026348697
GTCAAAG	5732	1.65806613994303	0.101352998722182	1897	0.455296070380322	4.38085352117113
GTCAAAT	5276	1.56780503032063	0.183611688583162	1787	0.487838808919196	4.6906001732228
GTCAACA	4510	1.43705503918538	0.0853672562779736	1404	0.388953220603302	2.83222471400779
GTCAACC	2558	1.60694230724565	0.103650735173133	858	0.613637191450677	4.40878308793592
GTCAACG	567	1.63910004417583	0.141854811238366	186	0.308138173214867	2.21526147521563
GTCAACT	4499	1.16507912731091	0.103971816770446	1490	0.455181234923718	3.61196244793279
GTCAAGA	5257	1.35642610790213	0.0715275558017947	1821	0.653610874787494	4.22666690696674
GTCAAGC	3098	1.47343058828283	0.0788337525203649	999	0.66565777241605	4.87053674299111
GTCAAGG	5007	1.60548068734638	0.0798995943881873	1627	0.625059432474465	3.84875622127778
GTCAAGT	4932	1.33446108778261	0.115058810550729	2028	0.392927845578677	4.00679961844933
GTCAATA	3797	1.27583478210417	0.139490896761654	1281	0.285098662587237	3.64190549627568
GTCAATC	2556	1.2629521656633	0.0958624954021046	835	0.485675203948299	5.03479334842798
GTCAATG	3991	1.43624371407997	0.125457845489014	1344	0.276480709257129	3.90952847665464
GTCAATT	3724	1.46520492243433	0.216311767092318	1315	0.484852890610615	4.62242301705581
GTCACAA	5753	1.3401292854485	0.0673859702829106	1973	0.332231717190952	2.61357231115202
GTCACAC	5651	1.13322411950894	0.0495057871663397	1792	0.350905459579508	2.99170776092773
GTCACAG	8930	1.15917169189559	0.0479354183747359	2842	0.303248406222042	3.24019538864592
GTCACAT	6017	1.30254198715476	0.0597618437974016	1991	0.449377863560076	3.49646131203089
GTCACCA	6488	1.36793178287592	0.0798018207148964	2121	0.362243763978571	2.83432498519914
GTCACCC	4113	2.01121123645038	0.139393425842174	1299	0.575556442503521	3.9051496539449
GTCACCG	1015	2.13881630138691	0.143266944868132	318	0.449970436536255	1.68222940616127
GTCACCT	6604	1.84491124744096	0.142816682891962	2091	0.569599756003474	3.26097872937152
GTCACGA	768	1.29918783469967	0.0707407638379583	219	0.332288813916683	2.46450446988829
GTCACGC	847	1.29772200709698	0.0806225267623697	204	0.489156228170768	3.62348884306648
GTCACGG	1146	2.19709901050619	0.159716645041779	364	0.549275785693498	2.95034575299324
GTCACGT	1232	1.36033613659206	0.102328857738646	381	0.466406816791933	2.7597087269722
GTCACTA	3843	1.24550234820375	0.079591166109439	1309	0.281406995701463	2.76074442979512
GTCACTC	4553	1.53465035427978	0.102712351650117	1487	0.628279965379751	3.9323941377836
GTCACTG	8345	1.54448362448459	0.114222381452909	2695	0.381189171056522	2.8432690000708
GTCACTT	6694	1.48766837234275	0.119096936702644	2145	0.592066883396661	3.48991747261113
GTCAGAA	7880	1.20847604223548	0.0483995029059586	2621	0.36751264648183	3.04283718805414
GTCAGAC	3925	1.00007230487695	0.0356343704959355	1275	0.379459801372658	3.41624296652963
GTCAGAG	8837	0.978826679438982	0.0382254581117833	2849	0.246415509770162	2.53604138914468
GTCAGAT	5437	1.05765042786912	0.040149903040625	1777	0.33736459016699	3.69938595080769
GTCAGCA	6581	1.17218067038491	0.0400877601399786	2255	0.572842200156454	3.47291825625973
GTCAGCC	5291	1.56980996777766	0.0648847175382116	1695	0.85026378042626	4.29113058415795
GTCAGCG	1383	1.84414060545892	0.096350980176941	510	0.809698462897007	2.78908387976966
GTCAGCT	6711	1.29131055691335	0.053129947064866	2131	0.930431592202085	4.95343975006734
GTCAGGA	7550	1.15189255160769	0.0508976661421467	2428	0.280962344285296	2.48090796422744
GTCAGGC	4996	1.40167504237642	0.0840107789099009	1615	0.218234567457498	2.63253635101416
GTCAGGG	6740	1.34678083802207	0.0837620043723736	2153	0.349077467068207	3.93233667379207
GTCAGGT	5038	1.5529244693993	0.11120330834153	1625	0.126339561169911	1.90191928867797
GTCAGTA	3952	1.38451091806165	0.0623260872310152	1266	0.380992404710987	3.40354538292539
GTCAGTC	4720	1.41923943848843	0.0714995074768889	1555	0.571527887012267	3.84278762059044
GTCAGTG	7249	1.30671110372899	0.0929213382520248	2345	0.304875015233984	2.89563156677134
GTCAGTT	5166	1.3329214310972	0.0833026031954806	1792	0.707639451666726	4.13810583113915
GTCATAA	3990	1.03753570460636	0.094504595951841	1247	0.231851684304401	3.4453381449813
GTCATAC	2690	0.982070988955269	0.0812340398746146	856	0.286731710850205	3.93919828806499
GTCATAG	3981	0.905720997347381	0.0518901480192297	1234	0.233775104882344	3.76041028318936
GTCATAT	4117	1.37626887574151	0.124515994878372	1378	0.331468976471422	3.06420258026133
GTCATCA	5863	0.990438413586727	0.0482610098847808	1885	0.259469916325406	3.14574636928754
GTCATCC	4179	1.15414970936021	0.0688411337536798	1350	0.569872978048789	3.96303612614725
GTCATCG	858	0.783564962452971	0.0655944401198907	241	0.440052437394243	2.70935597017785
GTCATCT	6758	1.17857085868682	0.0717352245866745	2121	0.607247007240123	3.7479430466279
GTCATGA	5075	1.08271210587902	0.0586595820299979	1693	0.311510014335141	3.55290113410247
GTCATGC	3268	1.22476211502254	0.0788228168460884	1121	0.498919507713261	3.87686706784398
GTCATGG	6283	1.4070268478752	0.0953690273190082	2029	0.60986623148363	4.43796475420134
GTCATGT	5256	1.50581577144909	0.0932874381964723	1693	0.462666342428323	3.24297359879051
GTCATTA	4629	1.33415263796497	0.110310897530578	1571	0.344178283729566	3.73985810836384
GTCATTC	4522	1.37037575860357	0.104513447591826	1519	0.645835623593129	4.41925168320393
GTCATTG	5033	1.25431788085421	0.0948964787923706	1649	0.393837318417947	3.37695368976354
GTCATTT	8342	1.39153391469346	0.154077935211423	3097	0.899669159184121	4.51795039120696
GTGAAAA	7806	1.82992902379946	0.163520682198458	3031	0.559139336887778	3.72975862973231
GTGAAAC	4474	1.48830883571341	0.0965814668405808	1501	0.778030508114477	4.98655417674219
GTGAAAG	7114	1.49113926994373	0.0799432868952217	2344	0.424059564700562	3.03364536148098
GTGAAAT	6870	1.61698280845973	0.125400219566165	2667	0.569135969861454	4.33372530405452
GTGAACA	6330	1.34722709242751	0.0594999495096612	2053	0.449106800190955	2.50646206293783
GTGAACC	3396	1.84299014764302	0.0757026188075161	1121	0.790052357945401	4.26752344061668
GTGAACG	923	1.89024722490091	0.0994078095778853	268	0.412237665732284	1.74922979858262
GTGAACT	5090	1.35721120961312	0.0755456411049836	1576	0.561246251087716	3.51827970068048
GTGAAGA	8140	1.12313092570336	0.05167926809893	2617	0.548160049922972	3.52354048022604
GTGAAGC	4408	1.51047352577399	0.0706581969941115	1398	0.536913843975588	2.9534503830917
GTGAAGG	6803	1.64048972247754	0.0678942061714399	2214	0.553637656300479	3.04511187507874
GTGAAGT	5634	1.62475161767683	0.108494949633709	1885	0.305516409303186	2.40247823593437
GTGAATA	5235	1.30122934869065	0.0912794861214908	1743	0.270897690122009	3.25644422778982
GTGAATC	3283	1.34625619479351	0.0710989674088967	1119	0.397528529872248	3.30701320016431
GTGAATG	6760	1.69376348930979	0.117079133211179	2192	0.290709749596674	2.43908204099357
GTGAATT	6192	1.70822579246001	0.136392044972298	2143	0.398415259648663	3.45083317986869
GTGACAA	5925	1.52374808638199	0.0877725194975122	1926	0.330093135418969	2.49795901014376
GTGACAC	5551	1.41201023701002	0.0623123133039126	1863	0.367690044118872	2.7245631274827
GTGACAG	8608	1.13065267017021	0.0504486950745602	2911	0.245181477516867	2.44581324912029
GTGACAT	6238	1.24037595442761	0.060835391645171	2062	0.341144623789411	2.21208688384153
GTGACCA	6039	1.65657697544814	0.0849350750699985	1913	0.26496917630116	2.03291776947787
GTGACCC	5183	1.84341945653626	0.125863784979019	1546	0.437075546331953	2.6292013556458
GTGACCG	830	2.54772903682903	0.14681914323559	248	0.485974592834847	0.784267896714084
GTGACCT	6137	1.72435124043461	0.122139594699266	1965	0.427508820194749	2.35533552733744
GTGACGA	796	1.55778146591539	0.107600602173244	291	0.27316437653848	2.55750100037216
GTGACGC	618	1.6896657018969	0.149642602388017	180	0.283573948716034	2.68082885455866
GTGACGG	825	1.89961529817189	0.189368563044084	282	0.368991575350849	2.49934478813881
GTGACGT	1012	1.99019893158106	0.213541826140374	310	0.228425536344088	2.67877525978562
GTGACTA	4412	1.41416734635796	0.111939576343252	1457	0.144239426091847	1.79499396672256
GTGACTC	5886	1.48434565073139	0.110244390941791	1836	0.350444791408701	2.10185221352303
GTGACTG	7019	1.95948380894832	0.152030552249442	2224	0.282229800920366	1.55105801497263
GTGACTT	6863	1.6755852070757	0.140199965803687	2211	0.315638116431757	1.88320771877117
GTGAGAA	8169	1.83621668938651	0.0796815960968659	2648	0.345989058008146	2.55637920546041
GTGAGAC	5981	1.3050299748241	0.0507339163813353	1831	0.415065549435113	3.11014128839814
GTGAGAG	8598	1.58205672307503	0.0717867872137531	2694	0.256103970727952	1.87533181032026
GTGAGAT	6157	1.19256925528667	0.0519606918187065	1982	0.231016622943669	2.08114099161056
GTGAGCA	8165	1.26526575744953	0.0477884281793136	2611	0.422603878275656	3.22984857298084
GTGAGCC	7381	1.83033516161566	0.0770426657883902	2294	0.671762852342871	3.87185785491806
GTGAGCG	1166	1.94872942413094	0.111141351215217	339	0.464333116429384	1.1073004707862
GTGAGCT	6998	1.54671150128329	0.0667109392579994	2287	0.750011082076307	4.19618010651742
GTGAGGA	7712	1.58352296150746	0.0746965275982131	2408	0.27920167525015	2.14689430818156
GTGAGGC	5503	2.27494005127602	0.165149749515818	1730	0.317825489206722	1.76852184850715
GTGAGGG	6628	1.6735827082118	0.171671830403096	2019	0.196738404635662	2.10749560072586
GTGAGGT	6842	2.17028782760303	0.22399441308586	2293	0.2875927548984	1.56924721394588
GTGAGTA	5011	1.46706575609761	0.0810805571347401	1667	0.128295140285047	2.09262842400687
GTGAGTC	4829	1.99067741071627	0.124310891499561	1549	0.297704146763599	2.2367597355487
GTGAGTG	9381	1.8479998619451	0.182447061954828	3036	0.208587049005746	1.44436283124253
GTGAGTT	10543	1.59974065903535	0.10890342179375	3521	0.315211397765636	2.39180126792983
GTGATAA	5348	1.29827513377079	0.0946000572650339	1734	0.301966646187045	3.65663536816595
GTGATAC	2826	1.41412630055444	0.0801298408381376	980	0.402804878251722	3.29034601367504
GTGATAG	3945	1.30418065795846	0.0606499012303498	1290	0.225176362666984	2.1555581341201
GTGATAT	4756	1.71665696294329	0.122602061160613	1553	0.350348952617544	2.04853386351052
GTGATCA	4510	1.21888518139915	0.0573045164437259	1432	0.235225114240313	2.36716944988531
GTGATCC	3765	1.3525855994187	0.0729027616428086	1252	0.589977475850432	3.21528404468111
GTGATCG	547	1.48168993798061	0.0707646662087275	137	0.266375749566671	1.05568330212827
GTGATCT	4723	1.55215804298994	0.0771393953188412	1558	0.552916519361168	3.48135919983544
GTGATGA	6119	1.43613454483788	0.0756096982376329	1872	0.285679105922797	3.00060436238238
GTGATGC	4164	1.77739066640247	0.105237117114634	1359	0.405171838093477	2.63605584605049
GTGATGG	7667	1.67578946226078	0.120806357445579	2698	0.462473181687311	3.65382420121534
GTGATGT	5945	1.94403785645713	0.145071715400108	1939	0.286215444286467	2.39936859973255
GTGATTA	4317	1.50427506196083	0.102363703908391	1367	0.241609295142665	2.45257724068138
GTGATTC	4482	1.7055139121943	0.101710225162652	1573	0.553241882512079	3.66642925449556
GTGATTG	5208	1.71480217626039	0.12068970958002	1752	0.374178752271138	3.39485263404801
GTGATTT	7207	2.01329511113208	0.150085314365838	3203	0.849458546546404	4.50287671550401
GTTAAAA	8016	1.62450723781791	0.534177394353726	2679	0.54807853630908	4.58066227533832
GTTAAAC	3210	1.6944445254494	0.343198961443214	1110	0.501325317453349	5.18170824091198
GTTAAAG	5311	1.81703909109794	0.225980457235369	1710	0.435035357492117	4.53666750364217
GTTAAAT	5993	1.43823401471993	0.383882359640246	1984	0.494680140542704	5.42593117523974
GTTAACA	4225	1.70383311608826	0.240320256768584	1397	0.414976875965373	4.31873634685485
GTTAACC	2140	1.59509204629765	0.296205734508567	757	0.643083391950247	6.05499339472192
GTTAACG	494	1.54114287872932	0.400112150136896	181	0.469150343440682	5.45335348809928
GTTAACT	3722	1.27424235956965	0.31282374182295	1247	0.542066248884012	4.95587312310732
GTTAAGA	6896	1.77898886685036	0.160468253989813	2280	0.589788543776231	5.21300418488242
GTTAAGC	2194	1.66567261198002	0.2119695324056	731	0.60170931048674	6.24398929590573
GTTAAGG	3510	1.71657831668126	0.214202436000472	1142	0.633974964213029	4.59213102021126
GTTAAGT	3858	1.34604466073909	0.282598578432145	1261	0.322929253252376	4.38921330507692
GTTAATA	4481	1.26566103203493	0.341052877423598	1484	0.201894344493435	5.32527068039913
GTTAATC	2500	1.56630585189403	0.311850205640584	840	0.362120251740444	5.87149637764357
GTTAATG	4155	1.50535602058787	0.365094680536182	1378	0.18563057564916	4.74246446578693
GTTAATT	5992	1.24469745180838	0.414343956401011	2069	0.396248948848231	5.76352222270506
GTTACAA	4565	1.17101728969759	0.138529784636383	1530	0.313712055208069	2.84741882255003
GTTACAC	3181	1.43326667615195	0.117835095064619	1009	0.356123757569875	3.88589566024562
GTTACAG	6980	1.2238658334349	0.0721413897151644	2424	0.250805855557299	3.32539057897737
GTTACAT	4684	1.23926623518017	0.114058200208303	1455	0.460609890164869	3.45704848125122
GTTACCA	3643	1.92331339452086	0.133173236046862	1146	0.322029765274294	2.65419542782386
GTTACCC	2267	1.2631995313053	0.154015190615688	735	0.498668253495975	3.1091148312989
GTTACCG	471	1.28574980242823	0.159426527245516	147	0.507585765996988	1.85748171942351
GTTACCT	4409	1.36297790696865	0.145717513108024	1513	0.783804284254528	3.74863147504823
GTTACGA	406	1.25064254039551	0.111210009184082	129	0.258168293099718	1.52938799400063
GTTACGG	559	1.69700259160427	0.202249423168634	176	0.835312064759108	4.54777030523107
GTTACGT	551	1.61914695751775	0.194122807395305	205	0.599339213950432	3.62911033207614
GTTACTA	3217	1.10689127881072	0.165968236816355	1005	0.2092708690275	3.08085160238288
GTTACTC	2907	1.1326072208436	0.156183078479175	1021	0.569070088410663	3.81799544650138
GTTACTG	4484	0.934884857951086	0.146470423743282	1440	0.322474888360991	3.27044496854124
GTTACTT	5251	1.02880471908442	0.185459849662316	1745	0.572933177907004	3.74590298443477
GTTAGAA	5456	1.3884803305337	0.101952267050454	1818	0.380564094386614	3.45066182039351
GTTAGAC	2504	1.30328202215725	0.0733155730525909	793	0.292213219828979	3.5367173508185
GTTAGAG	5452	1.12162229316493	0.0509563674319506	1885	0.241459728711412	2.97835918051206
GTTAGAT	3489	1.14998395962976	0.0698168185769951	1179	0.438552102253387	4.72431355460465
GTTAGCA	3980	1.39448225577437	0.054716912087857	1312	0.612075284202211	3.80057912312074
GTTAGCC	2615	1.34135620742085	0.0779209535361386	879	1.09491941553602	4.43277471339052
GTTAGCG	570	1.19527970253729	0.0939631122185318	201	0.894976512377766	4.05870620917447
GTTAGCT	3838	1.48098333090015	0.0708161062730567	1358	1.34704980821277	4.8449265467463
GTTAGGA	4912	1.34303928147233	0.0699457195476237	1634	0.481384362634242	3.32776570172688
GTTAGGC	2257	1.28950006421472	0.0913160332659233	692	0.30760665113282	3.36939290767159
GTTAGGG	4142	1.34939506307504	0.105432433331185	1577	0.457095953963836	3.86249585246746
GTTAGGT	3132	1.22557491875089	0.116614086411603	984	0.241878502321139	3.66841300382083
GTTAGTA	2919	1.08142079987891	0.103148751181255	1023	0.311204260024929	3.42513009331521
GTTAGTC	2532	1.10949263003363	0.0934530722103949	864	0.575056302250756	4.20700449769778
GTTAGTG	3678	1.07951954158662	0.119195059618804	1246	0.295203618791135	3.58052931560088
GTTAGTT	5695	1.07435310657877	0.114039812128834	1995	0.524561009533758	3.66542943118444
GTTATAA	4653	1.03404821985263	0.233405173806649	1531	0.202948811126622	3.74969207725162
GTTATAC	2652	0.82426601713561	0.197798040800846	846	0.14774573598236	3.8363394929432
GTTATAG	3873	0.967598670114493	0.112490800722827	1299	0.168675071934874	3.785495251389
GTTATAT	5104	0.999553708508784	0.192787849983126	1623	0.281848801204697	3.56572626499774
GTTATCA	4654	1.24973525334969	0.131074625737916	1595	0.241931416401173	3.01901353696926
GTTATCC	2826	1.02522757455641	0.143098350436867	957	0.459969179593213	3.99360427995311
GTTATCG	410	0.808224143752452	0.185191117693178	148	0.666938405345917	6.25416877124847
GTTATCT	4844	0.977071209202937	0.1524291347555	1572	0.60666150109665	4.07973178065181
GTTATGA	4624	1.48388790609774	0.125069828791015	1465	0.304264970071672	3.80793648853767
GTTATGC	2369	1.11283876915138	0.120281615156217	745	0.420860497685459	3.44377341832459
GTTATGG	3279	1.40340852058486	0.156886589261065	1086	0.547257966334685	4.16797650753967
GTTATGT	4417	1.13982735397909	0.136622507732194	1434	0.619007206077499	3.82695938421772
GTTATTA	5370	1.13712833683736	0.270735673884457	1729	0.245557042695917	3.73217138659785
GTTATTC	3940	0.927113443388444	0.236175409100317	1306	0.468391325332981	4.99882050794604
GTTATTG	4479	0.877669041584966	0.212260411166722	1460	0.328255917573376	3.82745087889802
GTTATTT	9605	1.12550783716957	0.341835468302866	3139	0.963987528506329	5.15122821340983
OTHER	91004	1.35903389110298	0.16878952305104	25167	0.304846369698243	2.31597079764364
TAAAAAA	24302	1.73069825993066	0.683155116440107	8624	0.780386858846035	4.47491155789807
TAAAAAC	12117	2.14708746844503	0.442232069095882	4056	0.713350137880703	5.46646446501438
TAAAAAG	13606	2.12972426706411	0.313323151659554	4616	0.583874296691873	5.38300270019134
TAAAAAT	22030	1.53661725038679	0.522772283777459	7350	0.549102785120817	5.6019651199651
TAAAACA	14620	2.00624384892873	0.267956443966443	5010	0.576656205635535	4.03922787928014
TAAAACC	7994	1.98554914385297	0.277235527315069	2668	0.741711726641333	5.58009776851797
TAAAACG	1328	1.73448672686973	0.346307323529364	406	0.460890576782805	4.43893277395597
TAAAACT	10372	1.63611214418447	0.334813131288523	3426	0.665382681500131	5.95989757082611
TAAAAGA	12881	2.63615396635344	0.268739581720947	4306	0.902119967572205	4.32228475319101
TAAAAGC	8761	2.27039083551833	0.240678848510767	2933	0.742906171094971	5.13031954887678
TAAAAGG	8104	2.15668339117755	0.210910382032872	2594	0.992741697944225	5.27809849195322
TAAAAGT	9982	1.83054676837817	0.334715578086996	3397	0.598573086236175	5.86950899992075
TAAAATA	21134	1.45956662351191	0.456138680795408	7143	0.256850833763245	3.96889965366457
TAAAATC	9363	1.63389982606671	0.339133649510395	3298	0.470549169456084	5.29187801215391
TAAAATG	13795	1.69010853471317	0.368616703269974	4595	0.21210889216041	5.08653690677635
TAAAATT	16182	1.38070928530495	0.490608701681547	5540	0.502576352012217	6.01913269003373
TAAACAA	11208	1.6301061983685	0.169697608379302	3850	0.373051975461256	2.80365517199636
TAAACAC	7472	1.37985221611824	0.104159961200154	2469	0.427949782274043	3.59467952483471
TAAACAG	9062	1.36626966528476	0.086026701463544	3014	0.259642667684159	3.09424555233701
TAAACAT	9627	1.52723818716892	0.131880621660465	3142	0.391783843387419	3.06928576080319
TAAACCA	6985	1.37952749660044	0.106606440340512	2347	0.279065523718149	2.68262200216566
TAAACCC	4765	1.68609799469294	0.162915681939983	1617	0.414166784566999	3.13935873137879
TAAACCG	657	1.98664510070438	0.186425226862532	181	0.329007000783511	1.7126252997796
TAAACCT	5658	1.48555486928321	0.16030400044397	1939	0.478545107706165	3.48141446192036
TAAACGA	887	1.93911804131474	0.144188852633957	300	0.540966102108268	2.8288284182839
TAAACGC	695	1.5383308851356	0.13310825772964	236	0.543255063885947	4.14818260617314
TAAACGG	738	2.53940183734917	0.207334010445228	242	0.671102107844198	3.15251657842644
TAAACGT	1283	1.5876932212664	0.161103816662396	409	0.472841044121938	3.13813949515404
TAAACTA	5878	1.28770597446867	0.166771663618802	1820	0.186964969308024	2.76174258265171
TAAACTC	6064	1.2958488754412	0.155430291310232	2103	0.430494850309924	3.49333021947054
TAAACTG	6229	1.2526993247747	0.144839297831329	1899	0.234784751671544	2.78836975280763
TAAACTT	7142	1.27278159723775	0.204497042065014	2493	0.43645091707162	3.18606955790587
TAAAGAA	16352	1.84138120823507	0.139834037152778	5771	0.475326909909311	3.20016897803199
TAAAGAC	7099	1.48982964802105	0.0823595047045484	2402	0.450974448389289	3.44579358050108
TAAAGAG	8409	1.3397339919995	0.0725960709363719	2845	0.309496478776576	3.03753420443955
TAAAGAT	9830	1.3281612602352	0.0838231054312544	3289	0.418863743952311	3.38179654570098
TAAAGCA	8127	1.49988492213296	0.0648859074144812	2779	0.755462973200306	4.22802743678842
TAAAGCC	5257	1.73632994803409	0.088263789267438	1671	1.11806981055504	4.80490814351326
TAAAGCG	724	1.96876674056365	0.103063917171975	266	0.799928014483048	3.38812396523768
TAAAGCT	7044	1.57890780669607	0.0845110779893222	2454	1.20691002488946	5.09150786062533
TAAAGGA	8781	1.58802080492172	0.0759326200759783	2939	0.583416843243838	3.31903376585341
TAAAGGC	7890	1.81924434300647	0.115876451888332	2623	0.422999478390272	3.55196551797575
TAAAGGG	6512	1.45335120033959	0.0888273108943045	2226	0.48219250046059	3.96960121736925
TAAAGGT	7113	1.62882828566387	0.126449069090393	2399	0.239626586878449	2.98619552512871
TAAAGTA	6913	1.57480977471638	0.114527975239231	2317	0.425713154572866	3.44946788117991
TAAAGTC	5602	1.42604264035623	0.115374790294135	1866	0.56766352320461	4.05426051665783
TAAAGTG	6443	1.33888240369374	0.124589242538182	2477	0.34866776935369	3.85712683507871
TAAAGTT	8954	1.2679565565359	0.134723019253518	3032	0.696292444924594	4.82448619965286
TAAATAA	23231	1.12555629594715	0.233078566910175	7653	0.138636425505925	2.84191893053824
TAAATAC	7647	1.23889220231302	0.168137110692582	2590	0.25956324569071	3.61872126767293
TAAATAG	6675	1.14584643075918	0.11681462012734	2260	0.115244722856783	2.87544745934152
TAAATAT	14633	1.21476754487649	0.215817798970412	5002	0.207664257514519	2.82702968110416
TAAATCA	7576	1.34871862629768	0.123618382606199	2737	0.246327939364448	3.33021643053383
TAAATCC	5083	1.29949051876255	0.143942525856248	1698	0.413759543202694	4.56965206400388
TAAATCG	577	1.01894809543502	0.123293276316071	204	0.272410108684291	2.45896082650404
TAAATCT	8925	1.09522043384741	0.159909912545142	2970	0.536104479894643	4.63462205556429
TAAATGA	10895	1.53281787596485	0.122206642035145	3573	0.327335214752903	3.41297038255756
TAAATGC	6343	1.70372953172235	0.145931474443013	2183	0.43834830000814	4.55019844559477
TAAATGG	7110	1.5707445371583	0.142217461564951	2325	0.619441218635007	4.60474068024498
TAAATGT	11799	1.56821577851682	0.161819677997791	3913	0.454702226923616	4.11713882710423
TAAATTA	10228	1.15872936334648	0.230846861481847	3342	0.211629072977013	3.43281601958613
TAAATTC	7718	1.11383976645281	0.211207269848358	2579	0.400741459350633	4.49366041380873
TAAATTG	6009	1.07089945843553	0.170393035581084	2101	0.24143499300618	3.908884120992
TAAATTT	12456	1.04850655057418	0.295788870236203	4462	0.714501771200731	5.07666814310486
TACAAAA	10598	1.5626936991772	0.273666694684053	3603	0.502712944134125	3.83173588930768
TACAAAC	6238	1.49998182145263	0.14333181122858	2119	0.47478392178725	3.91878463099546
TACAAAG	10122	1.47168904262382	0.0962946871731705	3218	0.38219252107144	3.53930676773301
TACAAAT	9267	1.5303950019336	0.195999682475449	3081	0.352715172057598	3.62955143374435
TACAACA	5594	1.22216407177917	0.0986633346968093	1855	0.281896042200125	3.15958661809077
TACAACC	4172	1.28562076132961	0.0928317348812697	1392	0.383123872504478	3.59545601747864
TACAACG	614	1.39880606786065	0.15156083176146	204	0.332575453560667	6.08709576682458
TACAACT	5000	1.19521627918504	0.117535936354351	1605	0.321277586461508	3.56149595096142
TACAAGA	6504	1.12070637625357	0.0745387933177048	2196	0.555077026584382	4.31615279697324
TACAAGC	4303	1.19934294116101	0.073506412334622	1484	0.52579531351762	4.92148428251723
TACAAGG	5208	1.23379535631304	0.0708750477719571	1843	0.547497650605124	4.06833923189123
TACAAGT	5304	1.20495077132964	0.107152217054624	1822	0.300917415549492	3.69980977339047
TACAATA	5793	1.28362546291675	0.165587576245742	1936	0.203842535162443	3.48383529762589
TACAATC	3686	1.06048107487237	0.0994888445091483	1200	0.322430853566817	3.89079181028083
TACAATG	6124	1.19114497308709	0.116869942632044	2132	0.150850200029824	3.14338548094796
TACAATT	6516	1.46678311686654	0.20939345091711	2239	0.331971841695049	4.48063749894269
TACACAA	8363	1.03510075251468	0.0659828951068173	2703	0.280165709125845	2.58294772673649
TACACAC	15082	0.752369354810957	0.0403933019159978	4944	0.266509448752717	3.00955139812025
TACACAG	11328	0.884379162149645	0.0391412990074824	3690	0.237781954961058	2.76238962500133
TACACAT	11156	1.06988052986088	0.062690143321865	3617	0.336277007255751	2.82033771177993
TACACCA	4831	1.11651412875582	0.0592744877425957	1645	0.262127266917395	2.50024190913559
TACACCC	3044	1.19327623086894	0.0888267077017453	949	0.388313589637762	3.53591505932049
TACACCG	572	1.53507120358825	0.116018988554796	190	0.250266212594329	2.04825126863455
TACACCT	4152	1.21960979157994	0.101890783661041	1279	0.454247551335782	3.64253246900789
TACACGA	854	1.34478168254214	0.0591399683659529	252	0.379924058302176	2.34110406816909
TACACGC	958	1.45777851557325	0.0819301183827202	310	0.36489413596473	2.64748479154603
TACACGG	1016	1.50638664183682	0.102022047869949	347	0.532208559184852	3.1512468930558
TACACGT	1427	1.51912707898808	0.101731845227875	426	0.337244514048035	2.16725243685578
TACACTA	4332	1.00511012038138	0.0677389607017182	1431	0.258915745825731	2.59646864404768
TACACTC	4082	1.11324980910764	0.0820711355890938	1377	0.389432745374103	3.27277573356617
TACACTG	7493	1.13130359281846	0.0745126856193305	2409	0.255674017843293	2.99422167851119
TACACTT	5733	1.25493872303989	0.104972221574187	1893	0.459457845264733	3.54199689339625
TACAGAA	11902	1.01538401204952	0.0448118810763699	4120	0.325146417220847	3.1742253090156
TACAGAC	6130	0.77599282693378	0.0260766627785501	2036	0.23361810671724	2.58118332444698
TACAGAG	13448	0.755820022272866	0.02984983028975	4386	0.204656841060402	2.57049125838076
TACAGAT	9030	0.755714901625232	0.0293292971811918	2953	0.211916696510365	3.16051357131301
TACAGCA	7070	0.857071001869558	0.0297444179154142	2245	0.458930409176201	3.70431999943179
TACAGCC	4626	1.1774770745819	0.0430541028910505	1516	0.830402259934343	5.21911241863601
TACAGCG	844	1.30708189700939	0.0605802472975102	257	0.501340507559688	2.91052343589695
TACAGCT	6488	0.924403997495889	0.0388191100150102	2126	0.756763062704384	5.19287815063497
TACAGGA	7186	0.847366598459194	0.0394196082518274	2424	0.330988493456329	3.57163121000587
TACAGGC	4883	1.04110894660261	0.0524595272359152	1539	0.169164617765067	2.66813435054282
TACAGGG	6102	1.2737307181717	0.0592623104811953	2119	0.254884210410754	4.09650865556121
TACAGGT	5636	1.14775805965056	0.0650684992823762	1810	0.112554834636022	2.60058904243237
TACAGTA	5230	0.853054634981061	0.0407495059814882	1687	0.314333658518036	3.52817266126178
TACAGTC	4856	0.845056497870643	0.0451224068929893	1448	0.450558766228793	4.05269640891731
TACAGTG	8010	1.12803204536989	0.0571430736376801	3071	0.237566859616077	3.38424052918181
TACAGTT	7660	1.09669203344105	0.0583192463656263	2504	0.514988336959432	4.19801387893307
TACATAA	8089	1.08468433389511	0.120583923332151	2675	0.161075161729629	3.30985014396902
TACATAC	9933	0.959359376462807	0.0910100590427044	2953	0.26436462514416	2.61154389519258
TACATAG	6995	0.855280994462249	0.0572125046656266	2222	0.129258726695185	2.97260171978962
TACATAT	13675	1.24880399111441	0.134250685410579	4658	0.18637247005047	2.06339069046462
TACATCA	5363	1.0121963581365	0.0602218210733108	1813	0.162048895125367	2.63953903591637
TACATCC	4193	1.04105659247264	0.0747504034603238	1361	0.372348013988124	3.84479614105808
TACATCG	603	0.768009822363962	0.0593935028412561	178	0.196252319586917	2.20870282333003
TACATCT	6985	0.956217137112344	0.0761358603659313	2363	0.411485591727721	3.86988964103229
TACATGA	6501	1.01988569019823	0.0553802780975126	2047	0.212718614201059	3.03826526777131
TACATGC	6293	0.936859021573805	0.0698402761904157	2015	0.286096831684453	3.57241053225897
TACATGG	5996	1.28821669018403	0.0846447131495821	2046	0.360387761539947	4.26977462534063
TACATGT	9110	1.30866011954572	0.0964222859220063	2941	0.29286276602138	3.37866115912174
TACATTA	5953	1.05112165525799	0.105529980549154	1918	0.228565533047182	3.70944893264156
TACATTC	5822	1.00262042589441	0.0969236435059199	1870	0.486528011505942	5.30079189576514
TACATTG	5345	1.06332494681402	0.0888568145292229	1841	0.211950807975938	3.22813762924585
TACATTT	14212	1.2019542118855	0.146280081226178	4849	0.709336220922478	4.85668259621934
TAGAAAA	14127	1.96819250305504	0.166757232920416	4902	0.506184486230134	3.4419110435913
TAGAAAC	8159	1.42059105437256	0.0780251864086412	2805	0.544362580597771	3.90864208292454
TAGAAAG	10104	1.41737643670473	0.0610235869316922	3445	0.380913621427098	3.41121665664809
TAGAAAT	10756	1.51133428848346	0.10157318207515	3995	0.427408816719256	3.47870517161134
TAGAACA	7893	1.11934682221187	0.0426514832779352	2739	0.458662975891677	3.31354505497534
TAGAACC	4574	1.04617955920576	0.0424081432849634	1521	0.445484101053432	3.94659614738383
TAGAACG	786	1.45801847421674	0.0610091739144616	215	0.349178497800372	2.39812827354299
TAGAACT	7484	1.01659861347537	0.0488163567491697	2548	0.357279306775819	3.37798919066671
TAGAAGA	9932	0.89497455880935	0.0337343827542889	3208	0.51905357484442	3.52480964977735
TAGAAGC	6105	1.12574266708868	0.0362647766112471	2020	0.434360267450889	3.07491428285578
TAGAAGG	7184	1.02312380365954	0.0335517161155802	2303	0.484052069980033	3.6801575079396
TAGAAGT	6540	1.13471851460353	0.05310231099133	2126	0.260053702146073	2.48459002487869
TAGAATA	7556	1.02802567797298	0.0624788914140663	2539	0.208254931301691	3.14994625127244
TAGAATC	5084	1.07069435548708	0.0475580144627106	1661	0.319977940816185	3.72731112238288
TAGAATG	6597	1.01762491168651	0.0511453321380784	2207	0.180631191492267	2.75671563511373
TAGAATT	8748	1.32735868156954	0.0870408246668306	2984	0.271255872409834	3.43464234643075
TAGACAA	6242	1.10197128116737	0.0502621030198465	2064	0.310478522533638	2.73233711426933
TAGACAC	5475	0.920970553547152	0.0296639193099885	1794	0.288013939875064	2.52969298929121
TAGACAG	7022	0.8094323632651	0.0269778915768744	2264	0.185780689445909	2.30480555513155
TAGACAT	6085	0.968538987652406	0.0374417458113765	1998	0.228366035559825	2.17694031089263
TAGACCA	8117	0.995802653366749	0.0379920880902762	2561	0.181040371485599	2.12926248088376
TAGACCC	2801	1.23711452944407	0.0577789814575907	917	0.29578483023158	2.65781083383426
TAGACCG	437	1.21365061357288	0.0514772418280258	131	0.311664063961648	0.767359943576455
TAGACCT	3998	1.13004470455943	0.054299976306138	1284	0.263158735897961	2.19095372951386
TAGACGA	600	0.770776864726776	0.042185662934397	205	0.232481455019043	2.06000760161369
TAGACGC	486	1.22883414550962	0.0676172951928899	174	0.40659011751538	4.32773224416417
TAGACGG	740	1.5394356291419	0.0767930441750743	216	0.343658631591548	2.41198923564834
TAGACGT	716	1.55662704247171	0.0890935159595019	232	0.194106999000253	2.80417723627232
TAGACTA	3985	0.970214117373533	0.0448368226399358	1387	0.132204446920711	2.19817991414021
TAGACTC	4337	1.09060562051425	0.0517326751226462	1407	0.240798426378022	1.97694344362511
TAGACTG	5085	1.28510432025417	0.0575676162487763	1642	0.183944880358313	1.56535318301912
TAGACTT	5406	1.08818529577922	0.0609260612400613	1757	0.240378701585959	2.16513038564459
TAGAGAA	11395	1.29721489906725	0.0469008920454686	3884	0.324650969826264	2.75943243661639
TAGAGAC	6845	0.799969061316562	0.0276273200799818	2398	0.262931336443791	2.43330840742669
TAGAGAG	8121	0.674472578123757	0.0309520061135053	2558	0.175113866374439	1.88324023187489
TAGAGAT	6881	0.795164012381689	0.0253710882585259	2281	0.165394389285031	2.29667862423993
TAGAGCA	5999	0.772427175619272	0.0232256940752968	2068	0.430221155459779	3.69598622999377
TAGAGCC	4241	0.96054201247581	0.0351972233987775	1403	0.669025101133372	4.18880179715574
TAGAGCG	614	1.01040482636462	0.0490414488661645	183	0.425968516683532	2.17210114476551
TAGAGCT	5750	0.902881955482965	0.033218530527866	1928	0.548434869182532	3.6924258917989
TAGAGGA	7420	0.729818870595067	0.0279247214727573	2613	0.272305680696956	2.54698396521044
TAGAGGC	5162	1.5445551496286	0.0681251345814357	1574	0.23218597913942	1.94380795460608
TAGAGGG	4971	1.25032104690327	0.0688990896709778	1678	0.150562121789796	2.24891364414906
TAGAGGT	4782	1.58634780117509	0.0903732820280229	1569	0.177879938576074	2.0164342656966
TAGAGTA	4279	0.756053669756417	0.0301184748751235	1405	0.104866316646935	1.8140061566606
TAGAGTC	5189	1.00381177557067	0.0416686089865563	1716	0.183009708827117	2.21342027355386
TAGAGTG	4680	1.17110355167272	0.0581523358761969	1603	0.14273893013026	1.91810930122092
TAGAGTT	6441	1.25049963967481	0.0508099121539903	2173	0.22292283253273	2.81142627898268
TAGATAA	6346	1.18469240163082	0.0679767739492493	2087	0.202753018554248	2.59551779836101
TAGATAC	3872	1.04821817669996	0.049702802259034	1292	0.306974449439642	2.76084078808333
TAGATAG	9643	0.761205873518267	0.032728039368815	3235	0.104968132169932	1.72568528858252
TAGATAT	7480	1.38080911667664	0.0778890812988261	2592	0.285059875696669	2.26963347850271
TAGATCA	4427	0.850909232367577	0.0312907969550268	1482	0.25880876989691	2.58917617162145
TAGATCC	3305	1.01800013603547	0.0422382335037757	1097	0.467739299993033	3.51739981975708
TAGATCG	464	1.12596292824506	0.0498242592280608	159	0.393872197671032	2.22448055980107
TAGATCT	5066	0.969516846777212	0.0441189690876845	1567	0.45003427099251	3.29249543333162
TAGATGA	6399	0.991881719974577	0.0373083146703335	2137	0.273708088992026	3.29097390074862
TAGATGC	4612	1.13546268103049	0.0482525533403139	1515	0.367745013819794	3.62688384696439
TAGATGG	5999	1.25268307187922	0.0588785208380502	1980	0.423284928702427	4.12337618575495
TAGATGT	6101	1.34794063045155	0.0673779111803511	2138	0.26026880553793	2.61776105106737
TAGATTA	4539	1.23548483636639	0.0628852182913989	1438	0.209136176918169	2.97478816445326
TAGATTC	4425	1.12504461202221	0.0556663309376119	1603	0.43845947429172	3.79787272607427
TAGATTG	4326	1.12641454223791	0.0533225046886111	1427	0.248265955297194	3.22875185874699
TAGATTT	8633	1.37278699093873	0.0811976885298472	2818	0.533245275839405	3.86119846615996
TATAAAA	15853	1.73319044413781	0.667557378184019	5328	0.472956242405186	4.39346133169969
TATAAAC	7022	1.90217611680266	0.420455984158307	2226	0.397980747668597	4.61388013813362
TATAAAG	9656	1.8161622325788	0.324117475835584	3373	0.445520653230771	5.09976958766367
TATAAAT	12765	1.55414818503048	0.504876786785525	4351	0.351219065587769	4.67476425236295
TATAACA	6455	1.80955444274105	0.364314605098009	2112	0.281703826588736	3.95523206217796
TATAACC	3646	1.57106401675518	0.396125793229698	1183	0.420384920601571	5.39484060510731
TATAACG	523	1.4881491767032	0.507417076355951	191	0.296159860030674	5.03755377387719
TATAACT	5671	1.26062516314897	0.435405704807684	1831	0.357080397040986	4.63870920665425
TATAAGA	7600	1.94402942593019	0.261852697792703	2499	0.506186341246549	5.03813030806103
TATAAGC	4190	1.75117735890092	0.269308300243876	1368	0.362470817701854	5.29238396338024
TATAAGG	4130	1.78884254398072	0.296861944958557	1426	0.449274729354193	4.32506296365576
TATAAGT	5669	1.2918790864621	0.386575803570911	1821	0.271586650547694	5.22101344080486
TATAATA	10119	1.27977820060268	0.451377462105926	3454	0.114934082437503	4.02644916128053
TATAATC	4969	1.44648726148229	0.372557161455959	1703	0.253660696868927	4.78623661166713
TATAATG	6051	1.3972548857627	0.419916915939283	2051	0.103977670925345	4.29948256341713
TATAATT	9825	1.14662121102978	0.510800464656082	3339	0.294322740547109	5.36735629122488
TATACAA	7442	1.48116778248012	0.269747130517091	2532	0.274341025262942	2.40662292485295
TATACAC	7570	1.42037240670695	0.168477974856223	2457	0.285583054602634	3.11665107922226
TATACAG	7395	1.40050188723177	0.112893930312729	2437	0.258757764082511	3.03563274638001
TATACAT	11627	1.52261568922305	0.238481405141244	3703	0.381684321752127	2.20016704363728
TATACCA	5243	1.45030164483242	0.169012997960179	1783	0.280951928276342	2.35846325408666
TATACCC	3745	0.93929749575095	0.210791705856644	1290	0.341825888191778	3.32748716147432
TATACCG	439	0.86845220671677	0.230865032600184	136	0.320142674465053	1.68997226767657
TATACCT	4651	0.90875695746055	0.209118620328115	1587	0.444296595878796	2.84090254145618
TATACGA	639	1.24163441279807	0.175613893600185	200	0.421279101213087	3.71120293386882
TATACGC	454	0.915660212164954	0.155972410570975	164	0.310321441756633	3.15932846788664
TATACGG	492	1.32624948316894	0.19294487185736	172	0.644973745053799	4.16931409054696
TATACGT	928	0.974583986882847	0.194042177343571	275	0.493051772599335	4.19064068334361
TATACTA	4660	0.887365461456193	0.251349435755063	1520	0.17686355606947	2.56599830426898
TATACTC	4173	0.865107576174512	0.253854130430548	1330	0.27285023135534	2.99000614585266
TATACTG	4720	0.803237147181881	0.229552862195914	1551	0.203594686886884	2.74080494875539
TATACTT	6270	0.806351659087366	0.312782681212305	2069	0.367858721042472	3.07113806877405
TATAGAA	8430	1.4939060733067	0.156554280415215	2908	0.290418338821825	3.08962905501267
TATAGAC	4313	1.34965993182553	0.0963852906046679	1461	0.184607029271211	2.53572008535563
TATAGAG	5763	0.86913184439966	0.0561252175719308	1995	0.167355894481098	2.56560554149347
TATAGAT	6415	1.1841129283995	0.0982123890399049	2146	0.24980546645078	3.41654848508372
TATAGCA	5250	1.11251812266194	0.0681352980800525	1768	0.546479422578772	3.79397786433064
TATAGCC	4380	1.03110066021297	0.0730470815093771	1497	0.85311237224839	4.332007575756
TATAGCG	428	0.940778417950467	0.104877680468527	126	0.635874137957554	4.22852908603364
TATAGCT	5852	0.922361787125742	0.0745437263558954	2044	1.04232624529778	5.15916440456549
TATAGGA	4863	1.22424455922642	0.0758339443691521	1599	0.397398289969702	3.63059704522133
TATAGGC	3191	0.906060931283169	0.0829494277600678	1018	0.27474209044597	4.53159386356782
TATAGGG	3844	0.97234383380183	0.0801339088385848	1323	0.368245459180356	3.2679684237881
TATAGGT	4552	0.818580810196159	0.0934756255929263	1586	0.121097106781807	2.84275622416775
TATAGTA	5132	1.0200352544276	0.133555405542164	1681	0.265529359419822	3.45409441711952
TATAGTC	3807	0.828142389640464	0.115247225727358	1224	0.357813516370183	4.23054025062859
TATAGTG	4240	0.74213919077077	0.107458751362132	1395	0.188870246579862	3.74025581048478
TATAGTT	6095	0.86099118987628	0.168854039472344	2028	0.430803454699714	4.27414990730338
TATATAA	12982	1.0237009561484	0.335717808926704	4201	0.15589034145576	3.29859748226149
TATATAC	9284	1.2732389808177	0.2908336381834	2994	0.281331389841405	2.81007714450413
TATATAG	6772	1.06829545067495	0.164848516622327	2198	0.13797460709765	3.25108841536449
TATATAT	39118	1.22603304930458	0.296389470931395	12372	0.272679340877442	1.31162132918407
TATATCA	6492	1.16296836943724	0.215002398926399	2263	0.18249259459049	3.05048050569297
TATATCC	5267	1.04296523315904	0.26575826839297	1811	0.324395494964722	3.50429883037233
TATATCG	520	0.827878288134005	0.316827869885416	165	0.433079079112692	4.95680315474709
TATATCT	7834	0.858043368445439	0.271577715330265	2731	0.508839010040525	4.63406705991058
TATATGA	7389	1.42957971673243	0.184134390320738	2421	0.234622579158667	3.36851050937858
TATATGC	7316	0.971375651128089	0.208509505824338	2496	0.346731116372637	4.64606568844369
TATATGG	5214	1.0605540353298	0.192149892564735	1854	0.517602779679357	4.88927066214068
TATATGT	14218	1.03863459119524	0.195567218992806	4565	0.393951507029968	4.39377196609297
TATATTA	9309	0.904432630948199	0.390549750321092	3189	0.159232419039121	3.43049500439539
TATATTC	6882	0.931439019581194	0.389250646203397	2280	0.419817056867621	5.3405162784833
TATATTG	6096	0.828045414840314	0.34201148074539	2132	0.217521240181633	4.41614004901743
TATATTT	16544	1.09831322870032	0.505307975678406	5459	0.761043076448608	5.10110506184959
TCAAAAA	12983	1.86345738369313	0.426108630861631	4495	0.542642400034444	4.36938704060459
TCAAAAC	9202	2.04156329241043	0.25450320565937	3170	0.538995592313823	4.92536538404398
TCAAAAG	9579	1.78780740023066	0.168640452446263	3276	0.364290269776743	4.2558577872032
TCAAAAT	12021	1.59749536113678	0.300615882225376	3993	0.369239883476971	4.5207972712895
TCAAACA	9250	1.51747849733023	0.140755954160928	3057	0.347736744621552	3.88415443888962
TCAAACC	5784	1.67865571488327	0.171366135219177	1851	0.47594518858108	5.13417118510273
TCAAACG	967	1.7517759618349	0.21781485505505	323	0.331623878054292	4.09295300432623
TCAAACT	9305	1.44013735588974	0.183628299273454	3166	0.472329004158044	5.35624542571525
TCAAAGA	11366	2.14244400827437	0.160976433579094	3981	0.599004180879241	3.9286227081233
TCAAAGC	7846	1.91795043290235	0.142022503644402	2579	0.713217889215178	5.20921263946039
TCAAAGG	8618	1.84220163078299	0.130605204952098	2790	0.775841304298066	4.79435338503775
TCAAAGT	7828	1.94253295417927	0.217768672700995	2621	0.424260109358524	4.10954174986529
TCAAATA	8971	1.61334907596035	0.308121671498603	3099	0.153559990777544	3.44129076679629
TCAAATC	7249	1.77617659389704	0.225218168838199	2441	0.392099029066867	5.14109989753466
TCAAATG	9337	1.65221350888062	0.25269340923993	3138	0.207602573771373	3.89505327819933
TCAAATT	8590	1.52129179270832	0.325281536781766	2811	0.378635157296615	5.12818424796947
TCAACAA	8491	1.51106316045216	0.122334065273197	2955	0.284053879341805	2.35637912890936
TCAACAC	5262	1.07750805521124	0.0606927725923687	1664	0.357395681679556	3.01148656530459
TCAACAG	6947	1.1196555125208	0.0544752126954566	2329	0.235047454062637	2.40289952478051
TCAACAT	7086	1.22751880900114	0.0727085150506686	2409	0.347551394032055	2.71234174778907
TCAACCA	5362	1.61719893132057	0.0910221528900381	1787	0.163150209225777	2.11847893344159
TCAACCC	3717	1.53029020402733	0.0992610490334855	1173	0.348327009319645	2.76982535242064
TCAACCG	532	1.77902266382119	0.104161991983188	177	0.357346672141885	0.946049641799442
TCAACCT	5352	1.42223230883659	0.10661619139719	1681	0.376268381774367	2.74990725779382
TCAACGA	831	1.3793675214721	0.0960302700045174	292	0.444990261698272	2.81761697114653
TCAACGC	528	1.4895697686013	0.107541014059443	176	0.444697346868865	2.51662155063684
TCAACGG	608	2.50207835832076	0.148116554988685	201	0.645681597685048	4.24994829850324
TCAACGT	938	2.4972694861553	0.186909286987439	266	0.230769677838509	1.89755591058042
TCAACTA	4236	1.20792698297056	0.110330732009418	1356	0.142015747343344	2.14956508609593
TCAACTC	5147	1.29245659524891	0.109601206289098	1691	0.350384836176207	2.34072189142828
TCAACTG	5695	1.24531933788509	0.102256884820808	1910	0.242185315996186	2.04292394473275
TCAACTT	7048	1.15806333239384	0.124742557997312	2266	0.299291285237531	2.22780274192524
TCAAGAA	9997	1.37705098174712	0.0787753044420194	3509	0.297031406470776	2.76877160456905
TCAAGAC	5960	0.987824644113129	0.0438666233793705	1906	0.340386222667468	2.93435507852982
TCAAGAG	7445	1.00309999310936	0.0440976056059504	2470	0.231917026752813	2.11584280092384
TCAAGAT	6404	1.03030133095979	0.0445748440121211	2102	0.352692758676508	2.76359579928437
TCAAGCA	5769	1.03712271539483	0.0413930401146698	1952	0.369705475643609	3.63519941585475
TCAAGCC	4560	1.50462935605647	0.0681340858003193	1545	0.830307489213535	4.91909889798764
TCAAGCG	592	1.48003700432886	0.0736438060975656	165	0.455017248482679	1.78545935883892
TCAAGCT	6037	1.50945763121424	0.0681368831235981	1897	0.777438970234564	4.3030885551372
TCAAGGA	8242	1.14948135887675	0.049384747934305	2771	0.274442602044025	2.43974147206347
TCAAGGC	7822	1.2432831083565	0.0596858113606008	2604	0.219463885149112	1.87156516450595
TCAAGGG	5806	1.31284215896363	0.0653150782203441	1892	0.231857405707542	3.19963078182426
TCAAGGT	6266	1.35897583556595	0.078631235537617	2117	0.150838159891232	1.43498960288311
TCAAGTA	5480	1.14230755361832	0.0692050494071863	1949	0.250652161163166	2.96938444940095
TCAAGTC	5937	1.21892993699651	0.078880654359716	2118	0.413930389907781	3.11167272750088
TCAAGTG	6359	1.58680790821626	0.110139752996654	2442	0.213149459683632	2.32793792878366
TCAAGTT	7865	1.27769172581924	0.094603985073773	2767	0.412155024024528	3.23249237907423
TCAATAA	8038	1.29468382983775	0.150393594667246	2783	0.113881526175794	2.41872758734937
TCAATAC	3303	1.04665343709978	0.0917524432689879	1166	0.187267583905183	2.8106206883978
TCAATAG	4485	0.974092509618239	0.0606181130490561	1506	0.139004506957602	2.71349005561891
TCAATAT	6715	1.28588156277976	0.132258487916304	2317	0.200048544737359	2.54790065532873
TCAATCA	5551	1.01242322631718	0.0673376476153273	1789	0.187789842513219	2.93920053101696
TCAATCC	3782	1.21255740244622	0.0905644895958455	1344	0.399220290226505	4.0606504806387
TCAATCG	455	0.941360531769406	0.0757223817481475	155	0.263572748686896	1.56788976210831
TCAATCT	4965	1.19234380450879	0.0944405175979745	1631	0.484548488575916	4.36896871148727
TCAATGA	6395	1.43565041270489	0.0911176865375373	2195	0.256099395715453	2.73916280514681
TCAATGC	4128	1.38655961975732	0.0915182834477526	1465	0.37696864188815	3.18976831390507
TCAATGG	5783	1.42445654964221	0.0935047806866647	1955	0.509053846849478	4.30990771383839
TCAATGT	5916	1.71376591624407	0.12119237912188	1929	0.371640895466051	3.30669783728725
TCAATTA	5858	1.48157572612512	0.172269681583512	2027	0.186819531624788	2.7761187691678
TCAATTC	7543	1.29085031834417	0.15978776100143	2536	0.422586660243843	3.9713373004033
TCAATTG	3743	1.18175142038798	0.113734671368791	1245	0.275627213667387	3.57895717632272
TCAATTT	8274	1.35156183598723	0.225650797197582	2799	0.644826914736687	4.36685342013418
TCCAAAA	9397	1.73186490625887	0.182807119986839	3209	0.600613103578062	4.36360519299152
TCCAAAC	7073	1.39177482833574	0.100089103462862	2437	0.54068654209745	4.50100171293828
TCCAAAG	9121	1.44475496017612	0.07984617350882	3128	0.427300224235727	4.24936684281539
TCCAAAT	8419	1.44779008700558	0.136691679563429	2873	0.415539366358096	4.28792743395252
TCCAACA	7551	1.12997551900102	0.0613405218667603	2571	0.486268605550405	4.45209374731329
TCCAACC	4799	1.26924452862074	0.0729257997769754	1500	0.648173066138945	5.82757090486065
TCCAACG	873	1.28875526770387	0.0879440880610017	257	0.319477282717756	2.92996994377472
TCCAACT	6373	1.09660039591543	0.0809060798661325	2156	0.389867821938103	3.89517680775361
TCCAAGA	8152	1.31965081562955	0.0575416185734373	2805	0.62685855810416	4.42269181184357
TCCAAGC	5671	1.52613562718661	0.0701000727993181	1763	0.527731193612763	4.71176998110398
TCCAAGG	7377	1.27908433249499	0.0573114483215078	2375	0.642994494857837	4.42632244225967
TCCAAGT	6719	1.52054804050185	0.102462404117518	2147	0.30420935070761	3.55488991414168
TCCAATA	5192	1.13050270902563	0.0849474127991304	1902	0.249663460611914	4.31603990396222
TCCAATC	3970	1.2136123683126	0.0693316414601181	1394	0.393672731670845	4.05523554988544
TCCAATG	6273	1.27342669801303	0.0934243136292075	2156	0.205496658936171	3.71435832453003
TCCAATT	6294	1.19626604899603	0.141730953731359	2207	0.410064461139387	4.76848535061466
TCCACAA	6822	1.14547817241006	0.0595318119759759	2285	0.328668123241258	2.3451800523732
TCCACAC	7981	1.1137006011915	0.0498564981794811	2587	0.407379328244723	3.01979743157984
TCCACAG	10410	1.01742415880449	0.0425031254627534	3179	0.26062551543934	2.62413282659037
TCCACAT	8852	1.2793263392837	0.063548437476895	2935	0.415408681910281	2.77533223507185
TCCACCA	7485	1.38157373948305	0.0804681563205796	2369	0.247093404478172	2.29421367326786
TCCACCC	6876	1.75281553389075	0.144024081457435	2223	0.421595370499446	3.02513052477043
TCCACCG	1010	1.51073808033585	0.116484626720723	323	0.35099557671356	1.77034508383469
TCCACCT	9745	1.51007109593254	0.151961836493994	3656	0.472345218983228	3.16181669930729
TCCACGA	1438	1.53765973010936	0.0772933841493282	500	0.422338585058084	2.84635802512027
TCCACGC	1284	1.54279380431752	0.111158642677909	389	0.396048204823806	3.10880067362407
TCCACGG	1487	2.03486740049145	0.158735279235393	498	0.453858893615618	2.62012307680716
TCCACGT	1915	1.36529305683232	0.114236170692452	728	0.301930033608232	2.26689427606988
TCCACTA	4593	1.18867628570555	0.0802534884299226	1593	0.272378935562716	2.67407346248392
TCCACTC	6634	1.402675234424	0.11206009282383	2199	0.512522830877609	2.9662821958965
TCCACTG	8250	1.4837857408438	0.120361556687625	3079	0.292793206824879	2.44302320139411
TCCACTT	9370	1.52898342823279	0.117271432221266	3613	0.476587181808032	2.71169588761486
TCCAGAA	11335	1.26472375591738	0.0469638365757591	3965	0.300953329644112	2.62864688250912
TCCAGAC	6390	0.990281252054182	0.034546851110698	2119	0.26901467004372	2.59664344735862
TCCAGAG	12590	1.00393490492749	0.0421664831436347	4273	0.201793705527867	2.27432410991808
TCCAGAT	7728	1.0532761007592	0.0389984885277034	2731	0.264467554995019	3.03343915285558
TCCAGCA	9603	1.08974733182903	0.0396138323757723	2971	0.483787251912333	3.70279900595095
TCCAGCC	10361	1.72595139151564	0.0795148426479625	3299	0.838136628425012	4.53354998959669
TCCAGCG	1317	2.04557087190641	0.0929388330853494	408	0.645130603424552	3.08591044123146
TCCAGCT	11403	1.49437195061711	0.068216244132111	3591	0.802910998977003	4.86261226960344
TCCAGGA	13784	1.09904103295546	0.0462270801453042	4540	0.251712169506933	3.14785731382045
TCCAGGC	9042	1.37038967448795	0.0845007951243211	2796	0.178505504262379	2.75920759483192
TCCAGGG	9871	1.56977441479499	0.10603809327444	3141	0.199070726158543	3.48960608644138
TCCAGGT	8592	1.61024264401931	0.133961548072931	3204	0.118079124619792	2.00099737577172
TCCAGTA	5132	1.06726459562172	0.0525452087667116	1660	0.316725439849824	3.1814459635856
TCCAGTC	6925	1.59011677840084	0.0882271351319405	2350	0.484724953795857	3.49742065970126
TCCAGTG	8802	1.35415289543539	0.104758025742576	2920	0.263632023071738	2.86183718357324
TCCAGTT	8541	1.39443718857936	0.08901329817755	2862	0.475734494229073	3.22129027076266
TCCATAA	5670	1.30096501167377	0.103147916373263	1903	0.238197454631672	3.49534321581016
TCCATAC	4234	1.02242820653444	0.07801886083954	1477	0.341482625492523	3.91108809464676
TCCATAG	5603	1.05888660256507	0.0522641379406832	1816	0.198904697868349	3.09565300838279
TCCATAT	6336	1.44493534003323	0.134740543791773	2207	0.293284621966133	2.43382819015815
TCCATCA	7914	1.1701209307357	0.0579867183852827	2601	0.278322097001776	3.38634941221742
TCCATCC	11577	1.246333230484	0.0732205339887395	3981	0.530313536303364	4.09670844582988
TCCATCG	948	1.87655086726304	0.0925703105106992	300	0.386881727960048	2.34091415979131
TCCATCT	11015	1.37575604464113	0.0937145513293132	3600	0.631422680889036	3.97276868629747
TCCATGA	7922	1.24717609519441	0.0618102235751136	2955	0.304228446527059	3.38507975995872
TCCATGC	5710	1.50851442356317	0.0920956309880647	1832	0.445137426528163	3.55470722735204
TCCATGG	8533	1.53432222417134	0.113386074180132	2713	0.543803895360362	4.37655868719359
TCCATGT	8646	1.6728182897878	0.11706414114294	2963	0.441068204583719	3.4437511251517
TCCATTA	6078	1.29204461943377	0.0952218419501526	2035	0.374358074426052	4.33265282155049
TCCATTC	8462	1.61747975186043	0.124105750533173	2794	0.762281454072263	5.02651729274173
TCCATTG	8914	1.32298681296425	0.103957903558607	3152	0.423047489161227	3.90264592240899
TCCATTT	13367	1.68763471342984	0.150473155205771	4607	1.01114702376137	4.81649101786382
TCGAAAA	1770	1.48773333653056	0.29506085919158	644	0.683350063024739	3.30192797265076
TCGAAAC	670	1.86963544477557	0.142763969652274	208	0.49776302288663	3.66476315578118
TCGAAAG	960	1.57525588733694	0.0923256346815795	329	0.307829029341333	2.00973530133216
TCGAAAT	745	1.36731305605051	0.17894866095742	251	0.389738392380554	2.99972227498155
TCGAACA	708	1.03538808522857	0.0759751629037775	237	0.37304531160632	2.35173710526946
TCGAACC	666	2.31191938220181	0.111032044732041	211	0.584673178738019	3.66646512018685
TCGAACT	2225	1.30488650455584	0.0968848971715305	776	0.627226092399379	4.00680803414881
TCGAAGA	1134	1.17487680741974	0.0668753226900106	382	0.504624396270073	3.28658130111732
TCGAAGC	792	2.28374810452074	0.115257629286085	251	0.56690481202621	2.46451328821564
TCGAAGG	854	1.49194048084107	0.0776185961316724	295	0.433780366692772	2.27548591893251
TCGAAGT	727	1.9317726546748	0.153905503023732	214	0.307030387014067	1.51572131673308
TCGAATA	599	1.37271052131992	0.182063162966161	214	0.200967355290323	2.70629316549791
TCGAATC	621	1.55093793013304	0.116846458054234	179	0.374471135178511	2.64103985654807
TCGAATG	735	1.48932696523182	0.141885867488971	266	0.286131238827926	1.90632885335464
TCGAATT	839	0.988113878780815	0.18351742238462	302	0.352969678775643	2.65041924985109
TCGACAA	881	1.09432891625691	0.0784380464728327	296	0.180005250106782	2.12406195126003
TCGACAC	592	1.3852411058584	0.0556526581477651	193	0.235824197927082	2.66438786708381
TCGACAG	728	1.31302252511845	0.0568399428261033	259	0.160405474889541	2.10006734276744
TCGACAT	578	1.03439551081641	0.0634121002642922	195	0.200385358444703	1.44123884661964
TCGACCA	577	1.50720754316336	0.0912634384723287	205	0.263372412807661	2.52187377845602
TCGACCC	605	1.65936773089943	0.15393395228929	175	0.224389284089406	1.46045776647716
TCGACCT	654	1.72527627469828	0.141185267340075	218	0.367280578683427	1.79464269261334
TCGACTA	325	1.16771251164503	0.124310641076115	112	0.130073386464658	1.5721010255457
TCGACTC	656	1.39096816942696	0.141436449566492	180	0.238098354004989	1.55845840914384
TCGACTG	656	1.25105596681807	0.143119311596222	196	0.179155411099195	0.934553553444347
TCGACTT	747	0.994239544118974	0.123931303996199	257	0.289414266497327	1.29174773652465
TCGAGAA	1202	1.4471153430653	0.0636950907263245	448	0.259446346676514	2.22306513402064
TCGAGAC	1756	1.70186672485944	0.0667495916359554	548	0.209654555104269	2.25407623954037
TCGAGAG	1021	1.01979577623014	0.0599819116489684	361	0.230477698091165	1.4057050447874
TCGAGAT	727	1.29606500094343	0.0592597756711054	246	0.201519020519861	1.46111190261112
TCGAGCA	798	0.84857468005982	0.0405048930270987	232	0.322906597923484	3.1940691335769
TCGAGCC	855	1.44416879838472	0.0704983151457016	293	0.538008248297727	3.09070523864732
TCGAGCT	863	1.58021045227032	0.067593153315192	245	0.455456940422237	3.29807558743831
TCGAGGA	1068	1.05538589645528	0.0554722089827106	348	0.256982604199979	2.1419345900126
TCGAGGC	2422	1.51719842454764	0.109050071133308	831	0.221369129256161	1.40657552925596
TCGAGGG	969	1.5968453246229	0.170643341247694	281	0.182650565175326	2.08937970569658
TCGAGGT	965	2.35000301943997	0.24822757162849	278	0.281570853341329	1.38216234360298
TCGAGTA	457	1.35101781277667	0.0962830136421067	165	0.0659504171224323	1.37408350340046
TCGAGTC	886	1.12586241162689	0.10612663086718	277	0.207423517806875	2.2817991078017
TCGAGTG	894	2.18429182090993	0.225211912359445	308	0.160037961159574	1.49270246601922
TCGAGTT	952	1.52865753601137	0.144970833143389	302	0.175143221900976	1.71627635787388
TCGATAA	682	1.06171339445827	0.107707530618196	242	0.127904609847182	2.03503967546812
TCGATAC	431	0.943328843453968	0.0647451062633383	127	0.277009385272805	2.54932958663664
TCGATAG	445	1.46480380499552	0.0624607218263986	160	0.181707069855595	1.74996217003155
TCGATAT	832	1.16515871136265	0.100831270938621	278	0.256785231792486	1.29786312007545
TCGATCA	568	1.19095812717592	0.0591399703805206	169	0.210362807999135	1.99330221022715
TCGATCC	753	1.21307011811012	0.0781206305045049	270	0.446544499995914	4.15367248185334
TCGATCT	914	0.813701038543008	0.0667535581276381	345	0.265524738690364	2.4225936612561
TCGATGA	806	1.2780843535504	0.0725469462205401	246	0.2399169139113	2.46391407579486
TCGATGC	974	1.86763148364848	0.136692821176997	283	0.426230383212174	2.62014053406258
TCGATGG	828	1.34805085090671	0.111910536611139	269	0.433412020674772	4.04972510163052
TCGATGT	904	2.15380339836357	0.199279560035537	283	0.250399459481367	2.14634251971087
TCGATTA	503	1.26111726089975	0.119452146942352	154	0.177121725471027	2.82754561745917
TCGATTC	971	1.72133453790191	0.128663966531979	300	0.413136246648748	3.23302138867921
TCGATTG	524	1.41947373988226	0.123001049806966	180	0.317282718367207	3.38314442978792
TCGATTT	1123	1.07950455686703	0.1380225120316	416	0.437209827541576	3.42245758190574
TCTAAAA	10746	1.56253772233039	0.504139556920601	3640	0.53011764019762	4.74868232391559
TCTAAAC	5558	1.73936945745154	0.398307729459952	1871	0.421910421843114	4.95154645469186
TCTAAAG	6833	1.91009816383328	0.263045399480213	2280	0.421505360037505	5.21066002952092
TCTAAAT	7752	1.4391091333608	0.424927287042099	3026	0.449646163339829	4.94261345301986
TCTAACA	5914	1.83441058518128	0.308880700943306	2048	0.336498128567413	4.27541792696611
TCTAACC	3995	1.56855820468425	0.418811456190565	1277	0.529986038734179	6.11694083515011
TCTAACG	829	1.32698554810112	0.390004797257556	266	0.390003494038476	5.16890345102569
TCTAACT	6152	1.24916395547836	0.395088419980031	2068	0.474274655971352	5.53930034626756
TCTAAGA	7738	2.33073862176623	0.245431017562593	2632	0.537273177136495	4.95147473536678
TCTAAGC	4536	1.66734755273223	0.263848619281978	1389	0.43786834658126	4.68229272911181
TCTAAGG	5245	1.75674198830891	0.296206892807847	1719	0.583401728230932	4.69311294893564
TCTAAGT	6373	1.25550830213343	0.34754914446794	2128	0.336902360590082	6.02883043770129
TCTAATA	6131	1.0976594813487	0.390486401642831	1995	0.128471318998898	3.62180001014957
TCTAATC	4110	1.46062376356322	0.362333991336276	1353	0.30074410665844	5.06542809275793
TCTAATG	5313	1.40208579152913	0.408913006651086	1791	0.16649534343424	5.32501238861564
TCTAATT	7290	1.13604316618622	0.430897290721568	2382	0.341547015318456	5.50486657004736
TCTACAA	7918	1.37166335311058	0.19359514878421	2685	0.319691840316907	2.65913222903829
TCTACAC	5385	1.27865110079426	0.137133603141812	1782	0.347982752404621	3.28413026934201
TCTACAG	9504	1.29158388441083	0.0778005890874499	3106	0.245581949766549	3.05010414924653
TCTACAT	8215	1.25506208218839	0.14291131065893	2674	0.393523346721147	3.25335612392043
TCTACCA	6705	1.28090730435987	0.119526567550282	2207	0.262961342551998	2.61039219812739
TCTACCC	4794	1.07450282682334	0.174160766796244	1618	0.451607377437609	3.41018414363916
TCTACCG	632	0.971866058842878	0.158674861696558	231	0.418093157786941	1.51841414426033
TCTACCT	7982	1.01897565270687	0.168668643184532	2663	0.598262344459136	3.60094478404855
TCTACGA	617	1.45047651632906	0.133686851799742	191	0.34947004771697	2.5013286598521
TCTACGC	526	1.54502305846668	0.172936536919727	174	0.375952819797761	3.19471720260553
TCTACGG	658	1.34422524248015	0.165442555245644	186	0.495997633543959	2.59549046369135
TCTACGT	903	1.18121688999942	0.187876651982654	287	0.337779198704837	2.68393190408851
TCTACTA	3830	0.828048913280893	0.186742507638448	1274	0.171404822233974	2.48468176220452
TCTACTC	5115	0.747576004229955	0.183028740674159	1713	0.43032761907575	3.37509101649695
TCTACTG	5709	0.738531800803989	0.167046333276017	1922	0.272337948213663	3.00263969709539
TCTACTT	7879	0.760385892401767	0.232054311076868	2746	0.455444665729583	3.39090943914817
TCTAGAA	9422	1.39107244877642	0.114424353076442	3200	0.402433128249962	3.38304171544291
TCTAGAC	4319	1.17420545147247	0.0795618777532109	1510	0.230959969769797	2.76490882370065
TCTAGAG	6860	1.02381718596371	0.0503876034846469	2348	0.199147633752881	2.74327854156211
TCTAGAT	5613	1.07840110379972	0.0789874723882273	1819	0.313160129417333	3.39906649545839
TCTAGCA	5141	1.19793873999508	0.0555325369460962	1623	0.551706204169761	3.69619386269307
TCTAGCC	4737	1.24792691108391	0.0838944953068811	1539	0.976875518318107	4.18211143532341
TCTAGCG	503	1.38421035665466	0.101269616223861	167	0.756913696481362	2.97501737859316
TCTAGCT	8170	1.14402318353013	0.0709036485307403	2782	1.23596364001437	4.73425737823125
TCTAGGA	6286	1.31786458708838	0.0683826046019726	2034	0.394545512231697	3.54333943042927
TCTAGGC	4696	1.06711323382273	0.0853358515578489	1406	0.273385178204798	3.23355261367382
TCTAGGG	4730	1.07168333669208	0.0979656358573887	1619	0.342542016614612	3.9376350850649
TCTAGGT	5146	1.00506958499919	0.119475009856904	1625	0.163370129244522	2.56668425196063
TCTAGTA	3768	0.899787235861203	0.111832560821795	1220	0.319403523246053	3.98107751398833
TCTAGTC	4409	0.796731918699026	0.10234568686862	1519	0.405678485590942	3.384565829078
TCTAGTG	4542	0.797670446083141	0.108812010072156	1608	0.239170755502073	3.53721538852452
TCTAGTT	6227	0.74613672577423	0.133135911053751	2089	0.523430714605579	4.31244713317111
TCTATAA	8067	0.871495668171821	0.224239323899146	2839	0.220954256874418	4.07951622846272
TCTATAC	4234	0.892373391073828	0.21736715783606	1349	0.196196686984416	4.06528000536101
TCTATAG	5201	0.936590950696641	0.113973653995275	1816	0.129055410366486	3.06135931180192
TCTATAT	7323	0.902755527521487	0.220920630153246	2451	0.22015135599379	3.17592213451487
TCTATCA	6557	1.10512968216798	0.131946037312421	2256	0.206902827548655	3.21267797061813
TCTATCC	4880	0.837408833068217	0.193783070218888	1646	0.430645137548732	4.51845008635719
TCTATCG	597	0.781627454190918	0.195975360002081	183	0.396412709357427	3.39748772128134
TCTATCT	14068	0.797639919761709	0.173692018707822	4619	0.52087076211759	4.57226966148967
TCTATGA	6782	1.3498029335196	0.132486761876835	2262	0.354874706221621	4.38223081080024
TCTATGC	4600	0.977869400158777	0.131240068201348	1517	0.457450489255949	3.88489365367517
TCTATGG	5924	1.14679817535741	0.163419539141891	1906	0.642171661592302	4.74225566913538
TCTATGT	7852	1.14413550503274	0.163185550544406	2529	0.533258011458121	4.46405019585251
TCTATTA	5609	0.932701830717985	0.284171118526918	1934	0.226063903476791	3.82435200746206
TCTATTC	6541	0.776171953140443	0.26963361429383	2102	0.472811500031428	4.57721811241993
TCTATTG	5526	0.70397696279312	0.229093064196946	1837	0.395927199875527	4.82198797492134
TCTATTT	11732	0.893979903849511	0.34156565794527	3943	0.891295236753948	5.20585700790545
TGAAAAA	14498	2.02790389789011	0.409450613635284	6494	0.336875206251736	3.79025196501155
TGAAAAC	9785	1.93212863857431	0.214069314596906	3204	0.422516492154238	4.97596419980575
TGAAAAG	11045	1.95762271675732	0.155030677071096	3774	0.274828329928636	4.01830314440902
TGAAAAT	14749	1.62867780094922	0.274668286375837	5997	0.23851145543364	4.16694369839436
TGAAACA	10064	1.59801060751356	0.129647954200103	3379	0.307902379750569	3.68022274215522
TGAAACC	6160	1.62874852975519	0.141680583691912	2010	0.51088675937089	5.91018506197681
TGAAACG	1065	1.57073934434638	0.158549893962787	357	0.315559626458538	4.21505468212661
TGAAACT	10269	1.41066927767206	0.163882883748905	3420	0.313455426481744	4.45719601796592
TGAAAGA	11578	1.89796755002708	0.133572089019857	3934	0.418499966771499	3.33817817300053
TGAAAGC	7568	1.62946675072041	0.105387911219727	2460	0.404429213574877	4.18430928348686
TGAAAGG	9267	1.68180005563719	0.0992435377279251	3241	0.540236888955217	3.83246337364722
TGAAAGT	8086	1.68699508147193	0.184752239601011	2691	0.305079714509001	4.31273286459328
TGAAATA	10936	1.5331271541585	0.251927427129685	4100	0.168757368311081	3.58410787554059
TGAAATC	7179	1.47771006128622	0.178307956241419	2427	0.204744282525499	3.71212369267218
TGAAATG	11038	1.52089452052633	0.19850030008521	3933	0.11139810610115	3.37809276522905
TGAAATT	11626	1.52993206851868	0.291033995149428	3953	0.219930750512484	4.25869126469277
TGAACAA	8592	1.64349473708086	0.122012573845299	2778	0.208070211788901	1.98511154259625
TGAACAC	6755	1.34899190489007	0.0628131096216352	2275	0.282529021940058	2.8347372919349
TGAACAG	7975	1.294034683302	0.0548782112605154	2648	0.186309395301451	2.35094482576671
TGAACAT	9506	1.17592347484856	0.070012800646143	3150	0.323275982241268	2.54439301919822
TGAACCA	6418	1.36748768946719	0.0710367580608007	2094	0.17419649643447	2.42418044898953
TGAACCC	5292	1.32240613862718	0.0847778406722722	1677	0.243028425039074	2.72065574063222
TGAACCG	713	1.521618506312	0.0929917045127031	258	0.297729076950678	1.07323408228092
TGAACCT	6585	1.50378099978257	0.103276739675468	2087	0.290965708598426	2.30260655404242
TGAACGA	915	1.63089999926074	0.106302019901202	261	0.343244916127303	1.59401506748227
TGAACGC	850	1.9559455047439	0.138466011353774	241	0.402121534663123	2.31596010900448
TGAACGG	826	1.80408583615618	0.137668248919158	262	0.470176003445741	2.44291299042177
TGAACGT	1249	2.34936613994744	0.172461547781087	424	0.311556968177772	2.13669030279074
TGAACTA	6208	1.11160052295772	0.0872456344289024	2110	0.128412728250206	2.01829724472014
TGAACTC	10686	1.29309197236161	0.0886847889203849	3376	0.246440534075438	2.12969974681507
TGAACTG	6962	1.37046155215376	0.0973632029049407	2226	0.193111870119856	1.96456739459566
TGAACTT	8655	1.44057109968891	0.122227667519471	2913	0.255670110462467	2.25759894083436
TGAAGAA	14520	1.50544903322451	0.0835501455405485	5016	0.279968397442351	3.00929205144585
TGAAGAC	9696	0.925180342371798	0.0395039754754465	3267	0.29776678573086	2.93905520025253
TGAAGAG	10312	0.878499785553218	0.0390714883580446	3339	0.198556388726231	2.1837022302684
TGAAGAT	10076	0.962886004564165	0.0403383176187879	3372	0.313549903210879	3.15266483225768
TGAAGCA	8697	1.08958713403989	0.0414013348241128	2956	0.363078702502697	2.64935153878449
TGAAGCC	7510	1.48406694122947	0.0620908754328281	2450	0.565807944952993	3.32227163076277
TGAAGCG	867	1.67308950347881	0.0797104147502382	257	0.376879050942199	1.88353632984901
TGAAGCT	8211	1.45587092236521	0.0585838072606006	2652	0.733085269197075	4.11855227935947
TGAAGGA	10422	1.25557949181022	0.0518059987768481	3667	0.253392244610188	2.43350635431678
TGAAGGC	7198	1.47358353914216	0.0664464546672113	2308	0.22842426580241	2.19126146053567
TGAAGGG	7619	1.5193189307516	0.0715107663364132	2574	0.235135538494094	2.84196319003156
TGAAGGT	7361	1.28319382050736	0.0759384549101815	2504	0.143305576576538	1.5608148166895
TGAAGTA	6713	1.44443350444573	0.0811891452621266	2161	0.245960465858471	1.89868640045871
TGAAGTC	7052	1.27598797332888	0.0760278220702746	2360	0.348994811854671	2.57100360287653
TGAAGTG	7298	1.51342950157644	0.103004068893647	2446	0.213557742763204	2.18981270021434
TGAAGTT	8847	1.39950889365842	0.0923187021259693	2959	0.433297912202463	3.40579188416126
TGAATAA	9028	1.43020469287276	0.16584792181207	3011	0.087359943770128	2.14493994905827
TGAATAC	4949	1.21620853881286	0.0924254573277575	1588	0.179522104679661	2.64902515696068
TGAATAG	5605	1.17236183101722	0.0732544386394528	1886	0.140467345667209	3.02122501421526
TGAATAT	9386	1.39608198369873	0.131564046102549	3220	0.189902137826767	2.23540335301073
TGAATCA	6138	1.28068102884684	0.0765958514038237	2121	0.153488782365282	2.45600554541777
TGAATCC	4855	1.13791296597735	0.0759916102140682	1639	0.302522665240598	3.70510749206408
TGAATCG	690	1.08523654437192	0.0741308602315069	217	0.198244241879053	2.03424392452378
TGAATCT	7300	1.12607527857973	0.0836109514773647	2488	0.377498175463395	3.95544154271702
TGAATGA	9001	1.83496775085149	0.126006239494939	2996	0.24198483282763	1.99203230951301
TGAATGC	5987	1.87405320725657	0.122371323237823	1860	0.334258917847683	3.00615551165161
TGAATGG	7118	1.74956647490904	0.114408070332981	2329	0.408627327133016	2.82020847002631
TGAATGT	9464	1.7158669013476	0.132333568491941	3008	0.339113476152239	3.37225375523581
TGAATTA	6719	1.43432685380092	0.160631351419829	2278	0.155377686516342	2.95648764387593
TGAATTC	8192	1.37587844119996	0.132328166026904	2853	0.266405412922964	3.68618135096107
TGAATTG	5370	1.28497597909267	0.107938401723063	1889	0.173183117894074	3.14162332911515
TGAATTT	13150	1.42100385766335	0.199722344036871	4593	0.466903012837413	4.19644768641111
TGCAAAA	8520	1.62439987238643	0.18144929184874	2938	0.509418691431298	3.96423213142384
TGCAAAC	7004	1.57513924718235	0.113166777393781	2304	0.505975624485822	4.80248889350144
TGCAAAG	8216	1.43083013765934	0.0791050163934262	2660	0.378182740318775	3.82072352146093
TGCAAAT	9233	1.51812108679311	0.140255034870164	3134	0.385158199449801	4.06290991555236
TGCAACA	4814	1.2956376491259	0.0628039376085556	1549	0.464287680409962	4.28107274900619
TGCAACC	4207	1.39100900316779	0.0714377265609193	1446	0.611183601856657	4.57983835576288
TGCAACG	614	1.24666496394339	0.0833366357612137	172	0.382708437184885	3.41351096045532
TGCAACT	4339	1.24375903998256	0.0793584117016034	1422	0.422425079909782	3.4068554293217
TGCAAGA	6394	1.19612914521175	0.0552542769827598	2265	0.668916797734653	4.79404346928969
TGCAAGC	5599	1.54146195304357	0.0682855421128844	1877	0.552432040691768	4.77907139855953
TGCAAGG	5686	1.14937013563244	0.052573299964425	1855	0.590598280412836	4.03056979067592
TGCAAGT	5542	1.45168239705611	0.0900420119441309	1800	0.347135278800974	3.78993795206645
TGCAATA	4528	1.13425939379576	0.0822549935785214	1557	0.264293597315089	3.74909054048387
TGCAATC	4335	1.22566195309413	0.0720100624430683	1580	0.501332508380438	4.67781016241667
TGCAATG	5907	1.53111341729183	0.0992055757061196	2069	0.204602543610115	3.09409927995607
TGCAATT	5047	1.25182664829755	0.123118967270414	1772	0.410032905211605	4.7896049970024
TGCACAA	6352	1.3919312698839	0.0857066370098481	2039	0.268688510103867	2.3479853692233
TGCACAC	12309	1.03794255566025	0.0539549713645571	3996	0.311995187270357	3.12958549684427
TGCACAG	9365	1.22303588359873	0.0548474872874843	3127	0.269962464162296	3.0892235293168
TGCACAT	9863	1.29292407791643	0.0734791432334379	3193	0.388916223596084	3.01259172901684
TGCACCA	5958	1.59157229062457	0.0972498178655132	1992	0.292630820617654	2.66228482021705
TGCACCC	3929	1.88537142862561	0.145800452388572	1151	0.413456573211406	2.97982968919874
TGCACCG	908	2.19721816093026	0.155349761335058	270	0.284237526386375	1.22083757407145
TGCACCT	5552	1.67573860503887	0.146375568569197	1752	0.404825648544406	2.98433431449606
TGCACGA	900	1.35250043311439	0.0804214996188062	308	0.425325817025921	2.7310120672903
TGCACGC	1762	1.75787533839031	0.146616099963066	513	0.450682474967572	3.0570206140502
TGCACGG	1214	1.87058651483528	0.162867934490226	404	0.456549136363987	2.5177280756488
TGCACGT	1786	1.83167562539715	0.153750029410491	530	0.420024068975732	2.95559362263554
TGCACTA	3654	1.20359009634204	0.0833283784688219	1245	0.22038018854797	2.13736455630816
TGCACTC	4711	1.59586156775116	0.112758199710794	1527	0.450842211509329	2.84492737185349
TGCACTG	6685	1.41082475729558	0.115993720909775	2156	0.29014328803261	2.25031812804022
TGCACTT	5584	1.75208276623792	0.136238105878819	1800	0.455718737399131	2.61717180949307
TGCAGAA	10255	1.24326335813972	0.0545970163596948	3295	0.325895490819282	2.86500611700745
TGCAGAC	6954	0.883779796566359	0.0353873549900445	2260	0.334857587951988	3.30551570489735
TGCAGAG	12314	0.938166809422157	0.0420031903138506	3833	0.206383708316809	2.0676319450505
TGCAGAT	8040	0.984728134460347	0.0398091864764356	2756	0.303404106897164	3.17095997743377
TGCAGCA	7644	1.28764917069746	0.0483842242572571	2439	0.467422392721429	3.70527627986877
TGCAGCC	7400	1.69986503077015	0.0741980533233819	2308	0.797451263859146	4.09223366252302
TGCAGCG	1237	1.49476288589839	0.0848038469071913	381	0.534427084537968	2.3820323860319
TGCAGCT	9166	1.27914064614795	0.057274588781675	2980	0.67506531191243	4.08299878091948
TGCAGGA	8484	1.46044810937658	0.0622449324073357	2752	0.325365434533893	3.32903115081564
TGCAGGC	7643	1.39308035322303	0.0849349190953408	2404	0.178298272180795	2.2199409169304
TGCAGGG	7898	1.46681254807821	0.102813898352633	2425	0.23715133987248	3.16985485731431
TGCAGGT	6828	1.5418906896023	0.123385609265821	2153	0.126604270443211	1.49135653347168
TGCAGTA	4621	1.21598913864731	0.0637650743343733	1570	0.323105462476787	3.2189062788646
TGCAGTC	5370	1.45635749707467	0.0862635455521224	1701	0.44189406906393	2.93351681604522
TGCAGTG	8388	1.53429430421695	0.111229046554335	2498	0.242571645220645	2.37600152885151
TGCAGTT	7460	1.51002735085265	0.0928381376244455	2380	0.544245536860796	3.79612660000767
TGCATAA	5369	1.31852212688095	0.105682479977979	1686	0.206538158357192	3.18146631707219
TGCATAC	6024	1.02307678761819	0.0699977262964001	1996	0.301754131537955	3.17449700399892
TGCATAG	4916	1.00313625359304	0.0507473578405288	1609	0.232921257278567	3.47416313282483
TGCATAT	10262	1.51065933178233	0.120402195994494	3528	0.293780025534149	2.68996733858463
TGCATCA	5778	1.15482663604227	0.0573205088377348	1991	0.262683336356443	3.04750013128763
TGCATCC	5749	1.37446533085062	0.0854259339815297	1779	0.622892533530562	4.01649858266056
TGCATCG	981	1.84139934187067	0.0981246079597109	298	0.356632993008154	1.77547921032291
TGCATCT	8104	1.347755273551	0.0855881858199885	2631	0.659109699916653	4.12471459606782
TGCATGA	6202	1.31625553322013	0.0701322496543703	1947	0.30492456509789	3.74652786751627
TGCATGC	9392	1.42018454248417	0.0930131014049501	2965	0.363698416233134	3.39858960515803
TGCATGG	7148	1.58021750446685	0.109602130288994	2276	0.474578094653942	4.37529955716903
TGCATGT	12624	1.63052949410868	0.123834408796279	3879	0.428290313834373	3.35454746988844
TGCATTA	4682	1.1317007345386	0.0850846896749681	1603	0.351775760572499	4.31485368646362
TGCATTC	6239	1.36719245783101	0.10507030306604	1954	0.650644841053261	4.63430197907902
TGCATTG	5544	1.45632859717153	0.0952443777234451	1883	0.365409366869584	3.63492798578468
TGCATTT	11883	1.74952706589897	0.143871766773126	4598	0.764097622386392	4.4429013652855
TGGAAAA	14188	1.93172570970282	0.180869782368403	5402	0.458264052579828	3.64215914752935
TGGAAAC	9210	1.45824599337351	0.0867820084924292	3191	0.511942086628051	4.19646917876798
TGGAAAG	13258	1.40253049152881	0.0737455571678106	4534	0.333317217789825	2.91606338968031
TGGAAAT	12233	1.58125282094053	0.119802344859916	4129	0.405205320628862	3.61154159592396
TGGAACA	9017	1.16805842010424	0.048802493194476	3082	0.449714432503045	3.38708103378849
TGGAACC	5269	1.25407270679853	0.0545389043198083	1718	0.51523120146451	4.0933269489057
TGGAACG	990	1.25670109350375	0.0733595848833408	325	0.451240839827717	1.97199790500324
TGGAACT	11807	1.41350247176971	0.0635637123018358	3908	0.507656997392702	3.8397380612637
TGGAAGA	13383	1.21420885458485	0.0471053385751824	4455	0.452784008273789	3.586002033711
TGGAAGC	8425	1.72200247572703	0.0708703474657469	2623	0.413158914881512	2.38061223554074
TGGAAGG	10765	1.48966249138909	0.0595968211549898	3527	0.420766165967732	3.20976215082156
TGGAAGT	8207	1.74505782876456	0.111945651780164	2688	0.290627848791191	2.2609540305888
TGGAATA	7615	1.00877490516497	0.0687810870480959	3425	0.275001941431	2.9009533574547
TGGAATC	6500	1.28775297635735	0.0637454028182682	2207	0.36084156313497	3.15866326520358
TGGAATG	7527	1.68568321211698	0.100225864841362	2429	0.245499010818726	2.0039749612479
TGGAATT	9791	1.56046498720139	0.10924832030922	3192	0.312717534582305	3.22423516748557
TGGACAA	5965	1.52678671530177	0.10622305960659	1970	0.244709394065161	2.1225632595567
TGGACAC	6401	1.33171798573631	0.0625403823815152	2143	0.29229996225575	2.77804731685129
TGGACAG	8507	1.21532316576714	0.0580118551762334	2739	0.184857561419526	2.12896466738275
TGGACAT	6806	1.34488175103781	0.0728716540268741	2608	0.304585207601933	2.40078220098576
TGGACCA	6271	1.43641240673671	0.0745407814435289	2023	0.178828320207854	1.81531586014
TGGACCC	3907	1.87365102217056	0.137362015178713	1262	0.237329199620732	1.88022221521726
TGGACCG	711	3.45745113888045	0.193577787989858	223	0.408146561854119	0.700413560092164
TGGACCT	5739	1.72662876044249	0.136243342492438	1911	0.267525120187732	1.59656217788607
TGGACGA	919	1.8898103790625	0.126810245148323	279	0.263453768287072	2.41873879762211
TGGACGC	731	1.94621642969185	0.208957529944192	207	0.295918286237441	2.58455596510247
TGGACGG	928	2.01127616532436	0.237740596078185	285	0.298564999349797	2.15368112837295
TGGACGT	918	2.18010299041145	0.261037308098228	277	0.213470473430857	1.54774165128455
TGGACTA	4208	1.28487355165986	0.095833211113849	1323	0.105238851697864	1.49214103957183
TGGACTC	5822	1.47245096097785	0.121916075033014	1885	0.193503427220569	1.28850672783455
TGGACTG	6603	1.82494076904252	0.16641905524603	2233	0.208604467640608	1.04031104706976
TGGACTT	7013	1.74446999872335	0.146529362389838	2283	0.220628158848607	1.38389235011997
TGGAGAA	13044	1.45562746229943	0.0655022564173295	4438	0.25637070036053	2.2996712909711
TGGAGAC	8157	1.14529471465996	0.04305995336315	2678	0.246359280603399	2.39613024517221
TGGAGAG	13534	1.19171653749516	0.0653597650150774	4334	0.195453939386916	1.60495808372289
TGGAGAT	8620	1.00881102716642	0.0422938833752005	2882	0.171771055284579	1.59860256498965
TGGAGCA	8564	0.989242569299203	0.0367371656341241	2915	0.267704643385882	3.03371019160744
TGGAGCC	6938	1.48206128628228	0.0643081381504454	2142	0.471910849450799	3.36284646176339
TGGAGCG	1189	1.50576920617344	0.0844716172794845	365	0.333537333223727	1.13508942406505
TGGAGCT	9505	1.17165780766509	0.0551376832399486	3158	0.39643631335939	3.39666558217019
TGGAGGA	12323	1.29835392002378	0.0544136497818206	4271	0.190813701704073	1.73891900557151
TGGAGGC	9036	2.01154927380312	0.14865445805869	2820	0.264771311474899	1.22374191877885
TGGAGGG	9285	1.62703725514409	0.15162059994386	3078	0.155392759755577	1.96844440461861
TGGAGGT	7735	1.97680963434421	0.235785476931656	2449	0.229974857674524	1.16270496971417
TGGAGTA	5550	1.14452743017029	0.0684624716436609	1930	0.108176698789195	1.98798548403947
TGGAGTC	6621	1.6394507678968	0.115329520505119	2154	0.192179519001735	1.5983635976253
TGGAGTG	7013	1.80926870054962	0.190068855194019	2304	0.188606048987322	1.42613527796749
TGGAGTT	9271	1.50043705408086	0.1161727848353	3133	0.19508641343376	1.74140699896377
TGGATAA	5509	1.37670265929548	0.105977193484247	1918	0.156105674920672	2.28549389286353
TGGATAC	4905	1.57099422699419	0.0889150229095175	1708	0.310606241172738	2.71059273865725
TGGATAG	4566	1.64084316209341	0.0818545825158711	1546	0.204920848907314	2.09495307058965
TGGATAT	8696	1.64061359222085	0.135282941596184	3058	0.294805950401186	1.79000207723809
TGGATCA	5816	1.21309513312464	0.0596617616935597	1959	0.156341944877471	2.72994963339718
TGGATCC	6007	1.64230693560183	0.0901708810345911	2022	0.464479269868975	3.49558452847599
TGGATCG	784	2.23665505301323	0.104186970858822	261	0.245152001735319	1.24917597782469
TGGATCT	7721	1.39043617011044	0.084714737558782	2537	0.315877104167048	2.53021361962279
TGGATGA	7099	1.45005372492267	0.0877449757244374	2364	0.220187930513569	2.61452557654744
TGGATGC	7124	2.14594497556328	0.148319749060288	2355	0.333067658635871	2.63912470570066
TGGATGG	10867	1.92440825744906	0.170625850227985	3659	0.267716862541268	3.03790988088569
TGGATGT	7613	2.14397182777733	0.203942374273654	2791	0.247427510551195	2.32531449015879
TGGATTA	4915	1.45856637413186	0.0983365389427468	1634	0.184994240037745	2.85957555910255
TGGATTC	6339	1.65698042649897	0.11295268692073	2077	0.388041782215749	3.50943306322756
TGGATTG	4914	1.4901975732031	0.109167596454161	1732	0.222922266598406	2.47882163127093
TGGATTT	10710	1.72395406275981	0.144399137740904	3571	0.46883407687332	3.52630815495797
TGTAAAA	10748	1.52340035867938	0.436408582783294	3591	0.52945653365209	4.33910637111999
TGTAAAC	6083	1.75004273905235	0.30949047782701	1986	0.512575935662359	4.91815576816505
TGTAAAG	6920	1.84311553841881	0.190668391471824	2282	0.513130284909407	4.89450054457784
TGTAAAT	11186	1.49841022321456	0.304291763812732	3864	0.480301054979484	4.56128131688761
TGTAACA	6312	1.61886826835813	0.216350344593074	2062	0.39848727883547	3.95487841278558
TGTAACC	4223	1.4287155944818	0.269308027968888	1382	0.57552695184842	4.99454680855306
TGTAACG	756	1.29943420097742	0.32992356329065	255	0.412465405629767	4.19061890576628
TGTAACT	8114	1.13403519622427	0.271540304557647	2732	0.597300657762697	5.64015419985322
TGTAAGA	7647	1.86873141261695	0.173699800475993	2647	0.578020994563796	4.26247311479629
TGTAAGC	6153	1.54873141435873	0.158314015419993	2087	0.579833947947299	4.98325662225732
TGTAAGG	5567	1.47946948601673	0.177684338352015	1823	0.628388485270296	4.54723830894494
TGTAAGT	6983	1.26721961155179	0.225078825494654	2280	0.431617281262917	4.72985651921526
TGTAATA	6529	1.17094309615435	0.281202571985643	2122	0.191473599680553	4.31551717102231
TGTAATC	5072	1.44700362909618	0.242939624805229	1568	0.395208590490958	4.29661354046239
TGTAATG	6352	1.3923057543463	0.267430280166996	2070	0.199310767976457	4.41014488768873
TGTAATT	8807	1.18993379362947	0.356694800358702	3054	0.462195165110585	6.01103760216129
TGTACAA	6907	1.33997733498	0.120275244684859	2278	0.409856681598047	3.00067678720856
TGTACAC	6487	1.18173948731583	0.0799938115221453	2000	0.314220392869135	3.31404331676748
TGTACAG	6237	1.04735138155431	0.0583503882604514	1962	0.300136931101889	3.30775557810409
TGTACAT	8466	1.36263199870592	0.103448022991859	2717	0.439435087619055	3.01086438310853
TGTACCA	6141	1.59605496654515	0.110051818600558	2145	0.285343467725491	2.67365422829592
TGTACCC	3826	1.57665063968831	0.149752599843419	1225	0.468508970789563	3.02790151526179
TGTACCG	685	1.11276629238291	0.1267350544523	206	0.501112297269654	1.75506956124759
TGTACCT	5265	1.61050736286399	0.163310648656847	1685	0.644726578958975	3.34753975131784
TGTACGA	574	1.26203926896899	0.0989002082969305	172	0.424673868333882	2.70647813609972
TGTACGC	566	1.60092447002716	0.13488537241151	192	0.489103511931261	2.92088454742269
TGTACGG	611	1.66056186373853	0.176057930059648	199	0.655713743979089	2.88010853421839
TGTACGT	1174	1.7674493325829	0.180343772400637	378	0.599134501084137	3.55722419136046
TGTACTA	4237	0.861876643992905	0.118849294234831	1420	0.184885156447753	2.32893336808423
TGTACTC	5231	1.03690054503441	0.111973850215373	1750	0.389953479157863	2.47314577372406
TGTACTG	6403	1.1361111029252	0.139536833863375	2050	0.33682341546541	2.7573673217606
TGTACTT	7504	0.985632168999008	0.138459639116422	2530	0.499224347903618	2.53334999826685
TGTAGAA	8839	1.20494480075112	0.0701209410050949	2965	0.385653645419859	3.18745032796421
TGTAGAC	8268	0.927864855460565	0.0402161923277503	2656	0.24318969690232	3.48342069621426
TGTAGAG	6733	1.16534361927014	0.0449384397373956	2224	0.230414147321727	2.447894818343
TGTAGAT	7214	1.07051028643102	0.0490801084388158	2415	0.41968416348769	3.24125690424702
TGTAGCA	6547	1.06186045613707	0.0458118849619034	2086	0.530724388279549	3.59123052473346
TGTAGCC	7787	1.44210058157997	0.0737048402713826	2540	1.09845047703059	3.80385729784876
TGTAGCG	562	1.02618406882712	0.0678931361638054	185	0.832415787701589	3.26797546567063
TGTAGCT	8676	1.35204930668461	0.0581156152592316	2871	1.27279700185405	4.10790414267341
TGTAGGA	5736	1.18036480669289	0.0555424153962467	2389	0.405343916966281	3.61678417872535
TGTAGGC	4713	1.3515058025866	0.0822119730750234	1485	0.403880260649542	2.99902576524872
TGTAGGG	4644	1.38141747236945	0.0955266015453441	1465	0.394671509688007	3.27908788752449
TGTAGGT	5447	1.48140097766902	0.110798264576961	1810	0.291110591666231	2.44500242681194
TGTAGTA	4653	0.937333437905348	0.0661583552929136	1580	0.375123599065049	3.53242194174956
TGTAGTC	4665	1.03286053937344	0.0766739585667529	1543	0.471972319041341	3.10241400328471
TGTAGTG	4863	1.22532674365155	0.101452817812786	1484	0.300591401121319	2.97032519469948
TGTAGTT	6363	1.03462010005614	0.0923280450431718	2076	0.657944205400913	3.88863606746469
TGTATAA	7378	1.0186305975668	0.150758247225595	2529	0.237672698801482	3.70768861675948
TGTATAC	5750	1.10370790941421	0.14185736094776	1796	0.216322412774564	4.13707323451662
TGTATAG	5957	1.0995119599598	0.0771348084173898	1920	0.201869101469823	3.59532960327931
TGTATAT	14868	1.33124200591539	0.169924452655589	4834	0.290088188048991	2.69252052221799
TGTATCA	6301	1.10593953322551	0.0888214313250478	2156	0.299572592951514	3.9082656201136
TGTATCC	5857	0.963318942812891	0.106045122406583	1944	0.621573404677474	4.79821997009976
TGTATCG	629	0.895368932446944	0.115306531639593	204	0.358101788590376	2.44572247038171
TGTATCT	9269	1.00111393591924	0.114468464391212	3153	0.724278466911871	4.36242127710902
TGTATGA	7119	1.34601561546025	0.0873915888498787	2302	0.387902338682477	3.88467121819561
TGTATGC	7052	1.31275035175032	0.108432465909416	2338	0.456757046267507	3.61166788063883
TGTATGG	5400	1.49096554090436	0.140996361243512	1796	0.718360765946343	4.66420563547059
TGTATGT	20232	1.74809536462694	0.170870230499056	6159	0.693018025711938	4.58669579785754
TGTATTA	6733	0.960262116361076	0.161552109727888	2183	0.281145903839748	4.28444103352598
TGTATTC	6667	0.868174215684872	0.157926783797206	2199	0.58162385299518	4.82235472893419
TGTATTG	5504	0.894381807276859	0.13710317569943	1885	0.359700111560659	3.97473743113303
TGTATTT	14781	1.12000974881439	0.230846235915723	5321	0.892409098131358	4.67399086366172
TGTGTGT	450	1.71380942023655	0.238419324769933	115	1.15809605257846	3.62472611027626
TTAAAAA	31353	1.54981475555837	0.648254639542628	10588	0.622380501714044	4.87533590315335
TTAAAAC	10316	1.85025372393498	0.436808395651715	3359	0.495952466960138	5.04235086986509
TTAAAAG	13772	1.87039168393181	0.290716561810617	4532	0.433875329893129	5.13733869877615
TTAAAAT	20018	1.39903363170367	0.536782149267006	6678	0.389040511711586	5.46950350525166
TTAAACA	9497	1.98259387303878	0.327530283820534	3172	0.35093000329822	4.38733546128548
TTAAACC	4616	1.63709473599062	0.345433727766161	1587	0.41349849387884	4.83013350316038
TTAAACG	928	1.56906771872019	0.412677230964908	321	0.472285250312929	6.22668993389614
TTAAACT	7891	1.35671899179925	0.389013727621123	2663	0.389908472452416	4.9456366630991
TTAAAGA	13753	2.59724186733546	0.30709140743288	4792	0.585170749723146	4.42550441091768
TTAAAGC	6431	2.24432408619448	0.281280510699858	2174	0.640975683483944	5.92177006754882
TTAAAGG	11844	1.91241538963326	0.270646843575444	3931	0.556089156776928	5.35276217679503
TTAAAGT	8976	1.57403170266887	0.373460550308652	2973	0.419537069860235	5.58722828640721
TTAAATA	13280	1.25812195453072	0.447131775154713	4318	0.171367584158713	4.13995970587984
TTAAATC	6901	1.56464231981277	0.389461743519688	2393	0.353886823949726	5.46819364672269
TTAAATG	10724	1.54569062965394	0.421961108539806	3613	0.186685836328576	5.02610098984895
TTAAATT	12990	1.29245841266859	0.554004744820688	4295	0.425129223088012	6.43388050361183
TTAACAA	7511	1.40126187188885	0.157296530164088	2443	0.270455786356414	2.92527453726115
TTAACAC	4427	1.36049001228116	0.110722743586823	1500	0.333442879087069	4.24750469235704
TTAACAG	5838	1.24563515974725	0.0867762950918529	2052	0.207379875943549	2.90392238577055
TTAACAT	7304	1.20779769137996	0.11809497377287	2420	0.326255537576108	3.39000489687512
TTAACCA	6209	1.61873143104171	0.135481873243037	2041	0.198239439159857	3.05784537437221
TTAACCC	3359	1.37302512021445	0.179636865648411	1098	0.320447892772921	3.57262628640999
TTAACCG	752	1.45750972843877	0.160986165109783	250	0.402967833177937	1.5146424964665
TTAACCT	4891	1.49494307559006	0.177239050790287	1670	0.48449404951253	3.91202271456488
TTAACGA	681	1.55833186307016	0.151655225356235	217	0.424829598218854	3.19177201702194
TTAACGC	413	1.57306641154205	0.178507162326263	128	0.471684076462229	3.78386212880052
TTAACGG	549	1.50016907290791	0.181879657279244	185	0.610667419674835	4.03941843864178
TTAACGT	882	1.40340080139525	0.178759631939097	307	0.492843335270877	3.43789985588081
TTAACTA	4977	0.974435860227958	0.174285041830248	1647	0.158377918536032	2.8640353406377
TTAACTC	5096	1.13174718243854	0.187322810389141	1685	0.38439199043055	3.36593493051086
TTAACTG	6398	1.08538601868877	0.156738726415362	2152	0.263184540207622	2.91189339422563
TTAACTT	7359	0.975393648454559	0.215673481510408	2458	0.462346445497946	3.73569509958682
TTAAGAA	10805	1.47269507543006	0.110575916716566	3506	0.331829423114492	3.16960902672019
TTAAGAC	5157	1.32502948703176	0.0795199831536139	1674	0.331991678014231	3.25487436668338
TTAAGAG	8771	1.02041638762787	0.0572041496383563	3053	0.235777401839425	2.6086036743319
TTAAGAT	7146	1.35443293957546	0.0867829102103709	2305	0.361064609580964	3.4701723838202
TTAAGCA	5561	1.39773932428365	0.0717487338087996	1785	0.513818144681065	4.49421963819478
TTAAGCC	3561	1.84887190763724	0.114484773290597	1158	0.881265893854912	4.61768192027506
TTAAGCG	472	1.88120333244801	0.124015142188833	125	0.576165339792442	2.52436284878204
TTAAGCT	4616	1.42943038722508	0.0938213864614961	1491	1.04530465755062	4.95876749221599
TTAAGGA	7763	1.73123484757143	0.095018417362883	2636	0.412280483338442	3.28803096412239
TTAAGGC	4041	1.47193387803299	0.10304057064891	1319	0.34491569879549	2.51657700453072
TTAAGGG	4560	1.32992715404725	0.104618906826881	1566	0.362376298897917	3.62120429045945
TTAAGGT	4654	1.51504138677822	0.142736625990269	1550	0.230827582621978	2.12327856103672
TTAAGTA	5996	1.4247609901874	0.133042008190952	1978	0.357514160252837	3.90561383454073
TTAAGTC	4416	1.47545431834039	0.144836290617218	1458	0.583392129416019	4.18607332935674
TTAAGTG	6040	1.32145569965071	0.148091387580424	1942	0.320224014937314	2.74869183034684
TTAAGTT	7156	1.19542706435373	0.166224264432518	2468	0.772077534667626	4.81925658982698
TTAATAA	10663	0.990856031966465	0.205738293621777	3564	0.108388289510842	2.87896172293678
TTAATAC	4664	0.99737348391503	0.149728059878877	1521	0.177583233504249	3.99252496713805
TTAATAG	6127	1.00317022288831	0.104432315044363	2139	0.0988811401406313	3.06005414428908
TTAATAT	11135	0.997619910081295	0.193613698798091	3752	0.174069215809878	3.16340087922625
TTAATCA	6686	1.30015247891157	0.119004612081918	2251	0.200394079910871	3.2649769319312
TTAATCC	7745	1.17910832698132	0.137582770937684	2550	0.352097963388205	4.35248690249086
TTAATCG	574	1.12915769380715	0.135802629432025	182	0.262391307593091	2.56427593018201
TTAATCT	6830	1.02953631219663	0.144299543449451	2329	0.526100860651888	4.99739769613396
TTAATGA	8455	1.65833869927212	0.142164540909794	2807	0.217021455181544	3.32737458840618
TTAATGC	4103	1.31775270585278	0.136548414552426	1329	0.407772453125661	4.31838452765156
TTAATGG	5449	1.37483140190131	0.147657924624203	1855	0.498883259322757	5.04565217223208
TTAATGT	7946	1.31367333915441	0.158175309036741	2616	0.339087714942927	3.70125934528212
TTAATTA	11317	1.03468489121935	0.254615446721165	3902	0.188221549045234	3.89010050121068
TTAATTC	7091	0.983057315318056	0.234042683977826	2375	0.440564099084994	5.19741008017383
TTAATTG	6939	0.979703784859837	0.177865851971336	2411	0.259322613859361	4.50863837560487
TTAATTT	16724	0.996526576883688	0.347894663934199	5723	0.764146700026681	5.3575842735554
TTCAAAA	13098	1.54801872313664	0.32018318407374	4430	0.697857618982149	4.6226200150188
TTCAAAC	7672	1.51993639608246	0.177899434607725	2641	0.724699189148983	5.5262652861723
TTCAAAG	11510	1.7243589537589	0.131316686136187	3759	0.48927688032204	4.42144970636236
TTCAAAT	13179	1.37951629216289	0.221531790375208	4374	0.433421516255197	4.41319850349454
TTCAACA	8652	1.53937769031503	0.14052467570871	3036	0.466156689435456	4.11009882917649
TTCAACC	4126	1.38121184180372	0.135622532367422	1342	0.623835768448378	4.78903788627581
TTCAACG	876	1.45128580875812	0.177510435430838	302	0.35537543802533	4.21157699957679
TTCAACT	6488	1.26497512524752	0.167923892626348	2138	0.515564660746871	4.7870318259726
TTCAAGA	8780	1.76526245724215	0.119356638051241	2899	0.771051930608118	5.23089438828125
TTCAAGC	4911	1.57705580761686	0.116400758406846	1569	0.647007529902787	5.44016443015795
TTCAAGG	9754	1.28183136456352	0.084582212155897	3286	0.686070671716508	4.64933617376053
TTCAAGT	7971	1.37619071184647	0.159624362845959	3105	0.442514218160491	4.5957036808936
TTCAATA	7438	1.26537880173164	0.201159481926901	2631	0.27187512620769	4.14837459029176
TTCAATC	4759	1.34245142451393	0.137795024953139	1527	0.547144371191755	5.42130357030036
TTCAATG	6568	1.342963452181	0.152838093392015	2165	0.276923853432784	4.28604424748694
TTCAATT	9374	1.30787254632118	0.241435360676181	3113	0.41774478574678	4.90310895805967
TTCACAA	8432	1.3321909105805	0.0811588984282641	2894	0.376020262243533	2.50210887618519
TTCACAC	7187	1.13020414469477	0.0605774623771191	2324	0.414228452015309	3.22523653536981
TTCACAG	10884	1.21583368131236	0.0537516876956284	3593	0.342399047929941	3.18384707923273
TTCACAT	8842	1.19489309717173	0.0749829576991738	2976	0.494911180830051	3.36012092389054
TTCACCA	6663	1.84735173874185	0.10762026145585	2164	0.429668611621272	3.36055027247928
TTCACCC	4834	1.73374952642665	0.149850350270228	1569	0.691369142394499	4.28802094019086
TTCACCG	977	1.73113326639403	0.137463393364696	294	0.566589594581812	2.05715982070186
TTCACCT	6817	1.71822879327463	0.176126000932456	2261	0.737939385161665	3.89288597314806
TTCACGA	938	1.69362661839155	0.0967046390889473	300	0.605021804989073	3.25265147215171
TTCACGC	826	2.64292045410714	0.180196391015736	220	0.634209062243933	3.40613417462936
TTCACGG	1247	1.93242706642501	0.16315262115011	432	0.705254723952207	3.26065331414926
TTCACGT	1671	1.72969861774719	0.145179739247328	1396	0.641058834345309	3.23497919840894
TTCACTA	5170	1.32281537833698	0.107882268906984	1677	0.371461237641061	3.69750009052528
TTCACTC	6035	1.41915009961814	0.125574351681818	2001	0.681294795653725	3.58705492845951
TTCACTG	8928	1.50966396833345	0.133616943926506	2783	0.417443383297102	3.01840115856119
TTCACTT	8953	1.46945696138603	0.155378083907432	2992	0.70189859284902	3.75700066684861
TTCAGAA	12620	1.49826888241579	0.0703215208830838	4369	0.533775127791904	3.52664930331884
TTCAGAC	7822	1.19621732814931	0.047980765898916	2594	0.527119092291468	4.12331916577034
TTCAGAG	12105	1.25540365604247	0.0539260658933315	4098	0.318919236026623	2.87846554498158
TTCAGAT	8826	1.41646779874906	0.0584019316042032	2852	0.406428026467031	3.39198827711005
TTCAGCA	8547	1.47414344008382	0.055451914181812	2885	0.767083811728377	4.27200698811428
TTCAGCC	6534	1.84540047251474	0.0909887764887268	2140	1.15827338144352	4.61985689920024
TTCAGCG	998	1.65065685979258	0.0926954265310435	341	0.782127741292446	3.11460617440343
TTCAGCT	9388	1.56184898206164	0.0803893385976107	3132	1.24142538117967	5.21113128797291
TTCAGGA	10045	1.40559591926903	0.0660768194449907	3361	0.512327949649985	3.59914016262842
TTCAGGC	5771	1.43009035063444	0.0960186484246679	1899	0.343537876782244	3.46901497267392
TTCAGGG	7758	1.57538901750099	0.107871870563714	2476	0.456290045449711	4.50081310046806
TTCAGGT	7858	1.51387136062224	0.135174068270452	2727	0.204860503824794	2.00392543015259
TTCAGTA	6753	1.30020868377583	0.0703101545446254	2182	0.555924967751408	4.15325711643094
TTCAGTC	7964	1.55805605739324	0.104009100561888	2740	0.725889827154193	3.87757166760906
TTCAGTG	10227	1.50789685996868	0.114051615582009	3746	0.448621365129114	3.42192579119408
TTCAGTT	11413	1.63437751881034	0.117412002338511	4890	1.04261758962691	4.93054783330097
TTCATAA	10249	1.07425378576039	0.129418394790894	3524	0.282059597596657	3.5691106779204
TTCATAC	5276	1.03051616246238	0.110272043338212	1762	0.302599329006491	3.54447182470309
TTCATAG	7693	1.06357718968438	0.0688127955550644	2532	0.269893466507234	3.42407781333941
TTCATAT	9702	1.32274920944635	0.155952338710921	3399	0.360011355773499	3.28271504772171
TTCATCA	8226	1.06113122136711	0.0734964086170641	2717	0.346361248456614	3.95660386137138
TTCATCC	6646	1.14592402312245	0.0983950363112131	2275	0.586944824814457	4.11720789886946
TTCATCG	944	1.02043265153632	0.0975982337275133	309	0.549589792167696	3.46099608602727
TTCATCT	11258	1.05786858228304	0.0991928819933459	3803	0.749710910639039	4.57396464723533
TTCATGA	8269	1.33278573142971	0.0823587446284583	2800	0.466019003456812	4.37300146094096
TTCATGC	5657	1.49585445743057	0.108346173439048	1868	0.642949225784523	4.3125421653665
TTCATGG	7444	1.55087946580213	0.11901214713443	2527	0.73320815689949	5.31684516226917
TTCATGT	10410	1.58271275365877	0.130221950305604	3514	0.614897261845299	4.07640744852567
TTCATTA	9261	1.18204389897664	0.15073138083621	3176	0.442027488846672	4.48086222304396
TTCATTC	10844	1.14602113412723	0.143145774800691	3733	0.807463759153656	5.26895997565962
TTCATTG	8724	1.15804184880238	0.127439626509181	3089	0.542275644312933	4.43145826251988
TTCATTT	19420	1.19444854801553	0.212883818083256	6608	1.15574127052536	5.2131431733165
TTGAAAA	14368	1.64781091066396	0.216596052369748	5384	0.534685403616278	4.16743756370904
TTGAAAC	6545	1.61261268984859	0.129647347521575	2112	0.664282603301426	5.27718926482302
TTGAAAG	8730	1.81332909618692	0.111246438890645	2952	0.456910921426841	3.58351836090363
TTGAAAT	11493	1.5845905438549	0.173033699508287	3962	0.412418171055329	4.2516788250492
TTGAACA	7457	1.56204278110131	0.0866194713957401	2454	0.492304225187487	3.70430255072176
TTGAACC	4578	1.49049006269115	0.0867356520865459	1509	0.600132374607538	4.30535930631482
TTGAACG	747	2.60072594554705	0.159494409532001	248	0.450216914083258	2.21701319288431
TTGAACT	11137	1.35293809483408	0.0895110431589004	3669	0.528833689346196	3.85943262384928
TTGAAGA	10465	1.39385403785411	0.0704526515064551	3576	0.559893922116498	4.25543682170959
TTGAAGC	5477	1.57252382680585	0.0828481743521638	1751	0.557543035884843	3.33935969191882
TTGAAGG	7356	1.4973880493009	0.0787739509049668	2397	0.617030601828551	3.71219477533398
TTGAAGT	7488	1.72068845509993	0.145603500568649	2529	0.331412656286804	2.88094344997845
TTGAATA	7462	1.39686965741272	0.130797250299614	2575	0.209486467751279	3.27034115904146
TTGAATC	5329	1.2234347940229	0.0930211973805812	1775	0.338824125351645	3.4756965267416
TTGAATG	7002	1.67302921959494	0.150520426235716	2242	0.241298127117493	2.38218250662638
TTGAATT	9573	1.33230015029013	0.167983010764986	3228	0.366965698910873	4.17465732122632
TTGACAA	7040	1.28328678659677	0.0800176590891793	2581	0.347274091228509	2.68682124558635
TTGACAC	5021	1.10584019127503	0.0575296875037465	1623	0.398892057043182	3.27199098440354
TTGACAG	6309	1.12683644330047	0.0495766080235827	2005	0.319994388066199	2.82225065467528
TTGACAT	6353	1.41785623462028	0.0765391951299129	2127	0.376092603861373	2.79295361816806
TTGACCA	5045	1.66029908897982	0.0961971080660367	1659	0.289672343489279	2.3888894298649
TTGACCC	3255	2.04433759321556	0.158067952761571	1089	0.47862141654869	2.85039553618786
TTGACCG	522	2.47169349401035	0.160724197378165	189	0.505390576300558	0.94242123836099
TTGACCT	5913	1.6990603730547	0.140536290229971	2000	0.464774372771155	2.65973871286814
TTGACGA	651	1.98657253393993	0.117650426923262	434	0.302025424479888	3.03143037062402
TTGACGC	418	1.50775842632821	0.165742389816682	135	0.400801399478234	4.02890642462402
TTGACGG	708	1.87241845420266	0.169077121314967	209	0.687521540443134	3.8050471576357
TTGACGT	779	2.18079866958436	0.246294779623403	290	0.237162053043662	2.51520793569504
TTGACTA	4196	1.51676675218377	0.124674876683966	1489	0.159207494213601	2.00067681842338
TTGACTC	5191	1.5899011112073	0.153388714752717	1690	0.368630846502349	2.26771542350197
TTGACTG	5706	1.85307131741814	0.174257580247009	1906	0.286485882523434	1.65756217498236
TTGACTT	7824	1.66276039167524	0.176946037761674	2584	0.316620339715682	2.02290070137097
TTGAGAA	11761	1.61532125545783	0.079279045965368	3970	0.414906445916562	2.98751756930051
TTGAGAC	8112	1.3263361124377	0.0570651557572649	2701	0.346776969460197	2.99751916218928
TTGAGAG	8055	1.48216006917606	0.0673566520700953	2587	0.280868964215442	1.89730442004284
TTGAGAT	7298	1.25896117909546	0.0614734357691696	2405	0.260267350617131	2.07721463307366
TTGAGCA	5808	1.30922474099014	0.050675882047342	1884	0.407662129476661	3.48686354017326
TTGAGCC	4464	2.05396009075999	0.0904265296299123	1482	0.713392890123681	4.22909456207412
TTGAGCG	697	2.22746165168913	0.122029154208058	214	0.558368274925953	1.53044647283214
TTGAGCT	6465	1.58176801071718	0.0799671912209761	2086	0.817152016499772	4.24390875422612
TTGAGGA	7432	1.34948100898138	0.0692955894848019	2485	0.310292486715019	2.36575095383357
TTGAGGC	6700	2.22266063378856	0.1703979964868	2188	0.306748770531672	1.69430609926666
TTGAGGG	6014	1.63289619300651	0.18116138277191	2068	0.222594272085354	2.54686328228853
TTGAGGT	6023	2.18001238546368	0.25315101040305	1964	0.255643360462657	1.56036431631341
TTGAGTA	5132	1.27712371088054	0.0833152250319006	1728	0.142598624633071	2.47302804459123
TTGAGTC	5103	1.69305767939531	0.141518158451043	1683	0.304765258858012	2.43477432968074
TTGAGTG	5720	1.84685063244119	0.200511672165056	1883	0.21271013887828	1.77104812272977
TTGAGTT	10807	1.73086777066651	0.165477998392585	3701	0.336411019705891	2.46432216266436
TTGATAA	6337	1.48505872740041	0.118763808563113	2099	0.305765991774975	3.50054972527527
TTGATAC	3904	1.2872310346612	0.0984557120616861	1319	0.442227394807793	3.29157946998882
TTGATAG	4281	1.03254402976787	0.060350022496704	1410	0.26032783531952	2.77192294113489
TTGATAT	6941	1.68597209671112	0.135950334830709	2418	0.401488109039846	2.39344833797725
TTGATCA	5407	1.15037712978855	0.0585469544597761	1803	0.324042530125742	2.97359532473533
TTGATCC	4990	1.46439865923896	0.0813661026084543	1708	0.64755300513077	3.62850405684745
TTGATCG	533	1.86038961160571	0.0952840534511152	164	0.405045908427088	1.57728753208149
TTGATCT	7481	1.20032645374295	0.0820770347353923	2498	0.716656151632717	4.21419478113651
TTGATGA	7461	1.37652121416987	0.0764841143929529	2533	0.376863103358689	3.50915486004708
TTGATGC	4400	2.05215811309279	0.1270453978673	1524	0.495331415730711	2.9794609938502
TTGATGG	6356	1.67646326983571	0.113045840801725	2118	0.539286999628777	4.40714281868518
TTGATGT	7523	1.86869538434807	0.170305084126178	2614	0.408043777786874	3.53119720775104
TTGATTA	5882	1.4598794193561	0.113153346249494	1962	0.326109263628544	3.70345030342156
TTGATTC	5774	1.56415406109319	0.127607389432736	1946	0.613978904977587	4.04149901721712
TTGATTG	6146	1.52807127521927	0.122945091361428	2082	0.413540846666053	3.56947211801916
TTGATTT	13143	1.57195481253034	0.165162862029016	4688	0.766149508981465	4.01750128331824
TTTAAAA	34291	1.53155145309992	0.665689102196949	11432	0.739174997023703	5.35956757715972
TTTAAAC	8642	1.63319367409073	0.474090075152237	2804	0.587019701788491	5.66699621486885
TTTAAAG	14497	1.91659381247386	0.33395021332651	4841	0.560457250459633	5.58543997170418
TTTAAAT	18445	1.30875986372296	0.477347309686766	6107	0.591101299412618	6.13826031695774
TTTAACA	8448	1.86109779247183	0.356005612032536	2879	0.453121809519327	4.79038622604598
TTTAACC	4907	1.57235269513659	0.441975675039359	1615	0.67772773244899	5.68560367894711
TTTAACG	798	1.25886382273545	0.473421663811068	271	0.459581449953234	6.71744109860176
TTTAACT	8367	1.20561792951411	0.440476549929186	2737	0.625218901508067	5.84209751072847
TTTAAGA	11029	2.30488333493072	0.308601800320901	3659	0.650661908325655	4.63510166909497
TTTAAGC	4817	1.92364408253245	0.336237335906799	1538	0.600124280123231	5.48469577973358
TTTAAGG	7684	1.90281091882833	0.311428656660033	2617	0.745227754595195	4.85925371106972
TTTAAGT	8909	1.2744153030133	0.390679252246769	3028	0.460797486217862	5.25167937726193
TTTAATA	12988	1.14309830090133	0.436054327264404	4579	0.171251634816255	4.73358799504226
TTTAATC	10608	1.45198501934479	0.430523719277623	3576	0.579511320984737	6.03401344138986
TTTAATG	10304	1.2598171969905	0.446490589550185	3396	0.163462156372818	4.63463615069635
TTTAATT	17680	0.995371617745043	0.512239444565492	6130	0.448187323277542	6.01687964249563
TTTACAA	9121	1.42631540358954	0.214597006091083	3077	0.383926319869356	3.06642586811616
TTTACAC	6029	1.39861122937641	0.177784525487589	1953	0.419997633686955	4.23816640986325
TTTACAG	8092	1.40087943653258	0.108579195541624	2740	0.341288543155146	3.64816986069686
TTTACAT	11712	1.49194630431894	0.2055483501912	3987	0.597626418376543	4.01501679891025
TTTACCA	6619	1.65264307169977	0.175012676726064	2261	0.381350545830156	3.3203708762047
TTTACCC	4233	1.29617394967593	0.236995480092284	1341	0.589005742973474	3.78054867653192
TTTACCG	605	1.13586619524105	0.221909753256127	193	0.562830345181324	2.53042012141699
TTTACCT	7599	1.27262263605679	0.230996165256103	2491	0.886792632282404	4.2149170770076
TTTACGA	693	1.67480778324016	0.196693983292052	233	0.605720170854676	2.74678950262957
TTTACGC	416	1.05828948204061	0.195539990126229	123	0.740359263954911	4.1721752431386
TTTACGG	631	1.89752070297184	0.241749923558864	202	0.820269905674566	3.20762842897961
TTTACGT	1081	1.22309295963757	0.208307037733114	367	0.607795188813527	3.160422679697
TTTACTA	6730	0.98691461329211	0.206822626032165	2289	0.241848571031457	3.312554775903
TTTACTC	5368	0.978395750961421	0.22528450183663	1811	0.602208867395845	4.04741544487201
TTTACTG	7854	0.863729326885527	0.206367781051177	2552	0.333630330754038	3.352034653065
TTTACTT	10903	0.95808088432806	0.260788784299366	3867	0.703571407107102	4.11364410206038
TTTAGAA	11288	1.72741474260025	0.168161292129633	4218	0.537446247873959	3.91208305222712
TTTAGAC	4460	1.38691312234116	0.111433067540003	1498	0.395508549165549	3.73574514504497
TTTAGAG	7630	1.46006335104492	0.0835899216350276	2595	0.308655181808464	3.19574245930173
TTTAGAT	7561	1.52116844645089	0.123451239815228	2549	0.498439806720385	4.07310389104196
TTTAGCA	6444	1.39145647718328	0.0784746687970955	2148	0.849343614557131	4.4497233099081
TTTAGCC	4019	1.40123404932722	0.115508824421611	1300	1.40968804430286	4.9481837551265
TTTAGCG	514	1.20145651267555	0.127107324157087	166	1.18823948392172	4.63524397920103
TTTAGCT	7920	1.54888030627428	0.114541126490423	2757	1.60654041556435	4.53017173806403
TTTAGGA	7991	1.54511426954792	0.100141048992833	3058	0.548637165634577	3.74814107576258
TTTAGGC	3271	1.28167555101269	0.127930369566683	1176	0.445841146247941	3.55902688671701
TTTAGGG	5497	1.40803481947912	0.137614225415083	1814	0.501518759469027	3.92248563984076
TTTAGGT	6380	1.29372051161159	0.175158273112946	2250	0.304693251267744	3.41155018942638
TTTAGTA	5991	1.1129065594321	0.148795605391895	1987	0.441836778923077	4.40944102301872
TTTAGTC	5026	1.02857216123525	0.135823165135596	1736	0.684151724531567	4.11974091291742
TTTAGTG	6707	1.0054936123958	0.141816778068772	2488	0.317276071851146	3.49081403946214
TTTAGTT	9494	0.959892989770204	0.17140171579982	3224	0.913477845181707	4.64720054852289
TTTATAA	13784	0.889854976518061	0.296336179489539	4688	0.211557049736945	4.15053450574284
TTTATAC	6369	0.80677249660929	0.259678983680182	2127	0.181436283122797	4.47328978325147
TTTATAG	7940	0.967428492508735	0.159354373176095	2720	0.156224247500355	3.78994476269126
TTTATAT	17187	0.933824074669487	0.274982870322391	5783	0.274495752550288	3.59273829202032
TTTATCA	10095	1.30910505853778	0.19384156889923	3265	0.328273346976664	3.94435616044287
TTTATCC	6310	0.882392605769428	0.247600453298084	2157	0.608539331186136	5.60946998325433
TTTATCG	871	0.848652439844872	0.265495570817097	284	0.410145328367198	4.56137950551222
TTTATCT	11040	0.846182963330572	0.225035033674784	3749	0.833881274418078	5.47803056553573
TTTATGA	9670	1.41429560275269	0.195701705053163	3318	0.466840921507208	4.5334227926491
TTTATGC	5369	1.02492174033662	0.183063046564482	1730	0.623581765456675	5.37090266695096
TTTATGG	6764	1.10580700521862	0.201634465965111	2350	0.799488478564664	5.58962242346113
TTTATGT	13286	1.18919301847725	0.220925060683129	4384	0.676783834040854	4.82916899070534
TTTATTA	15420	1.09668200548677	0.345855048313676	5380	0.28244975144263	4.74270614830166
TTTATTC	11409	0.793923879410877	0.334163659266936	3917	0.538041962904405	5.50083867360066
TTTATTG	11862	0.778046568981326	0.29944667384841	4001	0.404395293139803	5.17144797869928
TTTATTT	39456	1.04170956090789	0.416633984411706	13320	1.02763594727273	5.64555577621393
