AAAAAAA	109118	1.97295624840475	1.1894379858151
AAAAAAC	17018	2.33935267361926	0.795928621831087
AAAAAAG	20572	2.42731969090808	0.653117949034987
AAAAAAT	26151	1.73754939196929	0.851113270645547
AAAAACA	25748	2.72431832021138	0.546777443404813
AAAAACC	11678	2.36362398398965	0.537226920073745
AAAAACG	1723	1.98866231940727	0.502070525843789
AAAAACT	11322	1.81672236407228	0.498000028675701
AAAAAGA	24591	3.54509324681434	0.576906486720166
AAAAAGC	9229	2.8372067114357	0.465621167065938
AAAAAGG	11123	2.71136192592391	0.404287749085875
AAAAAGT	11676	1.95478022485479	0.499327716871722
AAAAATA	26211	1.65471072314838	0.64817832257101
AAAAATC	12804	1.75628396865875	0.575792774856061
AAAAATG	18186	1.73380660206219	0.556817998779168
AAAAATT	17868	1.5073527037912	0.692815651600367
AAAACAA	35451	2.02793015136444	0.339442230406938
AAAACAC	13348	2.06000250366942	0.212477749604572
AAAACAG	14060	1.69491222392939	0.146479883378359
AAAACAT	14682	1.94580781130367	0.220557508209319
AAAACCA	16424	1.90785353769598	0.203486175849671
AAAACCC	8664	1.96794088242922	0.245429970467657
AAAACCG	1200	1.74937093850552	0.223382906495006
AAAACCT	9731	1.87706776686268	0.225585686122903
AAAACGA	1802	2.08248900470591	0.206952593100856
AAAACGC	1030	1.90068849971973	0.213624338093952
AAAACGG	1309	2.47134315696767	0.283436385261762
AAAACGT	1902	1.74576991963166	0.216897862493105
AAAACTA	10191	1.39376976366345	0.266651803705731
AAAACTC	8266	1.63390206020189	0.258300280761823
AAAACTG	11466	1.27904887961204	0.202377222890856
AAAACTT	10531	1.3668540635524	0.285085523823567
AAAAGAA	29884	2.60110969342645	0.299320247769088
AAAAGAC	10192	2.15466854367819	0.179026658582603
AAAAGAG	12673	1.98830732162801	0.155430308281996
AAAAGAT	12355	2.05849736472479	0.170519569987815
AAAAGCA	15443	2.03877249865762	0.122099342412761
AAAAGCC	8731	2.24208186748521	0.16134047323273
AAAAGCG	994	2.16775616546983	0.167669668650769
AAAAGCT	9469	2.26232251417451	0.151264378463814
AAAAGGA	14538	2.12145420338442	0.145863712288635
AAAAGGC	7552	1.92202944403349	0.15234074533317
AAAAGGG	8661	1.76958664151419	0.148293389403897
AAAAGGT	7401	1.90433896063787	0.173310136731002
AAAAGTA	10532	1.62197964204979	0.183891726497507
AAAAGTC	8849	1.75528565125652	0.176948733652319
AAAAGTG	8508	1.58522639366573	0.181943041246741
AAAAGTT	9960	1.46725282926019	0.208026535176413
AAAATAA	30535	1.20648781280256	0.336410243711851
AAAATAC	12137	1.49696601376123	0.28893954592869
AAAATAG	11303	1.40940624021951	0.209096590107494
AAAATAT	22349	1.31247167412093	0.308689347233727
AAAATCA	15247	1.43418769692659	0.217601999525086
AAAATCC	8706	1.31864512960945	0.244379310510398
AAAATCG	1226	1.2916700313327	0.2388167112695
AAAATCT	12530	1.25912514954705	0.242209631405528
AAAATGA	17285	1.90824714705086	0.208163945972929
AAAATGC	10077	1.6020182554839	0.204098190426132
AAAATGG	12332	1.64915976936687	0.222744077608932
AAAATGT	17839	1.53169429968812	0.211421469044874
AAAATTA	17635	1.15797008133859	0.361058924081862
AAAATTC	11808	1.24210099568234	0.359564070860153
AAAATTG	10172	1.14513756678155	0.264992314889157
AAAATTT	15212	1.24239418458206	0.441090632031814
AAACAAA	948	3.17910733508855	0.967572235684156
AAAGAAA	1004	4.8314749479988	1.08895860369605
AAATAAA	341	2.08506163461212	0.85020804479862
AACAAAA	34835	2.02538620275791	0.489725054929637
AACAAAC	18551	2.16705023190701	0.291872909835859
AACAAAG	12855	1.80643555691314	0.171007929199236
AACAAAT	12621	1.91020255722356	0.282990532781357
AACAACA	17524	1.79552194823624	0.178918334453754
AACAACC	5948	1.55648800713992	0.137459827143617
AACAACG	1157	2.02475104036663	0.202904928402666
AACAACT	6886	1.7184543582248	0.184705086661733
AACAAGA	10633	1.84677558753942	0.134408838153137
AACAAGC	6382	1.62952533903663	0.113874852581363
AACAAGG	7652	1.66543851734598	0.103512195717327
AACAAGT	6654	1.58513205961646	0.15597083700951
AACAATA	9544	1.77581540674479	0.238523762662533
AACAATC	5091	1.54072164084281	0.153992843973137
AACAATG	8206	1.80442444888669	0.180291234196284
AACAATT	8085	1.83414877458197	0.277426316842974
AACACAA	11634	1.61152185921363	0.114569655815631
AACACAC	12232	1.1942628094821	0.063057078267956
AACACAG	13158	1.2113967416888	0.0593449491847017
AACACAT	11202	1.35575687774969	0.086021956111862
AACACCA	8441	1.47927932447103	0.0848051822913072
AACACCC	6232	1.76315238231142	0.139640843821102
AACACCG	969	1.67640421254584	0.115404611649273
AACACCT	5729	1.65869239832502	0.132005326423139
AACACGA	1267	1.42326092928223	0.0751827406148409
AACACGC	991	1.42194635897677	0.096670431786178
AACACGG	1406	1.86574948192395	0.12349313866066
AACACGT	1497	1.53380811128561	0.109889510163973
AACACTA	5752	1.20164491809381	0.0865427611866661
AACACTC	6427	1.40511265580656	0.104889946342724
AACACTG	9646	1.23448132201566	0.0903249966901731
AACACTT	7912	1.59007144806834	0.125904656722631
AACAGAA	16727	1.52846354220889	0.084062886114189
AACAGAC	7064	0.965812703214093	0.0452751524499829
AACAGAG	11368	0.993573523777408	0.0488030171128383
AACAGAT	8376	0.973146740951508	0.0499857952403652
AACAGCA	10526	1.10812241435175	0.0416981577756677
AACAGCC	6179	1.27637480003833	0.0569076574906741
AACAGCG	1091	1.03313401295149	0.0512966745981394
AACAGCT	7979	1.26322292048837	0.0566935119524759
AACAGGA	10019	1.07366747735871	0.0526731596188293
AACAGGC	5861	1.1682317948586	0.071801580071008
AACAGGG	6706	1.34807017306378	0.0749212000208539
AACAGGT	5868	1.47584889823086	0.0885689919831547
AACAGTA	6620	1.03705718908136	0.0530250200834443
AACAGTC	5420	1.30363870812597	0.0690186924958046
AACAGTG	8064	1.39979358173985	0.0772283697882604
AACAGTT	7201	1.33457833512453	0.0759378523502151
AACATAA	8815	1.52047986644557	0.158425160795841
AACATAC	5734	1.12817454997484	0.104525159803651
AACATAG	6399	1.05499076764336	0.0729473579736379
AACATAT	8319	1.51837783798024	0.165650736425024
AACATCA	8380	1.15808765675675	0.0744266808358009
AACATCC	5956	1.03525653126504	0.0764744507812737
AACATCG	966	1.23524164368875	0.0831028963785899
AACATCT	8549	1.13809677639852	0.0837151865731222
AACATGA	8135	1.13047900606377	0.0637802064504444
AACATGC	5201	1.36647782119175	0.0886015816568858
AACATGG	7763	1.43584559439575	0.0908527512834184
AACATGT	7464	1.43449983254137	0.0982335682422305
AACATTA	7578	1.19328681102334	0.119964433808865
AACATTC	7199	1.23738108553283	0.116765036062447
AACATTG	6400	1.13185223166182	0.098162845725222
AACATTT	15274	1.47917885820351	0.183177721228983
AAGAAAA	32191	2.50505534600893	0.332442300090102
AAGAAAC	12466	2.03484700555103	0.165700101618313
AAGAAAG	25773	2.59901418230749	0.197817753185396
AAGAAAT	18318	1.99898765039522	0.184572035868767
AAGAACA	14905	1.41299054117464	0.0719109040752766
AAGAACC	7170	1.50172412803655	0.0790326728200225
AAGAACG	1714	2.04877577565686	0.102328239183189
AAGAACT	10471	1.48424934439957	0.0895617246154939
AAGAAGA	21307	1.7133197920151	0.0808464755133441
AAGAAGC	9516	1.4463604094584	0.0708309232753884
AAGAAGG	13184	1.51876509549475	0.0635140077978426
AAGAAGT	9428	1.97916906172692	0.115264353198679
AAGAATA	10566	1.55244206074472	0.113745215490573
AAGAATC	6762	1.50585758004345	0.0873834741771982
AAGAATG	11341	1.57285021227568	0.0940259419704233
AAGAATT	11678	1.75281095141509	0.142775054996118
AAGACAA	12764	1.86834282604995	0.113120291895808
AAGACAC	8524	1.26397222259654	0.0534155844364861
AAGACAG	15614	1.17664001782889	0.0449371165854301
AAGACAT	9503	1.32189435678132	0.0612841181123042
AAGACCA	9534	1.18073660995801	0.0572696804808319
AAGACCC	6323	1.32893309958728	0.0742115322068508
AAGACCG	896	2.11268393313717	0.0993645432679994
AAGACCT	7221	1.46731693748623	0.0750571739072308
AAGACGA	1282	1.18638694444217	0.0573032278045434
AAGACGC	872	1.66791494377605	0.0967167274278779
AAGACGG	1228	1.74419875635823	0.102700146722148
AAGACGT	1214	1.61218732194644	0.107107396259749
AAGACTA	5782	1.19715197234628	0.0663801854207842
AAGACTC	6064	1.54338934556998	0.0768170917075154
AAGACTG	8484	1.48288873551969	0.0789822439413461
AAGACTT	8440	1.60437372100622	0.0922829551687189
AAGAGAA	18460	1.69646043614169	0.0892205696184494
AAGAGAC	9084	1.03679674366276	0.0422464037758779
AAGAGAG	16235	1.37973104723887	0.0652284030611591
AAGAGAT	9992	0.99680597182263	0.0447685944411266
AAGAGCA	14247	0.710429520551542	0.0285096487091746
AAGAGCC	6608	1.30892119541826	0.050692308886672
AAGAGCG	1146	1.68181053535987	0.0708530703383398
AAGAGCT	9266	1.02437908076953	0.0452054785237297
AAGAGGA	14346	1.1804631249917	0.0486117935667288
AAGAGGC	6944	1.79352431752229	0.0980624077719873
AAGAGGG	10464	1.59194812926291	0.0875153138753346
AAGAGGT	6398	2.15594883952265	0.150399545958361
AAGAGTA	6131	1.16335470412695	0.0489430330127675
AAGAGTC	6148	1.42701382379628	0.0650804157316885
AAGAGTG	7194	1.21174863203665	0.0735925793376897
AAGAGTT	8563	1.34415564918419	0.0682800626872328
AAGATAA	9303	1.48150388370607	0.0964082412326212
AAGATAC	5880	1.44084429357256	0.0733117567911677
AAGATAG	7047	1.1557817255117	0.0574411147162641
AAGATAT	8506	1.86251596681882	0.116256286683463
AAGATCA	8728	1.07562945596431	0.0439484724649671
AAGATCC	5844	1.21979370057984	0.0573418732049463
AAGATCG	1005	1.26550537588129	0.0508283480261121
AAGATCT	8283	1.20774425475096	0.0598344081563823
AAGATGA	10155	1.048021863314	0.0464773134058064
AAGATGC	6866	1.29060069155008	0.061812832882106
AAGATGG	11171	1.32836986708382	0.0665123138448523
AAGATGT	9072	1.51216013270789	0.0860469614828399
AAGATTA	6474	1.50724326461645	0.0858028600995948
AAGATTC	6387	1.33062760732419	0.0664564025536931
AAGATTG	5235	1.28704098072275	0.0651236746064272
AAGATTT	11650	1.90801049021952	0.121229826641667
AATAAAA	29641	1.60031634114971	0.826744837279303
AATAAAC	10426	1.93603911085663	0.558327902244697
AATAAAG	12788	2.04801461421066	0.416010371690961
AATAAAT	25509	1.55305396063868	0.692829500095977
AATAACA	10160	2.11513553896356	0.427252365372715
AATAACC	4857	2.02230571219879	0.510567497618428
AATAACG	852	1.90895645180394	0.576782880358429
AATAACT	7554	1.56755158970015	0.539336062702426
AATAAGA	9433	2.24906382108547	0.338202121404852
AATAAGC	4983	2.1097746243478	0.362900227514332
AATAAGG	6141	2.12169477522884	0.392764268214667
AATAAGT	6569	1.53842165501198	0.460591871997385
AATAATA	15658	1.26230456883578	0.549952744863825
AATAATC	6204	1.60361995519805	0.451907693517919
AATAATG	8035	1.56137016026761	0.51069088064428
AATAATT	11890	1.31959259323853	0.635213351830176
AATACAA	9798	1.60139874477155	0.323979458822429
AATACAC	6148	1.58624094365102	0.202159285236001
AATACAG	8503	1.40522880815901	0.129752923138728
AATACAT	9360	1.51521185514131	0.244352766310589
AATACCA	6361	1.61550036699906	0.18841379223907
AATACCC	4015	1.32465391557377	0.234561102217744
AATACCG	832	1.36232216022954	0.235368120841686
AATACCT	6275	1.19969143900083	0.260187197079444
AATACGA	748	1.42130181395359	0.191874733952575
AATACGC	474	1.02515160414459	0.187078242161559
AATACGG	646	1.04209389917329	0.165075545457664
AATACGT	1042	1.1548603137681	0.212969658029431
AATACTA	5344	1.21753749038047	0.304893773406043
AATACTC	4462	1.29016302704976	0.323112930835198
AATACTG	5929	1.052248079257	0.26788611292183
AATACTT	7752	1.19047271622344	0.381267183437008
AATAGAA	12114	1.77431814954683	0.23731518953263
AATAGAC	4352	1.34930160899025	0.137915509197144
AATAGAG	6025	1.23822152634312	0.087353080526545
AATAGAT	6955	1.37357784700354	0.1420750039282
AATAGCA	6296	1.21833155241106	0.079565631977702
AATAGCC	4574	1.04389231310194	0.0931538813839294
AATAGCG	527	1.34426757252558	0.146224237680754
AATAGCT	6725	1.04869071667227	0.0830610899879941
AATAGGA	6216	1.37508024321825	0.0943190901020299
AATAGGC	2893	1.08736173429745	0.104265447637256
AATAGGG	3413	1.0232204719352	0.0992261362452002
AATAGGT	4059	1.07010680338344	0.124332862548965
AATAGTA	5220	1.15703834733966	0.178523105837738
AATAGTC	4238	1.06001357642167	0.145327067082976
AATAGTG	5871	1.01346640635018	0.150323746499283
AATAGTT	6772	1.15474510314924	0.217220125006072
AATATAA	12028	1.17883818155323	0.409589855919953
AATATAC	6344	1.32779262517934	0.32946682949892
AATATAG	6287	1.1848503271567	0.20542127810301
AATATAT	13974	1.13741868929812	0.344346084747874
AATATCA	8375	1.37043814858268	0.259760887053631
AATATCC	6360	1.19252490766845	0.270000258334137
AATATCG	963	1.03438728476817	0.33977909111668
AATATCT	9872	1.17076500598758	0.336935315172316
AATATGA	8432	1.39833068625682	0.19060028590158
AATATGC	4902	1.10073348677617	0.198076759627087
AATATGG	5740	1.22931131947295	0.20046258341124
AATATGT	9026	1.2135933144009	0.216845593196027
AATATTA	10407	1.16845965781456	0.451160198663275
AATATTC	7876	1.20883304403191	0.449348906400273
AATATTG	6956	1.05388179883917	0.406520808333154
AATATTT	18678	1.33616010568569	0.598120487272154
ACAAAAA	22624	2.03914577337812	0.483976176182363
ACAAAAC	18332	2.21604743847291	0.336319673342747
ACAAAAG	12249	1.89458306128781	0.187883942786873
ACAAAAT	15160	1.99494698534842	0.332804403259073
ACAAACA	23087	1.94816204960982	0.203554484321602
ACAAACC	6792	1.92972184011084	0.182656258480262
ACAAACG	1345	2.01624410973641	0.217816353319656
ACAAACT	8399	1.755412984834	0.19683366218442
ACAAAGA	14474	2.01334909729921	0.163901169367119
ACAAAGC	8462	2.36034715345677	0.165749309503587
ACAAAGG	9660	1.7685615023435	0.118014768881599
ACAAAGT	10233	2.0827239858241	0.207881587999759
ACAAATA	12248	2.05112305797029	0.312719339392121
ACAAATC	5884	1.85013495065427	0.226606603810161
ACAAATG	11490	1.9292576393061	0.242214310315671
ACAAATT	8961	2.04128109495922	0.330564647887655
ACAACAA	14878	1.60366373935609	0.136470914395848
ACAACAC	6815	1.00028707992857	0.0551789923741412
ACAACAG	8404	1.02515190547923	0.0484390512391684
ACAACAT	7595	1.17503164085658	0.0663483080025496
ACAACCA	9492	1.25251432327765	0.0677387416471464
ACAACCC	5004	1.37129372000304	0.0796581434912124
ACAACCG	885	1.08218300965765	0.0725342452941686
ACAACCT	5512	1.32617907342379	0.0772008540231404
ACAACGA	903	1.60728816796444	0.083343901689582
ACAACGC	703	1.4990438248095	0.0879482194232022
ACAACGG	825	1.81387735959338	0.099921695954181
ACAACGT	1148	1.77759632158879	0.0991443592108373
ACAACTA	4775	1.25163360695921	0.102547898112067
ACAACTC	5013	1.33752889011619	0.0937242345396212
ACAACTG	6943	1.31931342279255	0.0925333762642719
ACAACTT	6637	1.57789647840263	0.124097554277615
ACAAGAA	11085	1.44323968501656	0.082495317794238
ACAAGAC	5660	1.00999880337962	0.042420420402043
ACAAGAG	8733	0.79546013285038	0.0397995142465612
ACAAGAT	7219	0.988443161434489	0.0433733155420609
ACAAGCA	8678	0.96175450759097	0.0407585929177256
ACAAGCC	5831	1.37115076529687	0.0536648185413468
ACAAGCG	807	1.27788869302437	0.0584763190701199
ACAAGCT	6879	1.18769623832611	0.0495265255487584
ACAAGGA	8754	0.923701126166316	0.0413996225502238
ACAAGGC	6789	1.1901480673452	0.0562509050716065
ACAAGGG	5887	1.06093852418733	0.0506346437082054
ACAAGGT	5980	1.32041410127633	0.0685743168283213
ACAAGTA	5466	1.12152885669982	0.0646486832724797
ACAAGTC	4887	1.24951953670361	0.0642982821986571
ACAAGTG	6363	1.26783023178564	0.0761328072242332
ACAAGTT	6379	1.25179837981841	0.0795209045526078
ACAATAA	9213	1.34995312483516	0.138582365886439
ACAATAC	4209	1.18062040649724	0.095339615772126
ACAATAG	4948	1.27922878493749	0.0689653549144263
ACAATAT	7916	1.35186930462058	0.111761603351799
ACAATCA	6257	1.14361292418535	0.0717559071753357
ACAATCC	4049	1.02402724949307	0.0698224261220321
ACAATCG	601	1.48722789381987	0.0947395487732214
ACAATCT	5448	1.27905141740543	0.085232009917477
ACAATGA	8586	1.60704194863875	0.0870549843979746
ACAATGC	4705	1.31641850146512	0.0765148876037489
ACAATGG	7323	1.32518774908188	0.0696908017249931
ACAATGT	7487	1.34011797606661	0.0845136184996535
ACAATTA	6429	1.71230780579337	0.183771124120259
ACAATTC	5044	1.63263547653613	0.161452250764909
ACAATTG	4602	1.35821602260199	0.123062007551291
ACAATTT	9120	1.68978309892755	0.218774754837338
ACCAAAA	11157	1.66773798470611	0.216219002173575
ACCAAAC	7867	1.56191293418928	0.108491363740844
ACCAAAG	8911	1.48791491505532	0.0833697314971928
ACCAAAT	6893	1.59194176310593	0.135025503280278
ACCAACA	7525	1.04877420305671	0.0536309460994835
ACCAACC	5892	1.16414102162008	0.0630025331496689
ACCAACG	792	1.82421758809174	0.0905380064558049
ACCAACT	5522	1.14468909030861	0.0672319768726881
ACCAAGA	8329	1.11306590539148	0.0505577376184326
ACCAAGC	5458	1.52667766010327	0.0655280921351054
ACCAAGG	7757	1.32949267792024	0.0521947794420363
ACCAAGT	6223	1.39045061689776	0.0824687584907612
ACCAATA	4690	1.22848150395664	0.0825888959389163
ACCAATC	3766	1.21373912736889	0.0627614273304537
ACCAATG	5694	1.23448347164858	0.0712363584534532
ACCAATT	4656	1.58727677413677	0.122417529411231
ACCACAA	7047	1.06963462402839	0.0514411795026335
ACCACAC	8560	0.910590895982442	0.0380148326016414
ACCACAG	10088	0.956475528690864	0.0356273436267116
ACCACAT	9646	1.12053656129232	0.0462229104020267
ACCACCA	12106	1.29247343298603	0.0632533169041283
ACCACCC	5356	1.59663514628873	0.102399759799049
ACCACCG	1288	1.95197306476914	0.120874401499671
ACCACCT	5867	1.35524767783813	0.0947944661578228
ACCACGA	1180	1.31953207943079	0.0614631569640851
ACCACGC	1839	1.93226227056904	0.118488458804211
ACCACGG	1370	1.68112498308167	0.0988631345138636
ACCACGT	1581	1.81521161814919	0.103056882193456
ACCACTA	3987	1.13257306913922	0.0648177254673435
ACCACTC	5123	1.24746689350356	0.0750819299137404
ACCACTG	9446	1.46284804013494	0.0918059896374225
ACCACTT	5448	1.35233608069199	0.0901458097350294
ACCAGAA	9754	0.967516248392736	0.0371867295949453
ACCAGAC	5249	0.83754747966469	0.0274548956552709
ACCAGAG	9630	0.786902965823862	0.0328668756199314
ACCAGAT	5471	0.825571253348541	0.0305845919150946
ACCAGCA	7969	0.868503667637259	0.0284233407203454
ACCAGCC	6853	1.26186468988687	0.0464998432516554
ACCAGCG	912	1.50007786506878	0.0606379040825971
ACCAGCT	6683	1.07411610409864	0.0428886993700544
ACCAGGA	8298	1.12989611334991	0.0437657402880419
ACCAGGC	9602	1.22286855283069	0.0586953506673892
ACCAGGG	6440	1.34090415672286	0.0715763062642951
ACCAGGT	5484	1.47955844911108	0.0933585598485198
ACCAGTA	5297	0.780619639119324	0.040213838037321
ACCAGTC	4330	1.17297671192345	0.0526521295999228
ACCAGTG	5890	1.48237369605937	0.0785023859837519
ACCAGTT	5154	1.32542922466687	0.0659739189747683
ACCATAA	4991	1.3313167440927	0.0848659295920303
ACCATAC	3766	1.05734704736384	0.0592648784387865
ACCATAG	4809	0.881997636335983	0.0381390990540611
ACCATAT	5215	1.56232264085318	0.0966961508563754
ACCATCA	7537	0.873875187304157	0.039574312188159
ACCATCC	6164	1.12724710669855	0.0609479462235488
ACCATCG	876	1.36378439271015	0.0576084452789811
ACCATCT	8806	0.989088966956185	0.0546462571535232
ACCATGA	7839	1.05193619736453	0.0448791699849969
ACCATGC	6880	1.18713546536	0.0607274684583794
ACCATGG	6727	1.29836919599145	0.0668230843785834
ACCATGT	9407	1.35578258152436	0.0683536819374157
ACCATTA	4281	1.32735386244852	0.0799405304076786
ACCATTC	4714	1.40245030063302	0.083638554147062
ACCATTG	5202	1.27271549090964	0.0693834830747299
ACCATTT	8157	1.66222069333498	0.119704861890822
ACGAAAA	1232	1.82893292834951	0.260677950008193
ACGAAAC	839	1.65924513634598	0.146281226755789
ACGAAAG	1249	1.41734914789114	0.0942957934388024
ACGAAAT	1003	1.95417000971792	0.183379300392205
ACGAACA	1045	1.38294984285544	0.0769860797716048
ACGAACC	549	1.33951741484384	0.0796237299136588
ACGAACT	743	1.75838799547961	0.114044243617178
ACGAAGA	1379	1.89800171978453	0.087252456407222
ACGAAGC	995	1.63776191847051	0.0799548890069756
ACGAAGG	1066	1.23509779182764	0.068195876591025
ACGAAGT	840	2.16944144705688	0.155823226259415
ACGAATA	781	1.34010983365993	0.147102642487005
ACGAATC	750	1.45954381663922	0.103163071941459
ACGAATG	1009	1.43194708205629	0.113382219906794
ACGAATT	863	1.90287925463181	0.196403961647631
ACGACAA	931	1.32128003654682	0.100718106599295
ACGACAC	755	1.01198081094785	0.0527953341610683
ACGACAG	1006	1.17364632224888	0.0400730613134896
ACGACAT	759	1.41702605984996	0.0622970249795017
ACGACCA	790	1.16872934175952	0.0659365557038841
ACGACCC	549	1.66897159398246	0.0948859049153044
ACGACCT	671	1.67631842836462	0.108933234592028
ACGACGA	274	1.60578844051582	0.0827743372392627
ACGACTA	465	1.09019047148422	0.0947537284909586
ACGACTC	721	1.27635288089301	0.108210252002328
ACGACTG	807	2.10338514372281	0.150074673227993
ACGACTT	747	1.83710837152133	0.147990741648385
ACGAGAA	1242	1.4158591218176	0.0725744306165276
ACGAGAC	774	0.849993778309492	0.0382519838528086
ACGAGAG	1185	1.38520231313779	0.0671025553437208
ACGAGAT	1043	0.936573468368979	0.0393767673219467
ACGAGCA	947	1.22608790548726	0.0438988628509186
ACGAGCC	759	1.08553710280727	0.0505957552105363
ACGAGCT	1067	0.790192399057604	0.0429034350793883
ACGAGGA	1612	1.11232142637088	0.0588117905270638
ACGAGGC	1151	1.70756892232422	0.122949435329048
ACGAGGG	1073	1.41955733946106	0.1178971855913
ACGAGGT	903	2.11339564627365	0.183774182538865
ACGAGTA	576	1.38998542961391	0.0850154088407824
ACGAGTC	727	1.5101645430825	0.099575137971399
ACGAGTG	915	2.12273733609464	0.176305066041548
ACGAGTT	784	1.30797030210987	0.106258846678322
ACGATAA	701	1.04348293888523	0.0769411215493825
ACGATAC	470	1.32140556899341	0.0612496015543512
ACGATAG	574	1.03290682722979	0.0442422505082759
ACGATAT	676	1.1570353034056	0.0751761789890109
ACGATCA	708	0.87776938069234	0.0426521705560053
ACGATCC	544	1.5711677243596	0.059099286270434
ACGATCT	865	1.26385908577906	0.0674871833021903
ACGATGA	1220	1.04143036282305	0.0524323506400466
ACGATGC	911	2.15195044350973	0.106682073669868
ACGATGG	974	1.50681757672137	0.0774455501366479
ACGATGT	913	1.57602004429487	0.112600985137503
ACGATTA	599	1.39444140101293	0.0933715567552851
ACGATTC	611	1.35533164144493	0.0833308767304425
ACGATTG	592	1.40903964392232	0.083582799054606
ACGATTT	887	1.36806195757562	0.128282373392378
ACTAAAA	9108	1.642836628252	0.471910605813979
ACTAAAC	5214	1.90593192007241	0.3702263154108
ACTAAAG	6223	1.74281585694194	0.239833847569215
ACTAAAT	6685	1.61554495108823	0.361553207342089
ACTAACA	5668	1.69775157542302	0.227018854290528
ACTAACC	4008	1.83931407322471	0.326179643866103
ACTAACG	590	1.70501275763708	0.410417921851032
ACTAACT	4606	1.75069356532034	0.379847570621966
ACTAAGA	6621	1.80318405976331	0.191099810188265
ACTAAGC	4029	2.01360102795771	0.253994960724656
ACTAAGG	5073	2.08127916565174	0.276907451658923
ACTAAGT	4456	1.58738759179095	0.334522624020998
ACTAATA	5259	1.50290490317215	0.3701805847233
ACTAATC	2645	1.78551177473429	0.324641054250035
ACTAATG	4167	1.70046308890424	0.393166997750484
ACTAATT	5570	1.64586414575378	0.433334572383847
ACTACAA	4950	1.2487471464734	0.157849141161106
ACTACAC	4124	1.25876288034163	0.104333815125294
ACTACAG	6231	1.06357211363405	0.0639977409909909
ACTACAT	5345	1.31227351603983	0.12299917302117
ACTACCA	4470	1.36978768648776	0.100131431904872
ACTACCC	2761	1.3462266650432	0.143313349889503
ACTACCG	710	1.18589456705601	0.178071227572877
ACTACCT	3944	1.18895016636507	0.133756377885357
ACTACGA	493	1.23269535639257	0.0979865995632223
ACTACGC	387	1.44577753642306	0.138885111559609
ACTACGG	528	1.48261980846376	0.131942914264117
ACTACGT	669	1.3029048460183	0.148270453697684
ACTACTA	3621	1.01721000199878	0.183298576695904
ACTACTC	3623	1.1646652960547	0.161100902234886
ACTACTG	4566	0.978206194540995	0.167176007763541
ACTACTT	4328	1.13402503479828	0.243314413620015
ACTAGAA	6493	1.18169405234342	0.0945326065855229
ACTAGAC	3353	0.946483519558337	0.062853064279294
ACTAGAG	5225	0.843419240936256	0.0417820154944535
ACTAGAT	3878	1.09842120351154	0.0638503104066905
ACTAGCA	4404	0.954404908107268	0.0393234460064994
ACTAGCC	3040	1.26854189243716	0.0748640146816343
ACTAGCG	345	0.97117148169251	0.068864715599692
ACTAGCT	3836	1.15988687479145	0.0610371239707198
ACTAGGA	4605	1.15741947836666	0.0580158821701683
ACTAGGC	4189	0.904773359557868	0.0629426347871292
ACTAGGG	3257	1.12148179803448	0.0789202065841115
ACTAGGT	3204	1.25767285633098	0.106182926238719
ACTAGTA	2662	1.02025886703587	0.0964640829487811
ACTAGTC	2356	1.05920957046794	0.0919664294270987
ACTAGTG	2848	0.832478028415676	0.0958436973068205
ACTAGTT	3393	1.18707837111764	0.141131299317592
ACTATAA	5778	1.16652117031998	0.216977992162493
ACTATAC	3602	1.13294915489288	0.209433584681077
ACTATAG	3900	1.01047106671762	0.101171865877087
ACTATAT	5999	1.1335627615955	0.197081206975366
ACTATCA	4483	1.10805243086148	0.11365350003314
ACTATCC	2762	1.15250649409367	0.174978283733285
ACTATCG	418	1.19982385593989	0.178513551615915
ACTATCT	4661	1.11045518352958	0.170325313872811
ACTATGA	5258	1.24669432086755	0.102182276469537
ACTATGC	4010	1.09514786810028	0.113010650728678
ACTATGG	4083	1.22767761088705	0.126641555372286
ACTATGT	7412	1.22860312034721	0.121539927361597
ACTATTA	5643	1.19779782330422	0.24446318499825
ACTATTC	4226	1.22752078050867	0.283496637163951
ACTATTG	4423	1.15675107771243	0.236515804484045
ACTATTT	7785	1.37029017215579	0.341772547851886
AGAAAAA	26056	2.75005977584057	0.498510633041813
AGAAAAC	14691	2.36770121869631	0.262163740043907
AGAAAAG	18805	2.24550725804278	0.203509171085965
AGAAAAT	21906	2.49800990854139	0.351560341351632
AGAAACA	17114	1.95149807969673	0.149563036612021
AGAAACC	12595	1.81364527329387	0.142041623240785
AGAAACG	2093	1.84353145283455	0.188239351366016
AGAAACT	12748	1.94513330459116	0.181838688056016
AGAAAGA	29367	2.79463036759817	0.223771047185
AGAAAGC	12213	2.03180697612661	0.131869963035058
AGAAAGG	15487	2.05545977863852	0.108960700082427
AGAAAGT	12515	2.12148580255691	0.19576543233878
AGAAATA	14706	2.20064284393798	0.275956230156424
AGAAATC	11710	2.06298272557227	0.19983908989549
AGAAATG	15736	2.05298608583829	0.216633619268946
AGAAATT	13253	2.2399841866898	0.317258028092791
AGAACAA	12209	1.74352497146419	0.109903324318438
AGAACAC	10053	1.21226760195327	0.0538168850924621
AGAACAG	12436	1.0108217974344	0.0403345716393674
AGAACAT	10180	1.34176656752045	0.0597792573266323
AGAACCA	9103	1.39001296405651	0.0626337841444393
AGAACCC	6820	1.4730593987593	0.0703244209405843
AGAACCG	1097	1.84946264641255	0.080853718227484
AGAACCT	7752	1.50147110187772	0.0695429777460186
AGAACGA	1544	1.73230611625312	0.0787105724139078
AGAACGC	1096	1.48032804251077	0.0851459718438446
AGAACGG	1354	1.65444210973043	0.0892856591158371
AGAACGT	1341	2.24950204413078	0.111421339606703
AGAACTA	6650	1.24322218798332	0.0802767735358982
AGAACTC	9829	1.14861317343637	0.0672361346811639
AGAACTG	10105	1.37088220607652	0.0740219586654299
AGAACTT	9458	1.57796460374289	0.0935759736741423
AGAAGAA	23206	1.67913026292271	0.0861158042479823
AGAAGAC	9937	0.988836018098229	0.0355263023132869
AGAAGAG	18665	0.95807738592047	0.0374756469190024
AGAAGAT	11837	0.845725139509531	0.032747114808126
AGAAGCA	13885	1.18065839567388	0.0392645894049926
AGAAGCC	9534	1.23808204813377	0.0439168060520558
AGAAGCG	1231	1.32205166283166	0.0562087572306591
AGAAGCT	11510	1.15343311243486	0.0402476739405958
AGAAGGA	16842	1.26136532924397	0.04395217290898
AGAAGGC	8216	1.09126253192511	0.0437624660154779
AGAAGGG	10345	1.12893098463158	0.0454826297208976
AGAAGGT	8877	1.03515505310439	0.0476954408227017
AGAAGTA	7383	1.59530171588497	0.0684483734384829
AGAAGTC	7487	1.13382086558377	0.0507799890203195
AGAAGTG	9984	1.40041251472336	0.070226514302625
AGAAGTT	9155	1.4079347681507	0.0689336104350608
AGAATAA	10669	1.61919259277217	0.134693594775051
AGAATAC	6165	1.16810545398278	0.0707929021574493
AGAATAG	6659	1.04309739592669	0.0542895292319312
AGAATAT	9687	1.57701600335664	0.107348094910063
AGAATCA	8440	1.38533484478283	0.0655920153231021
AGAATCC	6242	1.21129262572438	0.0612018133952317
AGAATCG	1043	1.73786889934802	0.0827683251025955
AGAATCT	8699	1.48393195209776	0.0749187654339888
AGAATGA	11030	1.60691465200946	0.079839589245484
AGAATGC	6702	1.3785015901559	0.0666891432480657
AGAATGG	9466	1.55171415924686	0.0710178278508533
AGAATGT	9314	1.36097102691825	0.0719028812247807
AGAATTA	8750	1.79340826451577	0.154346996172355
AGAATTC	9099	1.7122781254614	0.130809853675032
AGAATTG	8094	1.42148494548844	0.0950775538974546
AGAATTT	11904	1.96708159606366	0.20496900011124
AGCAAAA	12020	2.02835520349819	0.174825253241233
AGCAAAC	8459	1.37358305754563	0.0845682423746323
AGCAAAG	10662	1.44234437206359	0.067885516026415
AGCAAAT	8874	1.6689030155861	0.115929782753609
AGCAACA	9588	1.10482759749834	0.0464822260062828
AGCAACC	6146	1.26548399265835	0.0500228827009129
AGCAACG	1079	0.834659347667491	0.051096488238702
AGCAACT	6177	1.36015013076243	0.060115406009186
AGCAAGA	10816	1.10983874314657	0.0444852487659357
AGCAAGC	9843	1.28398979169992	0.048506837444139
AGCAAGG	8077	1.09739204297154	0.0400509410085335
AGCAAGT	7734	1.29568203774524	0.0655755775018534
AGCAATA	7059	1.19547776538611	0.067837229522159
AGCAATC	5446	0.974331621640172	0.0476983637988068
AGCAATG	8057	1.20307487957892	0.0581994827044411
AGCAATT	6819	1.32100592875776	0.0864914794442978
AGCACAA	7288	1.24864886957354	0.0522092479951768
AGCACAC	9194	0.940247089993937	0.0327518340582859
AGCACAG	14347	0.857647857073842	0.0269687950506187
AGCACAT	7932	1.17564416552458	0.0408899913294249
AGCACCA	7775	1.37922358731418	0.0579196749754249
AGCACCC	6441	1.6105433069014	0.0818755406458914
AGCACCG	1447	1.33055219951648	0.0723268624908654
AGCACCT	7050	1.31960118393272	0.0736693329777537
AGCACGA	969	1.10198183456518	0.0436329683381326
AGCACGC	1133	1.65318273975294	0.0736770820513433
AGCACGG	1599	1.47994045560478	0.0780530605879723
AGCACGT	1510	1.93205002667258	0.0837836068744389
AGCACTA	4383	1.02312900031363	0.0494833610258909
AGCACTC	7830	1.23496953308909	0.0563883538102564
AGCACTG	10849	1.2986120472372	0.067022106798023
AGCACTT	9847	1.26573493217496	0.0621215946888276
AGCAGAA	12442	1.04929325543649	0.0343739153633551
AGCAGAC	6945	0.742953828623818	0.0221044224546227
AGCAGAG	14530	0.691527028090404	0.0247748142091148
AGCAGAT	7769	0.725272739638611	0.0230471186566907
AGCAGCA	12614	0.75008850343051	0.0225721786382053
AGCAGCC	9507	1.12281211875702	0.0368062596577581
AGCAGCG	1861	1.42978043966304	0.0461731172163192
AGCAGCT	10318	1.03081923396606	0.0330961093036192
AGCAGGA	11937	0.879075633697086	0.0301027714659492
AGCAGGC	8534	1.19021155109064	0.050731039821474
AGCAGGG	9555	1.1016818890564	0.0491036748830087
AGCAGGT	7658	1.20835819319652	0.0602132860146115
AGCAGTA	6117	0.959982625634304	0.0359127971859603
AGCAGTC	6809	0.989943683414346	0.0414900994250733
AGCAGTG	9195	1.26883407798296	0.0567359303300629
AGCAGTT	7755	1.24433045045018	0.0495075787224467
AGCATAA	5382	1.20690546603039	0.0601259462972692
AGCATAC	3991	0.978346303195117	0.0406560283508744
AGCATAG	5485	0.864644613588825	0.0298223606025992
AGCATAT	6075	1.40386465048867	0.0685696918799546
AGCATCA	8086	0.959063096008683	0.0316069148884248
AGCATCC	8637	0.979530826211821	0.0371477948792845
AGCATCG	1200	1.08643575547957	0.0390361428270071
AGCATCT	9764	1.10158931752222	0.0438730093695446
AGCATGA	6693	1.04810630665808	0.0368230943150684
AGCATGC	6530	1.01503131824801	0.0425178835226873
AGCATGG	8414	1.34768101953746	0.0507048484359172
AGCATGT	7900	1.49626508090799	0.0573494559096026
AGCATTA	5137	1.4171924186649	0.0617353889862403
AGCATTC	6466	1.2580438285584	0.0569181387982074
AGCATTG	6290	1.04043081703809	0.0484369105820026
AGCATTT	11733	1.47154183309595	0.0746203329246688
AGGAAAA	19036	1.96187830829589	0.152006197749761
AGGAAAC	10158	1.47218225533417	0.077854782190518
AGGAAAG	16550	1.4010867997398	0.0682840581526881
AGGAAAT	13366	1.52988287511155	0.0939190939809295
AGGAACA	11190	1.0475010473748	0.0383470038200806
AGGAACC	6701	1.15231270879949	0.0420386970344662
AGGAACG	1425	1.38892391446406	0.0577189897786531
AGGAACT	9601	0.998792627868614	0.0419455171560989
AGGAAGA	19748	1.24651234859081	0.0449881622630491
AGGAAGC	11530	1.34886758552983	0.0494492663410536
AGGAAGG	20609	1.41086717925739	0.047705968819509
AGGAAGT	11170	1.43252714621329	0.069921566767023
AGGAATA	8169	1.22280609417729	0.0587819839413189
AGGAATC	5643	1.29067405916538	0.0500875545528845
AGGAATG	10169	1.296250793551	0.0625832834258578
AGGAATT	9385	1.2506071098261	0.0729587472741266
AGGACAA	8812	1.40646514073849	0.0701995564408136
AGGACAC	8241	0.810115777979048	0.0346293296576403
AGGACAG	15054	0.926458330505931	0.0335416235440037
AGGACAT	8018	0.995943019959338	0.0410648672763079
AGGACCA	7558	0.975933534936892	0.0453893603637666
AGGACCC	6609	1.31533535499342	0.0711326295476071
AGGACCG	1078	2.20830000493991	0.106976499857489
AGGACCT	8168	1.41483385697833	0.0727744295848747
AGGACGA	1126	1.05988110630761	0.0608609565120867
AGGACGC	927	1.74467687358672	0.115918731551586
AGGACGG	1285	1.37507850711261	0.114125857331058
AGGACGT	1134	1.34649847896476	0.119272091687444
AGGACTA	4610	1.13640257267019	0.0661195611292052
AGGACTC	6202	1.55606336177568	0.0859378486675122
AGGACTG	8644	1.84771690956148	0.108812908607218
AGGACTT	7684	1.61528706505086	0.0904706158729496
AGGAGAA	15426	1.15004533175666	0.0461562480043967
AGGAGAC	8615	0.794233440242425	0.027907514775268
AGGAGAG	16334	0.860787025142931	0.0400782885471617
AGGAGAT	8635	0.783281455111481	0.0284205492202303
AGGAGCA	9349	0.759416548352785	0.0246951493119565
AGGAGCC	7836	0.91822179391236	0.034661691600606
AGGAGCG	1293	1.24013205448754	0.0546596198943069
AGGAGCT	11586	0.803539841854458	0.0318652073476444
AGGAGGA	19815	0.999785463836818	0.039260089958609
AGGAGGC	9326	1.49908745664361	0.0817128241317744
AGGAGGG	11497	1.29746945257274	0.0831695551232452
AGGAGGT	7701	1.82500031147819	0.128439953858539
AGGAGTA	4876	0.900441831719129	0.0423224152122398
AGGAGTC	5988	1.07843817174059	0.0573538955136963
AGGAGTG	7959	1.66662197276033	0.105157399347403
AGGAGTT	8173	1.30074946070845	0.065321112385606
AGGATAA	6478	0.958046668274869	0.0534218014713035
AGGATAC	4195	1.16170297106086	0.0415813895896346
AGGATAG	5604	0.918455836642618	0.0323840877799415
AGGATAT	6119	1.2699831698138	0.0648304878339543
AGGATCA	6274	0.777007080414352	0.03000942913014
AGGATCC	5668	0.952488135385273	0.0352394198226357
AGGATCG	750	0.920786992731802	0.0376017846891242
AGGATCT	8011	0.963231952377341	0.0388422894814564
AGGATGA	8377	1.09080877718955	0.0395797162185495
AGGATGC	6421	1.25136430543235	0.0577019305942064
AGGATGG	9691	1.29539002035369	0.0652025945403401
AGGATGT	7924	1.41130074283479	0.0806826680615309
AGGATTA	5591	1.26339007435642	0.0588520887670646
AGGATTC	5412	1.2908819624702	0.0522418340242829
AGGATTG	5238	0.984643234460294	0.0492271308756211
AGGATTT	8630	1.59157459612029	0.0760096347406446
AGTAAAA	10459	2.06530183708642	0.438760661076798
AGTAAAC	4940	2.05426176657217	0.281183646146987
AGTAAAG	7107	1.76668899156974	0.165055289386927
AGTAAAT	8371	2.04902970533014	0.321722920887557
AGTAACA	6323	1.75137386472434	0.184473100693733
AGTAACC	3430	1.97995436180958	0.23261342374686
AGTAACG	635	2.15775330735523	0.319492472979926
AGTAACT	5539	1.68485931907047	0.250983172809773
AGTAAGA	7005	1.78357092976377	0.138695659169504
AGTAAGC	4132	1.74867003096724	0.150005084224178
AGTAAGG	4708	1.79910861022031	0.161742635041907
AGTAAGT	5772	1.77893299847582	0.238395530411481
AGTAATA	5777	1.66130412704454	0.306134505983521
AGTAATC	3056	1.74488189680002	0.236675400601746
AGTAATG	4725	1.70528342529333	0.272021667086327
AGTAATT	6511	1.76585967616233	0.348364113701415
AGTACAA	5401	1.37049662305799	0.0985590616561884
AGTACAC	5248	1.2849986432836	0.0683579627092869
AGTACAG	7100	0.940560710009174	0.0403759374302425
AGTACAT	5785	1.45757759075596	0.0799691235525093
AGTACCA	4565	1.17203230435916	0.0662253381468281
AGTACCC	4383	1.24924674540096	0.0904296618762975
AGTACCG	526	2.02850623281706	0.143768669255516
AGTACCT	4222	1.46616266505288	0.101176521795821
AGTACGA	463	0.954921305896708	0.0669859296231393
AGTACGC	343	1.41129064536982	0.0922322095725574
AGTACGG	517	1.3174887880633	0.089533531615179
AGTACGT	642	1.62065541833222	0.107561391058572
AGTACTA	5005	1.1168430607289	0.113527538125604
AGTACTC	4180	1.26287161349986	0.0940613972189852
AGTACTG	5147	1.24335160928861	0.103218156795276
AGTACTT	5671	1.3206387575939	0.144515572248098
AGTAGAA	7497	1.2785593558226	0.0630442521792417
AGTAGAC	4088	0.856294390059634	0.0342158668327768
AGTAGAG	5875	0.706231963689877	0.026599491733573
AGTAGAT	5135	0.777695064285364	0.0343595545121134
AGTAGCA	5324	0.738659221431373	0.0274926601719934
AGTAGCC	4549	1.06557639784499	0.0414676668891874
AGTAGCG	459	0.990747657089744	0.0520866932365271
AGTAGCT	5655	1.07818209673414	0.0387366378094356
AGTAGGA	5290	1.07623693706609	0.0399412167212111
AGTAGGC	3195	0.989605750584239	0.0454553977370994
AGTAGGG	3808	0.957019292027665	0.0517654527395396
AGTAGGT	4659	1.39649491186264	0.0730643384828618
AGTAGTA	4731	0.898437863234501	0.0529413312733248
AGTAGTC	3032	1.15125771653926	0.0547868725944814
AGTAGTG	3746	1.0696804996212	0.0646363896646256
AGTAGTT	4640	1.09573360779331	0.0770418833668361
AGTATAA	5513	1.36522740377673	0.141080263281269
AGTATAC	3391	1.14936575378268	0.113515845217568
AGTATAG	4239	0.874176345804469	0.0512347796530842
AGTATAT	6690	1.41099128922466	0.129806923411835
AGTATCA	4538	0.992755031583852	0.064471325509886
AGTATCC	3542	1.23403317098099	0.0935263038065127
AGTATCG	484	1.32788212059571	0.119361634255773
AGTATCT	5643	1.34695449415296	0.103985282876403
AGTATGA	4804	1.09389861526967	0.0569493950243859
AGTATGC	3095	1.18004282864167	0.0735760622799329
AGTATGG	4449	1.29535468558752	0.0792026537103041
AGTATGT	6159	1.44637602396977	0.0850437483071713
AGTATTA	4908	1.41129406836389	0.171184263006989
AGTATTC	4938	1.31402858943443	0.16624058112538
AGTATTG	3999	1.28487856387283	0.133630962142887
AGTATTT	9625	1.63730604462699	0.237367618571561
ATAAAAA	22539	1.57925882611461	0.624755594455024
ATAAAAC	11739	1.93023324683828	0.448096114416705
ATAAAAG	12655	1.90934368835832	0.306814281629367
ATAAAAT	22626	1.58257150998644	0.538678952924319
ATAAACA	13427	1.97604368147882	0.291306631427831
ATAAACC	5852	1.89783424503758	0.340362783761846
ATAAACG	1191	1.84193892510451	0.389487445980171
ATAAACT	7832	1.77367137253761	0.378677506902984
ATAAAGA	12998	2.36692613999733	0.279551792706781
ATAAAGC	5858	2.04931463969654	0.265462270152501
ATAAAGG	7602	2.02488291873703	0.234415413326369
ATAAAGT	8967	1.74629521921378	0.387794504213856
ATAAATA	23527	1.44966710359723	0.508360563817928
ATAAATC	7697	1.6382677129453	0.428435356514002
ATAAATG	11453	1.72233808530062	0.424409808070517
ATAAATT	11495	1.61925466002933	0.530029796271533
ATAACAA	9085	1.39363462645536	0.149865723709153
ATAACAC	4804	1.17489062796205	0.0861330665060261
ATAACAG	6341	1.07510126507027	0.0646797291599951
ATAACAT	7098	1.08341086392442	0.0907518563111797
ATAACCA	5849	1.19277791343615	0.0887647405902632
ATAACCC	3818	1.43721052290637	0.117241354645386
ATAACCG	544	1.91436645029932	0.13535641924522
ATAACCT	4431	1.24853258176883	0.105453719884607
ATAACGA	770	1.76996630038759	0.113503110446954
ATAACGC	493	1.0988188071431	0.0800546304249917
ATAACGG	535	1.4683832597463	0.131968237515117
ATAACGT	835	1.63871294465128	0.131561467594177
ATAACTA	5095	1.04957569410988	0.15810377127687
ATAACTC	4793	1.15137403911403	0.128205296421966
ATAACTG	5888	1.04073402795405	0.127203055454359
ATAACTT	6854	1.11329929077924	0.185912640757316
ATAAGAA	10186	1.24760309447343	0.0944780523346586
ATAAGAC	5048	1.04991199110191	0.0667800667686247
ATAAGAG	6386	1.14861915256633	0.0574066499691101
ATAAGAT	6398	1.09405372055457	0.0671788491715094
ATAAGCA	6763	1.09464554777433	0.0534659301794715
ATAAGCC	3987	1.26757370920852	0.0679194146811377
ATAAGCG	477	0.940344341815099	0.0630840521878317
ATAAGCT	4551	1.1430026564286	0.0615534785413182
ATAAGGA	6456	1.15875445959265	0.0662571808546843
ATAAGGC	3836	1.39792824819463	0.0832181037750408
ATAAGGG	3753	1.22083155290647	0.0819188550420117
ATAAGGT	3994	1.16916271988403	0.0967527780981167
ATAAGTA	5997	1.22154743732151	0.114775395920539
ATAAGTC	3213	1.11774220590747	0.101293611254128
ATAAGTG	5579	1.12976415530895	0.111602000661494
ATAAGTT	5621	1.12305103914332	0.147185235031921
ATAATAA	16127	0.955725444363799	0.20146574111759
ATAATAC	4660	1.07183653572001	0.144722909339207
ATAATAG	6633	0.863283050632798	0.0921552731520499
ATAATAT	9748	1.00780400838756	0.171883493768067
ATAATCA	7517	1.24522149024731	0.107402530322439
ATAATCC	4020	0.951072208870516	0.100470382377395
ATAATCG	587	1.01612221775704	0.144974877550399
ATAATCT	6021	1.08828027620532	0.128630250782803
ATAATGA	7948	1.16263280466662	0.0930415304241352
ATAATGC	3916	1.15308038789911	0.0930983110018809
ATAATGG	5662	1.2198667286321	0.0985021091916339
ATAATGT	7325	1.11756527887969	0.105012821769703
ATAATTA	9109	1.25908213162365	0.258382006500926
ATAATTC	5942	1.06819017165265	0.23079539813844
ATAATTG	5637	1.03408453768791	0.167474192190065
ATAATTT	13054	1.29131587447585	0.362050370589601
ATCAAAA	12319	1.86707040191467	0.317487728640909
ATCAAAC	6137	1.68556782876545	0.169542981184752
ATCAAAG	8511	1.64092683189614	0.117202661700891
ATCAAAT	8046	1.78066364199172	0.226313195795201
ATCAACA	6850	1.57258230710882	0.11478030114518
ATCAACC	3744	1.53723477004697	0.128298679611531
ATCAACG	710	1.60299810396547	0.15423129754812
ATCAACT	5038	1.47632990536041	0.147547120947109
ATCAAGA	7192	1.49334470089712	0.0935372897137469
ATCAAGC	3812	1.57937597802437	0.0944470462522549
ATCAAGG	6316	1.56344999324752	0.0845766211533516
ATCAAGT	6018	1.60594927237914	0.137143682770769
ATCAATA	6128	1.43365784665844	0.189744738994366
ATCAATC	4090	1.26234458144065	0.113620546470668
ATCAATG	6204	1.33450646940888	0.12844626725451
ATCAATT	5698	1.85943660756494	0.247411127732121
ATCACAA	7434	1.01799152460665	0.0571670039722666
ATCACAC	5979	0.916866678967244	0.0415511377658272
ATCACAG	9950	0.86945805277283	0.034984108267812
ATCACAT	7092	1.04436503424747	0.0527354543637998
ATCACCA	7634	1.27061235287669	0.0601679239676578
ATCACCC	3884	1.3821342553685	0.0912129066194337
ATCACCG	909	1.41442559479021	0.0821392234720761
ATCACCT	5491	1.53190580253143	0.100843492319049
ATCACGA	834	1.49852710403639	0.0607067376197478
ATCACGC	689	2.14697120606158	0.106460009521581
ATCACGG	945	1.46221438942331	0.0798740892964532
ATCACGT	1173	1.23564208897385	0.0751127916739506
ATCACTA	5068	1.27170933869961	0.0781689579258159
ATCACTC	4342	1.11027650692418	0.0767745273553622
ATCACTG	7853	1.32824504815921	0.0845991155547432
ATCACTT	6421	1.32108964831134	0.103562209932113
ATCAGAA	10371	0.966242155911235	0.0414675336868034
ATCAGAC	4937	0.82512654593116	0.028991597530858
ATCAGAG	8017	0.898886238527156	0.0302749564552591
ATCAGAT	7803	0.943650188165591	0.0333873797660878
ATCAGCA	6897	0.772240578686869	0.0261439516166586
ATCAGCC	4850	1.26642676963178	0.047808263119561
ATCAGCG	793	1.28402458144152	0.046141172971389
ATCAGCT	6375	1.12320724656733	0.0445169818997691
ATCAGGA	7654	0.943390453710484	0.0374589373098644
ATCAGGC	4361	1.29211168230635	0.061097792762799
ATCAGGG	6082	1.04384564151665	0.0570853692858529
ATCAGGT	4826	1.25841501315387	0.0768034645662664
ATCAGTA	4795	1.06746410386342	0.0480993117134798
ATCAGTC	4506	1.21757588991095	0.0596519300665865
ATCAGTG	7040	1.16590666098806	0.0707889963057571
ATCAGTT	5524	1.36510798993558	0.074251262341933
ATCATAA	5914	1.18307872668592	0.109831026097523
ATCATAC	3720	0.924759853704862	0.074088715797441
ATCATAG	4604	0.953037084866787	0.0535384633522455
ATCATAT	6483	1.19869035489573	0.113868892988364
ATCATCA	8547	1.06058629319349	0.0475893181072516
ATCATCC	5355	0.954035760881909	0.062778378513991
ATCATCG	765	1.47553820674246	0.0832441011385496
ATCATCT	8027	0.941822258778128	0.0673479289890432
ATCATGA	6893	1.01630037451471	0.047631317356504
ATCATGC	3825	1.2946444945464	0.0662286014250658
ATCATGG	6077	1.1030754313236	0.0613624936669601
ATCATGT	7133	1.16670464417618	0.0709670136032208
ATCATTA	6252	1.27450523238352	0.123251433446682
ATCATTC	4968	1.25134733092495	0.114485801441198
ATCATTG	5493	1.19232237777565	0.0932683350789604
ATCATTT	10489	1.48282046320679	0.186562350085757
ATGAAAA	15419	1.682111775289	0.171953136725145
ATGAAAC	8020	1.46119251390205	0.0975148693444518
ATGAAAG	10411	1.31783257174921	0.0718570330221432
ATGAAAT	12657	1.52922077894203	0.122843867757057
ATGAACA	10378	1.07945818289216	0.052566404488682
ATGAACC	4622	1.09787702882741	0.05502237013485
ATGAACG	1060	1.24371670833637	0.0801278169422096
ATGAACT	7988	1.17256050721837	0.0669210245854089
ATGAAGA	12357	1.12511836010851	0.0533382024558183
ATGAAGC	6944	1.40192146954675	0.0592464334450711
ATGAAGG	8404	1.26781685614434	0.0516183238615715
ATGAAGT	8009	1.29385048178197	0.0852325171455552
ATGAATA	9267	1.14214581748907	0.0922765521434559
ATGAATC	5045	1.13045244668195	0.06659719386639
ATGAATG	10368	1.53410799434391	0.106353395884958
ATGAATT	9434	1.45002099756469	0.132511573730462
ATGACAA	7510	1.16049941592442	0.0586132337399488
ATGACAC	5194	0.841539061407386	0.0392070816017063
ATGACAG	8009	0.90928320075741	0.0339752730779136
ATGACAT	7117	0.935541225864303	0.0421073383415591
ATGACCA	7001	1.28385957730762	0.0585289943800876
ATGACCC	4351	1.64664629707818	0.0899054544343934
ATGACCG	746	2.22336859264184	0.102356962612653
ATGACCT	6283	1.32563969886904	0.0763422826549431
ATGACGA	853	0.916226117693876	0.0479509977357764
ATGACGC	546	1.52534372609873	0.0814392604465728
ATGACGG	807	1.24692884638715	0.100694027308946
ATGACGT	1011	1.70375523126173	0.126717763371855
ATGACTA	5022	1.26584510861356	0.0815178305262404
ATGACTC	5284	1.26117482155045	0.0829579987715124
ATGACTG	7467	1.57690430000067	0.104442529361223
ATGACTT	7592	1.60597725856186	0.106112360970879
ATGAGAA	11298	1.18063460850605	0.0500055201271638
ATGAGAC	5697	0.922168177476898	0.03430137788679
ATGAGAG	7990	1.11921128584815	0.0444112364316821
ATGAGAT	8011	0.997565801860994	0.0367824230423277
ATGAGCA	7553	0.949194678230212	0.0321130346522567
ATGAGCC	5198	1.42125539535259	0.0516919865989987
ATGAGCG	855	1.55765500590668	0.0635081481375754
ATGAGCT	6850	1.05635006392582	0.0427688635582833
ATGAGGA	8193	1.1947051562097	0.0492487997658636
ATGAGGC	5202	1.93959659866174	0.105208148668754
ATGAGGG	5850	1.49388180240338	0.105757110300282
ATGAGGT	6020	2.30338065252758	0.171860038157321
ATGAGTA	5340	1.08816101065205	0.055303326798829
ATGAGTC	4506	1.57700225578492	0.0836156567399564
ATGAGTG	6677	1.75307723838377	0.119246571360841
ATGAGTT	7715	1.42575985570678	0.0903780275209578
ATGATAA	8581	1.02391113832743	0.066630574808644
ATGATAC	4107	0.923125591107496	0.0497791604963004
ATGATAG	5526	0.786760541186675	0.0395081688289425
ATGATAT	7336	1.33781163208295	0.0799499760539494
ATGATCA	6399	0.837263711669564	0.0349108008026519
ATGATCC	3535	1.00450511194665	0.0415751476953846
ATGATCG	547	1.21653768994076	0.0479633013544363
ATGATCT	5795	1.05990761640283	0.049607012949125
ATGATGA	8147	0.845689759509308	0.0368775975160973
ATGATGC	5191	1.13101147456039	0.0557134608505227
ATGATGG	7451	1.25443949080228	0.060609471144623
ATGATGT	7289	1.36182452570967	0.0788024297248664
ATGATTA	5751	1.09351643943578	0.0647743297415011
ATGATTC	4864	1.25657867634028	0.0668615884710627
ATGATTG	4885	1.49736028758847	0.0739379396686766
ATGATTT	9153	1.42756550078041	0.0995025645386267
ATTAAAA	20393	1.55149813504731	0.593271295062362
ATTAAAC	6174	1.65171459537385	0.41254777332638
ATTAAAG	13216	1.83848614678891	0.269450910194007
ATTAAAT	11938	1.41117299014874	0.424113605165975
ATTAACA	6966	1.8895766203485	0.299901323085387
ATTAACC	3589	1.70989443995099	0.357014857666877
ATTAACG	633	1.37645807555324	0.373651011717908
ATTAACT	5953	1.36233250203881	0.39625397050885
ATTAAGA	7673	2.21336361010164	0.257436897710579
ATTAAGC	3546	1.847139408268	0.276144084485579
ATTAAGG	5403	1.8940155602604	0.258310815899214
ATTAAGT	5680	1.41107171774976	0.347259841675295
ATTAATA	9371	1.2682740518478	0.421074051111113
ATTAATC	4512	1.48980865955673	0.368786696225348
ATTAATG	6354	1.50126989558173	0.429286749956398
ATTAATT	11020	1.23641984324344	0.505629448890213
ATTACAA	6970	1.42201652497737	0.196300477432324
ATTACAC	4129	1.25712708641806	0.13419868173921
ATTACAG	8110	1.09787503890814	0.0834882358836446
ATTACAT	7510	1.36575060823332	0.163064403462498
ATTACCA	5018	1.54519101015404	0.131528181840443
ATTACCC	2549	1.58863502630323	0.186495870512223
ATTACCG	473	1.1109301994389	0.18076450723376
ATTACCT	4319	1.49737358907055	0.187330163764541
ATTACGA	524	1.77018857096119	0.131805659326983
ATTACGC	292	1.5263892241706	0.158996998653634
ATTACGG	623	1.57840923447951	0.170240274683861
ATTACGT	817	1.3334751168644	0.160619932581396
ATTACTA	4543	1.14671387330139	0.193123633120078
ATTACTC	3565	1.11421762677314	0.186637271580884
ATTACTG	5231	0.935385710223932	0.179312009045616
ATTACTT	6725	1.07128525632299	0.246296576026136
ATTAGAA	8441	1.45938819050735	0.131767828746737
ATTAGAC	3358	1.26604867711415	0.086057474674475
ATTAGAG	5145	1.31146068235267	0.0644071002425547
ATTAGAT	5844	1.15216740895067	0.0834240450719713
ATTAGCA	5397	1.32971586055711	0.0628040560462598
ATTAGCC	3946	1.30222702811457	0.0859620286534911
ATTAGCG	451	1.78083827685167	0.115910023130216
ATTAGCT	4920	1.2671778844341	0.0785402934424343
ATTAGGA	5741	1.44677663192495	0.081328652559706
ATTAGGC	2468	1.05078527704529	0.0874295751080275
ATTAGGG	3591	1.03525625229852	0.098323994596747
ATTAGGT	4072	1.18251613040723	0.13544251819616
ATTAGTA	4222	1.07989082899044	0.118397295192751
ATTAGTC	3583	1.02352449183568	0.113527566213537
ATTAGTG	4600	1.10350597966258	0.133849476437726
ATTAGTT	5233	1.02223944234821	0.15411934446217
ATTATAA	9884	1.10657042622585	0.295445088181556
ATTATAC	4336	0.898250630240712	0.259353908326975
ATTATAG	5719	0.976211134521438	0.157382175169778
ATTATAT	10848	1.02621031325353	0.269384131911405
ATTATCA	6755	1.31144565177107	0.158823273833794
ATTATCC	4205	1.00267444131063	0.207253287121305
ATTATCG	481	1.03261664849414	0.234831342504543
ATTATCT	7099	1.0865404868104	0.211820719762986
ATTATGA	6632	1.414982156604	0.148232648220719
ATTATGC	3477	1.09038757326784	0.153803958246724
ATTATGG	5097	1.29825435463348	0.177080502569072
ATTATGT	7592	1.28783831444495	0.191375546017428
ATTATTA	12145	1.22520200196177	0.294111703764635
ATTATTC	6001	1.04184583671158	0.342242636890411
ATTATTG	6243	0.971134570054921	0.299262347530292
ATTATTT	17309	1.23310209900757	0.447712690590284
CAAAAAA	18593	2.52727498979591	0.713922668339446
CAAAAAC	11477	2.78190995308562	0.472947163862462
CAAAAAG	10490	2.61612019953388	0.329503724179072
CAAAAAT	13125	2.18503658436322	0.500412692476894
CAAAACA	21812	2.69441121583659	0.341330007791337
CAAAACC	9224	2.41865990462121	0.262254833971274
CAAAACG	1324	2.0137964244896	0.270841759024741
CAAAACT	9264	2.13278389373178	0.281597045180953
CAAAAGA	12348	3.01308194443495	0.253824091479132
CAAAAGC	8389	2.67986608016912	0.20077158606205
CAAAAGG	8591	2.42767630704686	0.182139179645155
CAAAAGT	8006	2.14855518237168	0.258073680102981
CAAAATA	14075	2.21515653200648	0.415330739424793
CAAAATC	7909	2.27996771461526	0.300606258413431
CAAAATG	10685	2.06760108435521	0.307696446452736
CAAAATT	10506	2.08663920235728	0.43194809318807
CAAACAA	20016	2.09212770210685	0.21631863318565
CAAACAC	11447	1.51211434428022	0.0877055194084866
CAAACAG	9756	1.16251316679688	0.0649724967950516
CAAACAT	9882	1.64899169812704	0.108098772984983
CAAACCA	9716	1.6383707994091	0.0986536200836761
CAAACCC	6592	1.61832074539361	0.111306678937879
CAAACCG	889	1.7172034482005	0.111322132408836
CAAACCT	7299	1.6347978078644	0.118350938492314
CAAACGA	1238	2.12078485098146	0.122772407398806
CAAACGC	1407	1.8042281848578	0.114069906227544
CAAACGG	894	1.8647090456882	0.123526277903704
CAAACGT	1351	1.57330885106738	0.125551908963216
CAAACTA	5919	1.46785497703265	0.151777478941608
CAAACTC	9076	1.4534078224826	0.13105906763165
CAAACTG	7776	1.33670983364095	0.116470523381431
CAAACTT	8515	1.53883955775275	0.193479246515711
CAAAGAA	16283	2.00931741377979	0.147864684399963
CAAAGAC	8344	1.50813710042802	0.0726876367153552
CAAAGAG	9928	1.45565045495744	0.0664937320499702
CAAAGAT	8731	1.43535612348747	0.0723737114217328
CAAAGCA	11606	1.59386196625745	0.0608477584613693
CAAAGCC	8524	2.05004317967542	0.0842292441427253
CAAAGCG	1097	1.72348365386392	0.0931228162899343
CAAAGCT	8947	1.81298716535901	0.0755932848084794
CAAAGGA	11300	1.39003731624115	0.0610360755098414
CAAAGGC	8015	1.55779236557938	0.0757749310835581
CAAAGGG	7291	1.55509245985839	0.0744862695044375
CAAAGGT	7152	1.48526668027802	0.0848567740729672
CAAAGTA	7121	1.73629603605635	0.100135172821398
CAAAGTC	7094	1.71614985475837	0.094812925739243
CAAAGTG	9268	1.49755063587688	0.0942550981291048
CAAAGTT	8239	1.57520483355754	0.109093310241238
CAAATAA	11893	1.59595735095358	0.220707559155443
CAAATAC	7044	1.78514100372046	0.162870659205685
CAAATAG	6079	1.25845126925071	0.100039396334595
CAAATAT	10140	1.61840608830958	0.201188722760881
CAAATCA	7643	1.64561966125814	0.121051126487532
CAAATCC	6832	1.48636608142797	0.122163755484186
CAAATCG	729	1.08701034792544	0.100836223109698
CAAATCT	7419	1.30649737199261	0.12195883826724
CAAATGA	9540	1.71178934490255	0.113253239359768
CAAATGC	8424	1.51233355477357	0.112987869460039
CAAATGG	8909	1.91028309368474	0.125862350693338
CAAATGT	9537	1.76644815423064	0.12836195456875
CAAATTA	7343	1.51754823857195	0.219907669829234
CAAATTC	7766	1.53046291752168	0.202087250823571
CAAATTG	6209	1.33802468232573	0.148640934410042
CAAATTT	8830	1.54980937356567	0.275558255735831
CACAAAA	12674	1.96023945546669	0.206277384143573
CACAAAC	9847	1.48654659039492	0.0955306325571309
CACAAAG	11069	1.35614848734514	0.0722391646332067
CACAAAT	9519	1.60071666039504	0.136157276321046
CACAACA	8260	1.12818244492102	0.0622265922577535
CACAACC	6880	1.18063735478396	0.0587725372917522
CACAACG	992	2.00560548078701	0.100041271126895
CACAACT	6338	1.30424479321887	0.0785471952517261
CACAAGA	8418	1.11013500752697	0.0503235987539091
CACAAGC	6939	1.07360654777292	0.0441778630187245
CACAAGG	7100	0.970396083919052	0.0449837394918229
CACAAGT	6244	1.44393936949322	0.0687803782547331
CACAATA	6671	1.38813974919326	0.0990238647291984
CACAATC	4608	1.15975787854748	0.061973739891716
CACAATG	8315	1.13016676619538	0.0665424378023424
CACAATT	6100	1.56045232693903	0.116649660245956
CACACAA	13811	1.03352779445963	0.0491614514197
CACACAC	110752	0.541296497926389	0.019762414955509
CACACAG	18662	0.816197983242829	0.029665321442671
CACACAT	22181	0.935716816827946	0.0425204841553575
CACACCA	10406	1.0091319792335	0.0438357766786795
CACACCC	8944	1.5168303441142	0.0803301269752508
CACACCG	1343	1.33924990862174	0.0749035556506306
CACACCT	11367	1.38350770893999	0.0821176754538711
CACACGA	1574	1.13541891665783	0.0440503725925408
CACACGC	3383	1.57684881843459	0.07938685519252
CACACGG	2212	1.7244983701171	0.0919800041382923
CACACGT	2724	1.34521712451806	0.076139596818633
CACACTA	5404	1.13440332663104	0.054125041533583
CACACTC	9161	1.06042995067987	0.0588223893517334
CACACTG	11292	1.20147045912013	0.0627806344079159
CACACTT	9340	1.30372292333981	0.0754451739800433
CACAGAA	14837	1.1113840666693	0.044553041183249
CACAGAC	12878	0.668986894895276	0.0217421047259603
CACAGAG	18866	0.800677524962784	0.0289676031887835
CACAGAT	9559	0.700502939147338	0.0265245308299536
CACAGCA	15568	0.897899797197239	0.025215849012819
CACAGCC	10087	1.22632534179307	0.0401509663602941
CACAGCG	1780	1.38171542868247	0.0510302455512949
CACAGCT	11381	1.04051654745414	0.0353252832915456
CACAGGA	11678	0.982409514843102	0.0337816828020528
CACAGGC	10200	1.12572503660858	0.0495452584280553
CACAGGG	10983	1.20877540806822	0.0555540457215193
CACAGGT	8380	1.13995275515643	0.0551391920116482
CACAGTA	7161	0.859782575650779	0.0349860661505912
CACAGTC	8622	0.943129675054522	0.0380626603504043
CACAGTG	12779	1.13542811144356	0.0529981779684692
CACAGTT	8370	1.12835429274775	0.0467075454667756
CACATAA	8957	1.25433256612268	0.0940198291713007
CACATAC	13023	0.847442211593604	0.0545871935693534
CACATAG	6422	0.933310040492736	0.0436961059382358
CACATAT	10946	1.39234071328777	0.100695847279028
CACATCA	7400	0.937292200453267	0.0442100877603837
CACATCC	7386	1.10926163382708	0.0609063311039634
CACATCG	918	1.21266233698931	0.0553029878987195
CACATCT	9365	1.07779933220704	0.0599140308331358
CACATGA	9480	1.05448489894616	0.0474792017776464
CACATGC	11818	1.05654582920451	0.0579265120256905
CACATGG	11031	1.44845670227374	0.070452014457096
CACATGT	11073	1.32255351183999	0.0697014496330632
CACATTA	6044	1.26818062791394	0.0804628872756676
CACATTC	8188	1.10438901641105	0.0702117309848021
CACATTG	6186	1.15469712601243	0.069666482289166
CACATTT	11688	1.58905757795615	0.109848425203495
CAGAAAA	18445	2.19007129216369	0.157817655264512
CAGAAAC	11930	1.61536011141121	0.0786722639646163
CAGAAAG	14477	1.50857047204765	0.0615810403971573
CAGAAAT	15321	1.66801825518135	0.093390677873154
CAGAACA	11512	1.20330993804344	0.0420776039160181
CAGAACC	7256	1.27341951282677	0.0456296968627383
CAGAACG	1448	1.19701545493142	0.0494762599459609
CAGAACT	10062	1.16158654509118	0.0504519630393214
CAGAAGA	17972	1.01759812438768	0.0329030535668235
CAGAAGC	11653	1.12237131234646	0.0349812717383587
CAGAAGG	11270	1.04841425883053	0.0316476806160129
CAGAAGT	10601	1.29143520483163	0.0501363590380037
CAGAATA	8365	1.3294745831472	0.0608181662260134
CAGAATC	7030	1.48432823653828	0.0514279668343569
CAGAATG	9945	1.21959857343947	0.0482869918755203
CAGAATT	9393	1.28659487839657	0.0664542648386876
CAGACAA	8898	0.988610848961616	0.0399968810503158
CAGACAC	13838	0.966270646891127	0.0263161612829382
CAGACAG	15961	0.715530763730525	0.0207046942859465
CAGACAT	9852	0.940618503297672	0.0308647954520521
CAGACCA	7171	0.843391141942858	0.032191608428006
CAGACCC	6472	1.35406884615207	0.0568823420956416
CAGACCG	942	2.00494010716952	0.0671367970882176
CAGACCT	7578	1.22771092699704	0.0485066050666559
CAGACGA	1101	1.49823741527762	0.0489563742181029
CAGACGC	1213	1.30716867732135	0.0584594453130776
CAGACGG	1327	1.52072698224603	0.0720547698220313
CAGACGT	1367	1.41511798099397	0.0696293515932326
CAGACTA	4654	0.916857596131079	0.0409840057805202
CAGACTC	7547	1.10745052036082	0.0420352610238278
CAGACTG	8844	1.13806193833217	0.0489109166216419
CAGACTT	7731	0.968887416505216	0.0456741774693323
CAGAGAA	20081	1.08506457593139	0.0443451756150566
CAGAGAC	15709	0.789763335919829	0.027025812855975
CAGAGAG	17754	1.01042274297471	0.0381000487794529
CAGAGAT	12420	0.736496287125624	0.0255935456463747
CAGAGCA	12703	0.694000116166921	0.0241747046235509
CAGAGCC	10678	1.17529827820538	0.0408918462741653
CAGAGCG	1611	2.03181446459185	0.0654190440524985
CAGAGCT	13193	0.812496942992391	0.0325211344751311
CAGAGGA	15491	0.848220824955044	0.0324581507011463
CAGAGGC	15976	1.44803241216965	0.066015168970961
CAGAGGG	10163	1.2418733933052	0.067459589827814
CAGAGGT	10866	1.60252869237321	0.0893468105203869
CAGAGTA	6675	0.786436545617914	0.0305688537050036
CAGAGTC	8507	1.21061694494961	0.0457142276564561
CAGAGTG	10939	1.35867299961249	0.0639511407064607
CAGAGTT	9437	1.01780580611098	0.0419873151453417
CAGATAA	7144	1.2772813454024	0.0602366666193731
CAGATAC	6336	1.13750290668441	0.0456300407814394
CAGATAG	5885	0.916511277978772	0.0332308240599912
CAGATAT	8116	1.41374946480567	0.0664330889751625
CAGATCA	6195	0.935132814256877	0.0300996074294396
CAGATCC	7357	1.08062473994055	0.0408450388865655
CAGATCG	816	0.922608817849169	0.0381242172888749
CAGATCT	9052	1.06706452080404	0.0414088451940691
CAGATGA	9153	0.838830655717303	0.0317908253003416
CAGATGC	8352	1.25195660269588	0.048171541812571
CAGATGG	9668	1.22415236408588	0.0511996796543913
CAGATGT	9848	1.10665409408894	0.0521207559109449
CAGATTA	4752	1.22294794404245	0.0530649344429101
CAGATTC	6711	1.04257894739172	0.045468959227217
CAGATTG	5131	1.17324222031171	0.0462348797918419
CAGATTT	9638	1.37911853052058	0.0657721434509042
CATAAAA	13296	2.26603164383761	0.611849034443715
CATAAAC	5957	2.10685194582033	0.356467635077185
CATAAAG	6801	2.14670563871889	0.26482412962178
CATAAAT	9100	2.05450712362774	0.469935853163756
CATAACA	5700	2.15011670005799	0.272777318928238
CATAACC	3361	2.47415688034886	0.368129342924308
CATAACG	625	2.3383359955408	0.423053500069702
CATAACT	5069	1.83234917502744	0.373982486260797
CATAAGA	5769	2.12937208377567	0.184158823488501
CATAAGC	3944	1.86461934650633	0.191976872553842
CATAAGG	3945	2.03543172079196	0.226183962319406
CATAAGT	4302	1.65484337651597	0.289567113254457
CATAATA	6244	1.65676525821872	0.388419139717105
CATAATC	4188	1.87593444063991	0.269743796439571
CATAATG	5591	1.94477745632483	0.355671297669293
CATAATT	6797	1.70269967907704	0.430935490599167
CATACAA	6956	1.57574212009296	0.221623510507981
CATACAC	12898	1.25668152920278	0.10835365285293
CATACAG	6875	1.20223729838414	0.0729943309175723
CATACAT	13311	1.47476091415452	0.16037085582409
CATACCA	5034	1.40224488136453	0.118422152978999
CATACCC	4330	1.23554690249238	0.171357296378416
CATACCG	523	1.4516696101251	0.199727142161993
CATACCT	5499	1.22459438980233	0.173161068565087
CATACGA	591	1.27680141748821	0.0970434093741974
CATACGC	634	1.28489714121374	0.13726166788585
CATACGG	559	1.29143956303443	0.12939018686162
CATACGT	1078	1.38634577728772	0.168326917562049
CATACTA	3717	1.14226603173933	0.226380284352272
CATACTC	4125	1.26054422237764	0.23188473614554
CATACTG	4935	1.13370504988741	0.21796121348992
CATACTT	5788	1.22081089925575	0.303931101461077
CATAGAA	7988	1.4660556972867	0.116876362303941
CATAGAC	5069	1.17367070773614	0.0725670057811061
CATAGAG	6043	0.902037433135275	0.0425453900890353
CATAGAT	6195	1.1840511268015	0.0775527789334888
CATAGCA	7200	1.05740801211392	0.0426713453679485
CATAGCC	4768	1.32418136731549	0.0667197420072242
CATAGCG	667	1.25815899224793	0.0938560629245139
CATAGCT	6007	1.12394417465479	0.0598801277756691
CATAGGA	5372	1.02825018047656	0.0462026629509423
CATAGGC	3850	1.09269451323436	0.0637418674931112
CATAGGG	3587	0.962960819058676	0.0563596038794912
CATAGGT	4309	1.10933249555556	0.0818490238707848
CATAGTA	5107	1.30190073498526	0.126485740166728
CATAGTC	4518	1.21123779220966	0.110123120144508
CATAGTG	6202	0.999290642601099	0.0964465001868168
CATAGTT	4983	1.18684365581274	0.158266452893866
CATATAA	8811	1.34317716546276	0.321834526664752
CATATAC	8204	1.66606596950213	0.265935564748332
CATATAG	4220	1.29993122401345	0.147569146974126
CATATAT	12944	1.32725397842916	0.256171288581254
CATATCA	5917	1.28898685841254	0.180311448789381
CATATCC	4776	1.31143905401971	0.266027574703203
CATATCG	505	1.42858398796772	0.293322060229067
CATATCT	6676	1.33393490740941	0.249534677431293
CATATGA	5544	1.52854237085429	0.147686177526387
CATATGC	7016	1.33947162165992	0.156572284101459
CATATGG	4801	1.29264452459355	0.151030413768553
CATATGT	9362	1.30578509070447	0.160242470887189
CATATTA	5609	1.3302447917387	0.342496969743713
CATATTC	6019	1.44369240464934	0.379571046907541
CATATTG	5558	1.25608006923378	0.330464051458185
CATATTT	10941	1.64156447405076	0.479338940589979
CCAAAAA	10381	2.19525645712398	0.378412312310996
CCAAAAC	7818	2.13207544602378	0.197498522138336
CCAAAAG	8750	1.91199236856436	0.124067392431828
CCAAAAT	8505	1.98247941995356	0.242013528921744
CCAAACA	9565	1.56715568756292	0.100356932759262
CCAAACC	7439	1.66014855640043	0.118314950456819
CCAAACG	1528	1.45650754598344	0.142502140164761
CCAAACT	7648	1.5911479704226	0.13919688470421
CCAAAGA	9443	2.00973194213923	0.114349335972277
CCAAAGC	7375	1.88058026554129	0.100404889544753
CCAAAGG	8203	1.69546181137504	0.0899347720002043
CCAAAGT	8005	2.09618213490804	0.161608865085836
CCAAATA	7597	1.68948709948811	0.204957120549073
CCAAATC	5162	1.83911292054116	0.164550249543726
CCAAATG	7916	1.86336524776326	0.176698676001817
CCAAATT	6640	1.81311348076484	0.239528423557163
CCAACAA	7889	1.51382080800204	0.0897342076873961
CCAACAC	6932	1.1063007955796	0.0482484845028695
CCAACAG	7065	0.963912082202704	0.0393828658462776
CCAACAT	6742	1.23963969155964	0.0603273802417474
CCAACCA	7776	1.07217934984639	0.0589286364414115
CCAACCC	5965	1.59127928025609	0.0775344195069812
CCAACCG	838	1.4711641532275	0.0864912316561671
CCAACCT	5681	1.34329211631958	0.0729077026535384
CCAACGA	782	2.77550573365682	0.111077328875363
CCAACGC	761	2.05552776980099	0.106359911298335
CCAACGG	694	2.02721641961185	0.117072701711289
CCAACGT	989	1.58624018787753	0.0988276188969033
CCAACTA	3800	1.17326765967658	0.0799623346338962
CCAACTC	6564	1.23026355000116	0.0775785644483548
CCAACTG	6128	1.32494524372364	0.0831447995724175
CCAACTT	6022	1.21881046752389	0.09323078323098
CCAAGAA	10324	1.43234058639705	0.0682957294189565
CCAAGAC	6419	1.04708220264995	0.0371598401778528
CCAAGAG	8338	0.922319793279028	0.0347155592601276
CCAAGAT	7042	1.00125972387921	0.035865716853384
CCAAGCA	7875	1.28191464196427	0.0423695396099341
CCAAGCC	6784	1.66188305374229	0.0615021957097549
CCAAGCG	843	1.69406477693729	0.075040739439275
CCAAGCT	6951	1.57457412794381	0.0562053166514397
CCAAGGA	9563	1.17030255496986	0.0406171078607824
CCAAGGC	7620	1.45976027501137	0.0575437100766895
CCAAGGG	6670	1.32080092737435	0.0591374451532513
CCAAGGT	6578	1.31927735046449	0.0636124994999584
CCAAGTA	5259	1.21483325261121	0.0599113010592103
CCAAGTC	5908	1.74342251824475	0.0794013207382732
CCAAGTG	8908	1.709107477503	0.0993798543028615
CCAAGTT	6518	1.4120195326267	0.0762956323989604
CCAATAA	5493	1.4431151783274	0.12170702081892
CCAATAC	3364	1.05697890218232	0.0687015045537803
CCAATAG	3871	0.963841279898078	0.0452818037174181
CCAATAT	4426	1.58020312047958	0.105319899729381
CCAATCA	5589	1.17066617096557	0.0530949603494607
CCAATCC	4217	1.07840568235454	0.0592823357097874
CCAATCG	647	1.47184210056958	0.069295942674484
CCAATCT	4912	1.12813980473699	0.0655590194842973
CCAATGA	5426	1.58204175171101	0.0830813796303958
CCAATGC	4608	1.4197062039165	0.0808285435356348
CCAATGG	6332	1.41787065737357	0.0746687739243013
CCAATGT	4895	1.52704431960339	0.0888427098876055
CCAATTA	4506	1.55920738577902	0.134468691670833
CCAATTC	4555	1.22031526321013	0.104982894367938
CCAATTG	2997	1.49227656324426	0.0996588431349259
CCAATTT	6634	1.52603320671049	0.17411652604205
CCCAAAA	8518	1.90038251732287	0.1594083966269
CCCAAAC	7114	1.42177506101548	0.0945079211499569
CCCAAAG	9083	1.66515134314528	0.083653525800548
CCCAAAT	7209	1.70353255264788	0.13102039606686
CCCAACA	7985	1.42776270042115	0.0709813099277466
CCCAACC	5822	1.42518949448123	0.0790011113124379
CCCAACG	786	1.68120585444987	0.0929599540756424
CCCAACT	6266	1.36575999956346	0.0863433813002205
CCCAAGA	8765	1.35502490981303	0.0563747823880842
CCCAAGC	6013	1.8387716321675	0.07695238652707
CCCAAGG	8407	1.50248503878502	0.0604826140022521
CCCAAGT	8537	1.82886226732468	0.113426967544057
CCCAATA	4040	1.14922771679926	0.0757295632844115
CCCAATC	4148	1.26867516214576	0.0675347950069954
CCCAATG	5211	1.29041774148882	0.0834315046066217
CCCAATT	4689	1.53605910056122	0.111681780097747
CCCACAA	7472	1.43363792419157	0.0666067532919513
CCCACAC	9539	1.17130819037248	0.0506808513728701
CCCACAG	11607	1.16066932299315	0.0452526334276354
CCCACAT	8055	1.28389134369788	0.0586376600252286
CCCACCA	8439	1.58492746248378	0.0876254187968358
CCCACCC	14872	1.71241845888984	0.145741219911444
CCCACCG	1435	2.01337541120106	0.157818797230639
CCCACCT	9116	1.81377042303702	0.160793047982985
CCCACGA	1194	1.22871828746483	0.0637604936823379
CCCACGC	1434	2.02207168887069	0.146306331081099
CCCACGG	1922	1.97898696764614	0.151438736101352
CCCACGT	1668	1.88612580686283	0.135173643351709
CCCACTA	4333	1.15149369281579	0.0782426345683054
CCCACTC	8526	1.62519721357111	0.113576636236258
CCCACTG	8950	1.54954641045765	0.115169230519805
CCCACTT	7995	1.73798038608156	0.140051330379942
CCCAGAA	12483	1.37938781247975	0.050722135742568
CCCAGAC	6787	1.01580608453855	0.034355806629329
CCCAGAG	12593	1.07000106687519	0.0433098202421355
CCCAGAT	8034	0.995578144853336	0.0373007307043752
CCCAGCA	17357	1.14462142512177	0.0428428884272312
CCCAGCC	11179	1.79406797691283	0.078860573148293
CCCAGCG	1705	2.26102768974826	0.104947885618291
CCCAGCT	10864	1.57278912543198	0.0651231715874462
CCCAGGA	12808	1.38344504598087	0.060407946776729
CCCAGGC	9945	1.46865352237886	0.0930669906333196
CCCAGGG	10957	1.57821549716619	0.111006275803589
CCCAGGT	8639	1.53648925096647	0.131325527327498
CCCAGTA	6089	1.18241811184983	0.0554896167261061
CCCAGTC	6236	1.63151045503276	0.0876432215159409
CCCAGTG	9776	1.70129708369131	0.117423138822897
CCCAGTT	6619	1.65541118982258	0.0898132484625841
CCCATAA	5202	1.34951491197891	0.0979797328728344
CCCATAC	4346	1.26838286584867	0.0886930315458889
CCCATAG	4834	1.11687568261033	0.0531982437154074
CCCATAT	4964	1.61252620895568	0.13863387404141
CCCATCA	6512	1.08955461109917	0.0572829929442065
CCCATCC	7408	1.49816566086492	0.0878141767442237
CCCATCG	960	2.34153366694642	0.102547794556848
CCCATCT	8163	1.51910937361154	0.0881532959666038
CCCATGA	5943	1.4560593482284	0.0725893304873919
CCCATGC	6010	1.48300269790011	0.0929608074748818
CCCATGG	7536	1.58497514209888	0.104199179292889
CCCATGT	6850	1.65102625714415	0.109212388677412
CCCATTA	4708	1.45171604184628	0.0926478949441927
CCCATTC	6274	1.63087206824767	0.117184961283126
CCCATTG	5645	1.42150180546966	0.09465431752263
CCCATTT	8497	1.84509789369621	0.14639283128371
CCGAAAA	943	1.48515242812393	0.188263444848833
CCGAAAC	689	1.94222369908111	0.132555605880417
CCGAAAG	1005	1.36620015947208	0.0830347142141176
CCGAAAT	685	1.91736066426638	0.154031438282612
CCGAACA	687	1.31272640666771	0.0999211690424541
CCGAACC	636	2.00325124005852	0.109904446450978
CCGAACT	692	1.66587884815848	0.113689153125758
CCGAAGA	1053	1.81073829129398	0.0912809492012665
CCGAAGC	1201	2.78993581448743	0.117254547254843
CCGAAGG	1336	1.75676449160675	0.0901574341906535
CCGAAGT	866	1.71047700753795	0.133766196605372
CCGAATA	633	1.31959289394894	0.138873251262683
CCGAATC	831	1.19972802792889	0.0893702320596466
CCGAATG	1060	2.06508434913735	0.173705006198075
CCGAATT	598	1.68346263424489	0.174693742503323
CCGACAA	592	1.37995604588999	0.0925152536011019
CCGACAC	912	1.12443668626136	0.0668663961569289
CCGACAG	918	1.66620381527275	0.065998340936025
CCGACAT	656	0.991501707304286	0.0686488115552217
CCGACCA	702	1.47378546915183	0.0984483339231833
CCGACCC	879	1.5870791521519	0.155452052529396
CCGACCT	860	1.93362507543069	0.173923492735895
CCGACTA	1001	1.33379341575809	0.210309413194265
CCGACTC	958	1.67937322081753	0.169087484789198
CCGACTG	1382	2.16416157744809	0.220134544212356
CCGACTT	862	1.5874125751626	0.195557762506194
CCGAGAA	1427	1.45264927118556	0.0790433067609253
CCGAGAC	1102	1.44083909470477	0.0657146713659216
CCGAGAG	1604	1.55380002479989	0.0846152528479559
CCGAGAT	1087	1.26520742599269	0.0603715996638475
CCGAGCA	1277	1.22046808794756	0.0714939793538185
CCGAGCC	1408	1.36072870757505	0.0780041412291249
CCGAGCG	366	2.56571732775908	0.177215047991438
CCGAGCT	1314	1.75850532830121	0.0895676793289653
CCGAGGA	1765	1.49810327591239	0.0892760335800783
CCGAGGC	1667	2.2755343739384	0.210106273054749
CCGAGGG	1507	1.78318483999522	0.237765137873503
CCGAGGT	1221	2.72110913231353	0.33792382851149
CCGAGTA	755	1.30702588635537	0.116577406439974
CCGAGTC	1286	1.42349266607729	0.150695356970374
CCGAGTG	1883	1.8634634155388	0.328366652095618
CCGAGTT	1423	1.5453247893501	0.164021469712608
CCGATAA	396	1.72713762502524	0.139397249177188
CCGATAC	396	1.05005204152602	0.0770239766187985
CCGATAG	398	1.98526842821244	0.0972823124425594
CCGATAT	508	1.32126496622984	0.1178896577348
CCGATCA	462	1.457917762298	0.0792689901514223
CCGATCC	595	1.64283195999326	0.0944667583694815
CCGATCT	625	1.86962155354243	0.117553844649278
CCGATGA	793	1.50174699440727	0.0906908607670536
CCGATGC	916	2.06428264365951	0.148838473025927
CCGATGG	913	1.79406894855923	0.146846683215019
CCGATGT	810	1.8689820691589	0.196657096812417
CCGATTA	441	1.88732997549276	0.149346535733666
CCGATTC	650	1.23557856232616	0.117326282205624
CCGATTG	527	1.47985493254838	0.144340708281956
CCGATTT	807	1.55459317171192	0.160998667855553
CCTAAAA	7586	1.5610092282018	0.436595427475069
CCTAAAC	4598	1.70914074262935	0.331422918663859
CCTAAAG	5795	1.7454751647353	0.213804223739267
CCTAAAT	5238	1.58305884167341	0.353546151671295
CCTAACA	4865	1.70792662909261	0.244528801480822
CCTAACC	4009	1.59262629107714	0.330280368183038
CCTAACG	584	1.42565809985763	0.421891090414205
CCTAACT	5026	1.38834451524538	0.343694322177916
CCTAAGA	6281	2.35247389957666	0.216042730839797
CCTAAGC	3887	1.73862954995451	0.205637800364523
CCTAAGG	4435	1.76221238402162	0.213165268487643
CCTAAGT	4766	1.42219423788125	0.297199976511193
CCTAATA	4008	1.13653456978574	0.338937084872978
CCTAATC	2821	1.5399183657611	0.320697704333961
CCTAATG	4076	1.45482907506258	0.358071143897604
CCTAATT	4948	1.34960524431327	0.408641914803812
CCTACAA	4556	1.19666456728713	0.10677893535569
CCTACAC	4408	1.12944714702008	0.0765778324087932
CCTACAG	6546	1.07157197232416	0.0506016619612506
CCTACAT	5061	1.26754075441219	0.0929261107726602
CCTACCA	4396	1.71217134540785	0.110079822213007
CCTACCC	5416	1.26403968480091	0.136862417382569
CCTACCG	613	1.25635428204197	0.13935478370074
CCTACCT	6481	1.20208607835923	0.140829001479493
CCTACGA	518	1.32111080895701	0.0991383339733245
CCTACGC	506	1.26051646775555	0.106525788462387
CCTACGG	799	1.65441902763259	0.150008762716006
CCTACGT	778	1.30483330813447	0.137692046498023
CCTACTA	2901	0.871666770870705	0.133106135958079
CCTACTC	4116	0.960878513934666	0.131728201824747
CCTACTG	4661	0.949603269145612	0.134400802891782
CCTACTT	5269	0.918553524773386	0.169175916425912
CCTAGAA	7620	1.1560582911709	0.0658546507328789
CCTAGAC	3667	1.32983085792602	0.0508799107497897
CCTAGAG	5511	0.900587279827555	0.0379855571866472
CCTAGAT	4098	0.99615893031162	0.0461472401280907
CCTAGCA	6588	1.1638618853653	0.0500821894332057
CCTAGCC	4437	1.23593505887612	0.0645778571402529
CCTAGCG	559	1.50731340387146	0.0822179025766497
CCTAGCT	5238	1.28567980871249	0.0562056016549682
CCTAGGA	6355	1.11756293018752	0.0543590017892087
CCTAGGC	4363	1.25774397643923	0.0767110186533149
CCTAGGG	4386	1.29309900347103	0.0920695910667907
CCTAGGT	4351	1.57017574687121	0.121536536442145
CCTAGTA	2871	0.963263122513062	0.0800172493264621
CCTAGTC	4130	0.949748339059185	0.0790495240660649
CCTAGTG	4050	1.03862601354956	0.0974490042384761
CCTAGTT	4193	0.859615078470447	0.0942772560096706
CCTATAA	4491	1.04595123439072	0.180901988540863
CCTATAC	3040	0.858567672205877	0.165484794264259
CCTATAG	5021	0.93504848942445	0.0836602644341533
CCTATAT	3872	0.999820241157537	0.172380842842571
CCTATCA	4334	0.981819679119716	0.0844894357343954
CCTATCC	3756	0.911314851479123	0.135208097103513
CCTATCG	411	0.887157321131271	0.145730936165293
CCTATCT	5642	0.925435264747965	0.118523303127481
CCTATGA	4396	1.3703524412605	0.0916104114635907
CCTATGC	3323	1.23041756746185	0.11211668478723
CCTATGG	4586	1.34365851404903	0.13279472032517
CCTATGT	4760	1.28995422247091	0.130879318610278
CCTATTA	3607	0.956529477468123	0.207155027617093
CCTATTC	3926	0.818440410985688	0.185849783136547
CCTATTG	3218	0.853925680524789	0.163244469420794
CCTATTT	5803	1.0344608488895	0.268663304457853
CGAAAAA	1689	1.8997600448562	0.369441083451851
CGAAAAC	804	2.05850576936349	0.223967956099984
CGAAAAG	916	1.86025709384824	0.161047730844662
CGAAAAT	1014	1.6344437328503	0.232628855055105
CGAAACA	1048	1.9383816357462	0.12226976078458
CGAAACC	688	1.6998213986771	0.125436754435861
CGAAACT	702	1.65146976691998	0.136296915725889
CGAAAGA	1011	1.66546524062758	0.107191866232841
CGAAAGC	899	1.54731174650981	0.084851287087543
CGAAAGG	1416	1.28198540869708	0.0741703815184673
CGAAAGT	700	1.84593698188573	0.170109551373591
CGAAATA	649	1.26173199126616	0.167827675377262
CGAAATC	675	1.81975388381464	0.166836831357514
CGAAATG	919	1.97667743111025	0.165667880574506
CGAAATT	622	1.63488089553615	0.239068878848828
CGAACAA	775	1.87118457943749	0.138772110584264
CGAACAC	821	1.40399053474183	0.0590757856660188
CGAACAG	737	0.848723432304382	0.0458270304985462
CGAACAT	660	1.25752591586	0.0616161778128937
CGAACCA	644	1.11958842399908	0.0679928913246086
CGAACCC	775	1.62338707966771	0.0870476802993306
CGAACCT	650	1.53854705741918	0.0858829506996733
CGAACTA	416	2.09769413815568	0.106259384010303
CGAACTC	2287	1.48319623759468	0.0841721069586118
CGAACTG	624	1.15310632168221	0.0658570154835822
CGAACTT	739	1.35179302882139	0.0939875035825996
CGAAGAA	1215	1.76940744497801	0.0893838118180919
CGAAGAC	1010	1.22755810614431	0.0430175562684135
CGAAGAG	1092	1.16033528746027	0.0437637664448955
CGAAGAT	999	1.26697863094028	0.0414617784895009
CGAAGCA	1136	1.19615725207952	0.0450887244728603
CGAAGCC	1139	4.17744288076675	0.120832992669547
CGAAGCT	1149	1.7773198291856	0.0687154604062683
CGAAGGA	1195	1.15840006405039	0.0476289198788611
CGAAGGC	1026	1.59699524641687	0.0686338944934533
CGAAGGG	883	1.35604131719799	0.065961246652268
CGAAGGT	1040	1.6209226430267	0.0858616884923388
CGAAGTA	597	1.45149645306777	0.0783691767140513
CGAAGTC	721	1.61492929982972	0.0829357630853542
CGAAGTG	880	2.14183772983291	0.125302574245754
CGAAGTT	785	2.16879663986401	0.105480702474451
CGAATAA	811	1.44672069096586	0.160186897464283
CGAATAC	518	1.55118679315827	0.104264680147903
CGAATAG	451	0.939184627380473	0.0570485340455971
CGAATAT	613	1.40419897489696	0.10667111792285
CGAATCA	649	1.30995742861911	0.0718543102232305
CGAATCC	1022	0.893953858404763	0.0523725428339659
CGAATCT	779	1.40310806970577	0.0778093548123648
CGAATGA	866	2.29114666674587	0.132609283899355
CGAATGC	741	2.20939656533225	0.122212313836757
CGAATGG	1030	1.4191503579502	0.0823435716352009
CGAATGT	890	1.81795200329906	0.116049422828768
CGAATTA	614	1.23985023392242	0.112022484179548
CGAATTC	676	1.11842686638423	0.098083694629637
CGAATTG	693	1.0217772370456	0.0915230916525654
CGAATTT	833	1.59911685744138	0.158762973660254
CGCAAAA	600	1.68465779226144	0.156675134692903
CGCAAAC	716	1.68157590143158	0.105775895938666
CGCAAAG	753	2.32025995963486	0.103012459747623
CGCAAAT	538	1.71321996344934	0.145019824279787
CGCAACA	669	1.56864506140612	0.0748006548866187
CGCAACC	472	3.40998325367307	0.121070200447065
CGCAACT	387	1.10428347434267	0.0670547130340251
CGCAAGA	641	2.39674406706708	0.0790352598733512
CGCAAGC	704	1.85764423428173	0.0830443814620473
CGCAAGG	805	1.9650125163635	0.0789650999226624
CGCAAGT	557	1.571261066529	0.103504185236055
CGCAATA	418	1.44346345041563	0.0929610936624706
CGCAATC	333	2.03068482930014	0.0976039924531296
CGCAATG	568	1.52979986068333	0.0846073833862821
CGCAATT	379	2.31331396979878	0.142946866903437
CGCACAA	754	2.7120345402893	0.137142009948283
CGCACAC	2997	1.3249376917607	0.0677414290728037
CGCACAG	1395	1.20652689788162	0.0556330058367812
CGCACAT	1237	1.40293187647722	0.0694820426182388
CGCACCA	841	1.85987455185711	0.0974211345082647
CGCACCC	946	1.90340307490375	0.171762224257063
CGCACCT	847	1.61651433331762	0.147512017572799
CGCACGC	1464	2.13304671456193	0.209006557767487
CGCACGG	310	1.94673484484385	0.194835397557147
CGCACGT	360	2.43681574709328	0.211497215785454
CGCACTA	382	0.968845010621305	0.0712148304109979
CGCACTC	706	1.54773728111866	0.100152989307593
CGCACTG	983	1.26062345485034	0.110648019981039
CGCACTT	671	1.82723140737666	0.136687503110625
CGCAGAA	1137	1.52279455334978	0.0679563550262541
CGCAGAC	1083	1.55591130750837	0.0492285022893214
CGCAGAG	1642	1.05602804905519	0.0465145657222099
CGCAGAT	846	1.15200551832498	0.0429852599462642
CGCAGCA	1505	1.35927521199985	0.0532139757047667
CGCAGCC	1436	2.99716782005816	0.118132187119315
CGCAGCG	421	1.53975828030818	0.0861803600333171
CGCAGCT	1417	1.79843626554261	0.0743347908644963
CGCAGGA	1162	1.22375757748462	0.0611636898443489
CGCAGGC	1425	1.95864975279932	0.113187153579138
CGCAGGG	1223	1.41590749787114	0.104429445167209
CGCAGGT	1022	1.37821178274738	0.121036918528087
CGCAGTA	592	2.25828923627329	0.100286792172348
CGCAGTC	881	1.72713294411941	0.0892418463257431
CGCAGTG	1065	1.74565914926194	0.129682960955803
CGCAGTT	791	1.493423738306	0.0890128389354285
CGCATAA	483	1.81564917536122	0.119841110478011
CGCATAC	649	1.10885580090337	0.0736314386097802
CGCATAG	491	1.30975786402363	0.0679043589487777
CGCATAT	595	1.75735704325138	0.127691229505696
CGCATCA	657	0.885819541163309	0.0484487241363666
CGCATCC	785	1.57183250757924	0.0926585460644504
CGCATCT	978	1.43499116572827	0.0869160191518414
CGCATGA	697	1.24697391057307	0.0737833361465498
CGCATGC	1663	1.71372101107131	0.126382645537129
CGCATGG	792	1.38947714247049	0.106177524508578
CGCATGT	1130	1.79972614516549	0.122221180160011
CGCATTA	495	1.54281941189191	0.106345916011377
CGCATTC	799	1.63657544224476	0.110029520532848
CGCATTG	534	1.27343658610785	0.0866096258968807
CGCATTT	765	2.43924298530385	0.143296385156816
CGGAAAA	1089	2.64172860763547	0.236519240536672
CGGAAAC	880	3.37267887626349	0.196596941516904
CGGAAAG	1115	2.71493659367518	0.134312173437076
CGGAAAT	858	2.52549076274221	0.165451908388029
CGGAACA	888	1.21252458388082	0.0524803891314703
CGGAACC	847	1.78868543788634	0.070622702575466
CGGAACT	890	2.01994391228811	0.0861951074872513
CGGAAGA	1637	1.40631113621993	0.053388303594008
CGGAAGC	1318	1.88983738462663	0.0834046349282839
CGGAAGG	1494	1.91174867298454	0.0801658299511526
CGGAAGT	926	2.64047818216364	0.1418907695092
CGGAATA	528	1.41127944410881	0.0874915083478268
CGGAATC	684	1.84872674153984	0.0780141690425646
CGGAATG	841	3.22069094982283	0.151787862726687
CGGAATT	641	1.67190921112096	0.0953321245062145
CGGACAA	588	2.29512934204628	0.14926719952517
CGGACAC	932	1.53380069117434	0.0736021142769028
CGGACAG	1101	1.23920550859764	0.0702103254872148
CGGACAT	705	1.28793556775739	0.0780716092111625
CGGACCA	678	1.25897831560247	0.0750897514585197
CGGACCC	650	2.06394789687631	0.158107809905639
CGGACCT	773	1.3200118455581	0.121322716927354
CGGACGG	303	2.08387122227951	0.280954101882401
CGGACTA	348	1.0201804864218	0.0982492737901724
CGGACTC	719	1.91668660290599	0.158621289816395
CGGACTG	802	2.0187722558011	0.183532551709104
CGGACTT	636	1.85355238232866	0.154598885001138
CGGAGAA	1319	1.71642962713833	0.0810495622824033
CGGAGAC	1124	1.25352715889922	0.0550975460857313
CGGAGAG	1492	1.38160553750303	0.0742443336195687
CGGAGAT	870	1.86043110711923	0.0680312906765512
CGGAGCA	1226	1.12316638559913	0.0483860378284302
CGGAGCC	1509	1.8707471126079	0.0949135073520135
CGGAGCG	400	2.71327387595314	0.150930124888078
CGGAGCT	1828	1.08320959054068	0.070252624206629
CGGAGGA	1849	1.22295868317543	0.061574805773943
CGGAGGC	1526	2.20441142272335	0.166204539517682
CGGAGGG	1466	1.5175507651255	0.154603516763476
CGGAGGT	1059	2.37435292590774	0.267770535121212
CGGAGTA	477	1.50664321621	0.0893941423780023
CGGAGTC	940	1.79670447123302	0.134124577718919
CGGAGTG	943	2.28797413633357	0.235844845265681
CGGAGTT	931	2.90556357968555	0.168861442469988
CGGATAA	649	1.07930950608651	0.10296436710402
CGGATAC	407	1.61565931966952	0.0925313674576325
CGGATAG	443	4.68855872816611	0.182300746327308
CGGATAT	551	2.42528198555506	0.170351316451067
CGGATCA	579	1.23764756734583	0.0648507500994873
CGGATCC	841	1.36889518748383	0.0876551068705527
CGGATCT	789	1.72083243229658	0.0995284550216807
CGGATGA	826	1.96022107595771	0.131462198860944
CGGATGC	932	1.49078150355302	0.11774454932936
CGGATGG	1229	1.78433225597385	0.163132617819435
CGGATGT	811	2.38269768794646	0.211445076126213
CGGATTA	395	1.5605461522975	0.107740781456492
CGGATTC	644	1.79225396150302	0.113202347501871
CGGATTG	477	1.93966136028117	0.128895166854837
CGGATTT	1387	2.03544894786644	0.132209510774003
CGTAAAA	890	1.6852155614491	0.422489150484363
CGTAAAC	560	1.98665526999291	0.332930826723535
CGTAAAG	703	1.93147939824453	0.19609693028471
CGTAAAT	654	1.68281153201433	0.317266825687082
CGTAACA	596	1.7671808834839	0.181325127091804
CGTAACC	405	1.91919551059334	0.268082958595893
CGTAACT	608	1.38005782327901	0.234712745022435
CGTAAGA	799	2.14115086334328	0.184796262634255
CGTAAGC	531	1.60812073734796	0.142708222030302
CGTAAGG	539	1.59427946426138	0.166093901054046
CGTAAGT	649	1.43879122806969	0.216283147825005
CGTAATA	498	1.39099774536885	0.295743307197698
CGTAATC	410	1.98998717741287	0.268593827163946
CGTAATG	706	1.47673675352212	0.237767788957228
CGTAATT	634	1.74224433819376	0.381092237010109
CGTACAA	604	1.24183266999638	0.109358733572841
CGTACAC	862	1.6958641981826	0.10001905632763
CGTACAG	674	1.24187819364115	0.0665537665684068
CGTACAT	822	1.18235205520257	0.0913421906566571
CGTACCA	520	1.88964361827654	0.0999662373763075
CGTACCC	572	1.41859894407014	0.133169663809252
CGTACCT	598	1.41919009204979	0.132818114510235
CGTACTA	310	0.857316821804207	0.0977914891740672
CGTACTC	457	1.02101950975473	0.119722748743223
CGTACTG	540	1.29704688771374	0.137601272867047
CGTACTT	654	1.41915510704349	0.158423055518668
CGTAGAA	786	1.43812714523027	0.082849602641166
CGTAGAC	602	1.22251669147634	0.0488373111472951
CGTAGAG	680	1.15342122066143	0.0433563758764126
CGTAGAT	633	1.44131142444577	0.0589319150984187
CGTAGCA	722	1.47798024522021	0.0621876797528229
CGTAGCC	695	1.25226009726564	0.063588501885697
CGTAGCT	778	1.44666921205825	0.0641836335489773
CGTAGGA	720	1.57162850523189	0.0731176769578037
CGTAGGC	628	2.21279790138958	0.117914309877205
CGTAGGG	519	1.43802467770935	0.102329737521326
CGTAGGT	737	1.72400981652508	0.133834889786702
CGTAGTA	457	0.996640195862383	0.0851932762827651
CGTAGTC	487	1.43970583529994	0.0989555556383404
CGTAGTG	550	1.38492812686692	0.11790517059991
CGTAGTT	582	1.03490315837684	0.0842651271696503
CGTATAA	612	0.935365751818314	0.17257889895798
CGTATAC	538	0.951773940473876	0.146714501730594
CGTATAG	436	1.14744046260029	0.0707102804644155
CGTATAT	946	1.27636661603728	0.179044758224111
CGTATCA	575	0.940360098641912	0.079420994952193
CGTATCC	521	1.03537916049656	0.0961645904591778
CGTATCT	796	0.958333936954329	0.0835830360690844
CGTATGA	620	1.27321805569017	0.0947224693853483
CGTATGC	630	1.55903133481887	0.118301467152961
CGTATGG	535	1.37171916483556	0.153898460187814
CGTATGT	1072	1.90437063000431	0.150208615198389
CGTATTA	598	0.957585418872012	0.16483926159151
CGTATTC	568	1.03074153582036	0.163501238037648
CGTATTG	488	1.20722121596888	0.146357424028969
CGTATTT	1262	1.28114622292954	0.244795263460177
CTAAAAA	9557	1.63284606631724	0.421120840704162
CTAAAAC	6842	1.90040901532495	0.291424488405919
CTAAAAG	7251	1.79282981699068	0.177627749617065
CTAAAAT	9448	1.47766748568484	0.343931158783006
CTAAACA	7974	1.72590295426927	0.176816865285693
CTAAACC	4795	1.70189231392887	0.203087739692314
CTAAACG	665	1.51614848589047	0.250342871802794
CTAAACT	5308	1.52664255593824	0.245246284659952
CTAAAGA	8083	1.8751163616022	0.154805412707441
CTAAAGC	4923	1.70846311100374	0.133882323266528
CTAAAGG	6094	1.80283481470951	0.1256524811864
CTAAAGT	5336	1.60134966873556	0.214862269434715
CTAAATA	7320	1.40961255721338	0.304816885406348
CTAAATC	4340	1.68257276390714	0.242309923642105
CTAAATG	6197	1.54987181297964	0.240642974378455
CTAAATT	6332	1.53222983047919	0.377842733468321
CTAACAA	5457	1.30138620863707	0.100417699221723
CTAACAC	4529	1.10167650440772	0.0664521903278469
CTAACAG	5785	1.04902249342031	0.0542032971686144
CTAACAT	4913	1.22633343777836	0.0841868359247632
CTAACCA	5773	1.32207016582448	0.0884037117897492
CTAACCC	3972	1.56733540626197	0.138609536537692
CTAACCG	634	1.26021554495854	0.0961553870760417
CTAACCT	4520	1.43862459699645	0.118065453147147
CTAACGA	750	1.22036064919974	0.0902366734744332
CTAACGC	536	1.74447181987258	0.148330385006602
CTAACGG	536	1.40486770504632	0.122770130538031
CTAACGT	771	1.77043424115899	0.155636458257287
CTAACTA	4388	1.04569404781141	0.108682120625222
CTAACTC	4878	1.14824585639911	0.110575601532172
CTAACTG	4692	1.09972889970788	0.106867177212524
CTAACTT	5144	1.31886679987835	0.149321347341318
CTAAGAA	8543	1.55813812271523	0.0778957224976652
CTAAGAC	5708	1.03394867652157	0.0462275396471562
CTAAGAG	6368	1.18202933751778	0.0494461181813882
CTAAGAT	5909	1.13251739667965	0.0516182191930905
CTAAGCA	6041	1.20488308281957	0.0493883319466651
CTAAGCC	4696	1.47388465824388	0.0720584350657519
CTAAGCG	516	1.27989521002958	0.0807118852872349
CTAAGCT	5146	1.50774978200957	0.0667039627481367
CTAAGGA	6779	1.45835613269023	0.0671603887661154
CTAAGGC	4141	1.22022558167434	0.0669597527435998
CTAAGGG	4040	1.4858054185957	0.0890645748743656
CTAAGGT	4353	1.74339373063321	0.106805414083031
CTAAGTA	4556	1.28461865331238	0.0845168255156858
CTAAGTC	4015	1.34651147843382	0.0956304362029664
CTAAGTG	5385	1.26070309048214	0.107799779208323
CTAAGTT	5618	1.23549316935113	0.108793418814409
CTAATAA	6304	1.12854524530156	0.148435084338162
CTAATAC	3406	0.927879733236532	0.0960633638215332
CTAATAG	3547	0.945173879080021	0.0723214205364416
CTAATAT	6420	1.16254387617985	0.139236532143543
CTAATCA	3657	1.14210456455045	0.0754626295536595
CTAATCC	3380	1.05791905688504	0.0844662489657311
CTAATCG	409	1.11970344246399	0.0870823467118553
CTAATCT	4441	1.25098408808584	0.0930970703973792
CTAATGA	5556	1.26900160125359	0.0828360996710988
CTAATGC	3394	1.2724333234572	0.0958592521047529
CTAATGG	3929	1.42907084306203	0.099050530798862
CTAATGT	4788	1.39317050729282	0.110329371700696
CTAATTA	5532	1.26124474375508	0.163898428554049
CTAATTC	4538	1.07521159172266	0.140215968884382
CTAATTG	3966	1.41084741437111	0.132483295172683
CTAATTT	7681	1.12658954301447	0.208284942321007
CTCAAAA	12203	1.6966109171223	0.246693659293292
CTCAAAC	8084	1.41964044006974	0.125894987514096
CTCAAAG	10026	1.32300265499146	0.085650686797501
CTCAAAT	7599	1.52219344679159	0.158175523224367
CTCAACA	7768	1.4151074790573	0.0919808228222019
CTCAACC	4608	1.64236983178096	0.099836030839074
CTCAACG	791	1.82568284971552	0.147673299241572
CTCAACT	6154	1.34211266220394	0.105381362177023
CTCAAGA	8582	1.45283981207973	0.0714482265851249
CTCAAGC	5156	1.41834566123658	0.0726945592744148
CTCAAGG	7154	1.64011590318128	0.0747473574495233
CTCAAGT	6769	1.49159900423621	0.109840279037386
CTCAATA	5192	1.12433419507848	0.107079005976381
CTCAATC	3435	1.26621532861294	0.0849814514149159
CTCAATG	5541	1.34688963729052	0.106886404957163
CTCAATT	6668	1.45024287180883	0.157591521552358
CTCACAA	10263	1.11474998534985	0.057836041256313
CTCACAC	10465	1.10623203089509	0.0510150887846922
CTCACAG	13424	1.10709662546338	0.0413375883332526
CTCACAT	8327	1.19717400843284	0.0600069492766678
CTCACCA	8593	1.50133562406308	0.0831772600433855
CTCACCC	6698	2.16063950830418	0.162526568219795
CTCACCG	1158	1.65956571359335	0.127802676215666
CTCACCT	8610	1.86147770822001	0.153455161403262
CTCACGA	1214	1.78778959367006	0.0784077420698085
CTCACGC	1155	1.7538238457822	0.111185944530352
CTCACGG	1585	1.98735512037483	0.142715126507658
CTCACGT	1650	1.44830218698937	0.107344797990554
CTCACTA	5921	1.28533265921456	0.0826468358378265
CTCACTC	9991	1.44273604470538	0.0938965255331392
CTCACTG	11428	1.65994362498315	0.12332979843952
CTCACTT	8795	1.66539445246782	0.12409222857662
CTCAGAA	16001	1.27637784158942	0.052518287392242
CTCAGAC	7352	1.0741437059656	0.0376877811825642
CTCAGAG	14179	0.975782132373213	0.0373706835992377
CTCAGAT	7751	1.1770050844913	0.0426539776775862
CTCAGCA	12582	1.22681800672948	0.0444460024211404
CTCAGCC	10863	1.857881018487	0.0824312166859988
CTCAGCG	1953	1.90435176121899	0.0932206868401914
CTCAGCT	13064	1.34140145924318	0.0616442781720197
CTCAGGA	13527	1.27162031304205	0.0524805395637701
CTCAGGC	8006	1.44160425521362	0.0843110147666292
CTCAGGG	10161	1.47599298140193	0.0928037171791624
CTCAGGT	8945	1.47020556491531	0.101809005015199
CTCAGTA	6691	1.17060395152113	0.0556437409319993
CTCAGTC	7568	1.52496662528195	0.0844732294422985
CTCAGTG	12903	1.59383665511043	0.117083282717138
CTCAGTT	9050	1.61025144024606	0.0958901971453616
CTCATAA	5729	1.20827229157851	0.103586488229591
CTCATAC	4410	1.16263405634962	0.0962645518896928
CTCATAG	5633	0.941862837823228	0.0537867638743251
CTCATAT	5901	1.49751771975679	0.146596769451765
CTCATCA	6752	1.15629184054529	0.0610542172068162
CTCATCC	6067	1.33393901963168	0.0858149513285259
CTCATCG	968	1.40088954504764	0.0789616664686969
CTCATCT	8798	1.25237278887672	0.0868759205967021
CTCATGA	6810	1.35631761949261	0.0669049984165256
CTCATGC	5684	1.30753661877758	0.085255774478907
CTCATGG	7759	1.42902162958679	0.094571423346463
CTCATGT	7245	1.57469581442735	0.107339097054015
CTCATTA	6568	1.23082298726999	0.099730927486259
CTCATTC	7236	1.43511136466766	0.118401498242169
CTCATTG	6233	1.36304258303506	0.100666410650434
CTCATTT	11030	1.53555597109114	0.153797332434041
CTGAAAA	12427	1.82737313412962	0.15898178328959
CTGAAAC	8527	1.67219256367259	0.102694313759251
CTGAAAG	10275	1.52505900256497	0.0774682791839044
CTGAAAT	9685	1.49477038475955	0.121309640199553
CTGAACA	8712	1.58960556097075	0.0804694521674257
CTGAACC	6466	1.38028219781849	0.076044026385451
CTGAACG	1120	1.69223657370974	0.113060910561958
CTGAACT	8302	1.47820832877927	0.083220769661752
CTGAAGA	13581	1.44626449386131	0.0598531188502968
CTGAAGC	8581	1.53470195856343	0.0661294991580192
CTGAAGG	10043	1.58681685614922	0.0661894855501284
CTGAAGT	8792	1.63453486254043	0.106517170944129
CTGAATA	7044	1.51980888810916	0.106252949335054
CTGAATC	5365	1.33088393728288	0.0819434537684639
CTGAATG	7534	1.76868448374137	0.127408177096238
CTGAATT	8310	1.78143153530024	0.142694041309111
CTGACAA	6798	1.45094803656202	0.0752095799713224
CTGACAC	7321	1.4001783837911	0.059014690534803
CTGACAG	8866	1.31968687377809	0.0513055417087605
CTGACAT	7292	1.2593919321651	0.0606467588156423
CTGACCA	7125	1.74637482952704	0.0925305107357392
CTGACCC	6165	1.97351942316862	0.140331384669256
CTGACCG	996	2.17915111127292	0.130445620506874
CTGACCT	9742	1.84543854565502	0.139407047920686
CTGACGA	881	1.72712759129053	0.0791763661836225
CTGACGC	977	2.18340047885759	0.181014150989613
CTGACGG	901	1.95505418647955	0.166615495756366
CTGACGT	1104	2.08214948440727	0.196900097540204
CTGACTA	5198	1.36359489592199	0.109101956878187
CTGACTC	8031	1.55292693771196	0.128004546106411
CTGACTG	10611	1.67985911060232	0.142767798085286
CTGACTT	9505	1.76364263290691	0.156465691981099
CTGAGAA	13915	1.72765348645347	0.0731463727390643
CTGAGAC	8764	1.28789355345995	0.0497224558419817
CTGAGAG	11826	1.44891938847023	0.0633379022540883
CTGAGAT	10836	1.20596549810129	0.0495538027511114
CTGAGCA	10732	1.34277429827153	0.0513096332936747
CTGAGCC	12523	1.78426142447719	0.0805223864704909
CTGAGCG	1403	2.65901213464641	0.136078242887911
CTGAGCT	11523	1.71306670360568	0.0720721187821092
CTGAGGA	12339	1.60142575905096	0.0746890474079728
CTGAGGC	10127	2.00002155319948	0.145184472121129
CTGAGGG	8487	1.87187633708327	0.179959886788506
CTGAGGT	8802	2.38442775061651	0.236012836106922
CTGAGTA	6499	1.30311086894148	0.0781768056265565
CTGAGTC	7715	1.73636137958066	0.125606770219624
CTGAGTG	10203	1.98637537208116	0.198934214188573
CTGAGTT	15007	1.77697899337721	0.12442338221851
CTGATAA	6510	1.40187019101223	0.0954408189807408
CTGATAC	4407	1.40647673293666	0.0898639738803628
CTGATAG	5172	1.27784204747939	0.0622107512345234
CTGATAT	6029	1.59362090170747	0.11791017076648
CTGATCA	4756	1.2757527865271	0.0576025319983302
CTGATCC	4711	1.31380948775045	0.0717366775224261
CTGATCG	604	1.66168864546517	0.0831431109074494
CTGATCT	7329	1.52388172575282	0.0798856016763162
CTGATGA	7624	1.58152397354252	0.0751464802476652
CTGATGC	6926	1.85192109689927	0.108082551669752
CTGATGG	7118	1.99999866299924	0.120230744751587
CTGATGT	7076	1.84995506358867	0.142378602582701
CTGATTA	5281	1.58030660705664	0.0997242441809092
CTGATTC	5786	1.67482387067516	0.107204473696094
CTGATTG	5104	1.73499616104172	0.115283503624868
CTGATTT	10301	1.93737277547057	0.143713854978631
CTTAAAA	12023	1.57273687362392	0.496887662241758
CTTAAAC	4834	1.62810477114909	0.32695054553176
CTTAAAG	8037	1.80089495594591	0.21716482338661
CTTAAAT	7418	1.43333007374284	0.363499801856517
CTTAACA	5433	1.80436545610223	0.259070349575573
CTTAACC	4600	1.58512825826709	0.357699988464969
CTTAACG	592	1.30667136971303	0.35851248389602
CTTAACT	5826	1.21843038128624	0.331116115505199
CTTAAGA	6287	2.17414278357909	0.215819828529176
CTTAAGC	3594	1.71801820038912	0.215416978498641
CTTAAGG	4381	1.67982509932844	0.213959558878201
CTTAAGT	5126	1.35962304370382	0.277710305082272
CTTAATA	5734	1.20670582149777	0.335393972607698
CTTAATC	4259	1.55129350292554	0.296124639646072
CTTAATG	5098	1.36683567353961	0.339748930247703
CTTAATT	7190	1.24651472301519	0.40018518775258
CTTACAA	6075	1.27766183943384	0.140390561391796
CTTACAC	4877	1.22637782924263	0.110740383281385
CTTACAG	8643	1.23480764700003	0.0740696710620161
CTTACAT	6702	1.36996264965108	0.128443045696234
CTTACCA	4836	1.68428830768246	0.13055961568764
CTTACCC	4037	1.35218473174232	0.173717656984666
CTTACCG	678	1.32621861408654	0.199323916298327
CTTACCT	5650	1.49480372503217	0.193830426840216
CTTACGA	573	1.32541111149794	0.099906727331802
CTTACGC	403	1.46357792918908	0.165280994522257
CTTACGG	633	1.92822554711909	0.172591970341859
CTTACGT	912	1.76344738385339	0.190362389585478
CTTACTA	4182	1.04772964723735	0.153117577789901
CTTACTC	4607	1.0515876442933	0.153794591412971
CTTACTG	6480	1.01539616819609	0.16741562698356
CTTACTT	6330	1.09684589217114	0.192187227083593
CTTAGAA	9101	1.50542159313269	0.0966936296076881
CTTAGAC	3657	1.23712433159298	0.0670913387149143
CTTAGAG	6112	1.15299514282463	0.0504643669042602
CTTAGAT	5038	1.28047229580101	0.0702547119500847
CTTAGCA	6069	1.52752542247593	0.0612974436014104
CTTAGCC	5207	1.4429493024585	0.0831481983311608
CTTAGCG	612	1.67631471130022	0.121386605318838
CTTAGCT	6416	1.53863009816367	0.0781354937359993
CTTAGGA	6448	1.47019115295944	0.0742909035797073
CTTAGGC	3762	1.37846431454937	0.0938242434793847
CTTAGGG	4505	1.59386520103527	0.122357986946281
CTTAGGT	4676	1.38936814407957	0.131066930506212
CTTAGTA	4152	1.11368053475488	0.0947250101631874
CTTAGTC	4456	1.24277534150951	0.093759525610116
CTTAGTG	5355	1.1133912963073	0.113554313842624
CTTAGTT	6215	1.08916540797235	0.114178257481529
CTTATAA	6582	1.01820889977908	0.226085712116529
CTTATAC	3489	0.854664197792308	0.207279500519253
CTTATAG	4798	0.89399153489451	0.117688077279144
CTTATAT	6656	1.12176904556533	0.242436618043846
CTTATCA	5288	1.38385198104426	0.119458941705817
CTTATCC	3406	0.941791117774239	0.146647973689565
CTTATCG	454	0.73112738560367	0.127145043624724
CTTATCT	6432	1.01755740637478	0.140365621980973
CTTATGA	4948	1.36008480248011	0.116835443956231
CTTATGC	3271	1.14762239959478	0.132394775542135
CTTATGG	4065	1.36864879528085	0.154929480868785
CTTATGT	5654	1.43587044730907	0.165138195005251
CTTATTA	5528	1.03016402819761	0.221335725174376
CTTATTC	5285	0.863781682186308	0.222281477991868
CTTATTG	4751	0.904313427587853	0.203525799037811
CTTATTT	11476	1.07898991513611	0.320989944112374
GAAAAAA	20781	3.08483336763544	0.825756302863196
GAAAAAC	9932	2.67382211686242	0.419734515054014
GAAAAAG	12075	2.88256253463431	0.362310572850184
GAAAAAT	13768	2.43032517492937	0.51792151852184
GAAAACA	15684	2.45286877627622	0.248139546161666
GAAAACC	7312	2.24373741027159	0.220048067165739
GAAAACG	1668	3.10166703412427	0.345820076309494
GAAAACT	9686	2.00778727190285	0.267281722871712
GAAAAGA	15422	3.26693245953811	0.299200955772668
GAAAAGC	8269	2.48315545981368	0.173118097723067
GAAAAGG	10434	2.37906036452087	0.160881102680515
GAAAAGT	8336	2.14548563094857	0.234372442629419
GAAAATA	15165	2.26420600520263	0.434382661044427
GAAAATC	7717	2.1777212461463	0.295999754695954
GAAAATG	15041	2.14601710446267	0.304364721483548
GAAAATT	10604	2.09514628721695	0.425245227386288
GAAACAA	12379	1.97056660360463	0.180914125617644
GAAACAC	7836	1.52422112738373	0.0886497008048969
GAAACAG	11260	1.45219722141589	0.0737689359561624
GAAACAT	8071	1.62863829375822	0.111846978553159
GAAACCA	8676	1.35250415928334	0.0793515592029374
GAAACCC	9018	1.55844157970914	0.0978096697072705
GAAACCG	1134	1.58908920990601	0.102588992040291
GAAACCT	6726	1.72822202701475	0.115010409265738
GAAACGA	1244	1.87459571750577	0.0991868113856306
GAAACGC	876	1.51052827921723	0.0984671693803185
GAAACGG	1397	2.5051309413521	0.155810363338653
GAAACGT	1238	1.83080541526429	0.134349138330262
GAAACTA	6713	1.39605733260659	0.146210138176369
GAAACTC	7264	1.60307148781176	0.134392541434386
GAAACTG	9791	1.29082545829837	0.11272733591252
GAAACTT	8224	1.58721522281898	0.177830999080186
GAAAGAA	24858	2.70115771724409	0.230141105113909
GAAAGAC	7783	1.46309651640682	0.0695634233212029
GAAAGAG	14806	1.47739438082605	0.0712683291140373
GAAAGAT	9716	1.35823327906654	0.0674547615262104
GAAAGCA	11994	1.40688280154021	0.0541146378142265
GAAAGCC	7136	1.92956268814526	0.0773725648708152
GAAAGCG	1105	1.46046253090885	0.0825046731048921
GAAAGCT	8002	1.45805349140965	0.0618903250568815
GAAAGGA	14844	1.51808178710299	0.0660092107443802
GAAAGGC	7833	1.4863219607175	0.0670634792380344
GAAAGGG	9734	1.68451456374501	0.0749296515683174
GAAAGGT	6578	1.50379133794128	0.0756574077552948
GAAAGTA	7542	1.50661884868807	0.0866194251605686
GAAAGTC	5766	1.58454969627117	0.0848541464895029
GAAAGTG	8134	1.56366229420427	0.0926618640544481
GAAAGTT	7010	1.6515849091524	0.112385590383841
GAAATAA	12430	1.54587343627823	0.19553062576904
GAAATAC	6195	1.46558702987079	0.145393222891609
GAAATAG	7244	1.42329763438748	0.113284198677717
GAAATAT	9290	1.58224696822367	0.188752098125563
GAAATCA	9383	1.45621621359249	0.0990777570176771
GAAATCC	7325	1.37479268682099	0.111161274356885
GAAATCG	912	1.47430479841407	0.127870276795121
GAAATCT	8505	1.35036630278209	0.11479331242631
GAAATGA	11641	1.59711271623226	0.0993418630224458
GAAATGC	7421	1.59156530563852	0.101125710955323
GAAATGG	9319	1.7925089833617	0.113075972072607
GAAATGT	11199	1.53299323991248	0.111186454366884
GAAATTA	9200	1.47902730502852	0.220190969274375
GAAATTC	7610	1.51994444512207	0.199633885639051
GAAATTG	6779	1.354704251189	0.147536836217161
GAAATTT	9423	1.5322184864287	0.273925310211657
GACAAAA	10123	2.07362561852366	0.264698322859435
GACAAAC	5099	1.73220252865688	0.114678790871799
GACAAAG	8857	1.43058083853449	0.0833488893386165
GACAAAT	7150	1.79128684878067	0.159753703147099
GACAACA	6382	1.38557227339184	0.0737879095453934
GACAACC	3908	1.27063950708875	0.0620404418226638
GACAACG	812	1.47492509758345	0.0979933843945102
GACAACT	5134	1.34006494225294	0.0896677814377314
GACAAGA	7191	1.2235724591153	0.0574834100028293
GACAAGC	4534	1.06518581604086	0.0471307418908162
GACAAGG	7474	1.1235404704754	0.050287298838585
GACAAGT	4837	1.14908258499906	0.0700361811527329
GACAATA	4319	1.62731522491075	0.130289021279642
GACAATC	2964	1.29952363265478	0.0696473038537393
GACAATG	5498	1.36607466741391	0.0887788653613895
GACAATT	4545	1.84310340188905	0.155706970701736
GACACAA	7805	1.09151996178016	0.0528937972658869
GACACAC	10701	0.814427822033206	0.0297900121354375
GACACAG	11252	0.952710944127545	0.0341671498386443
GACACAT	7577	1.0690335793321	0.0486684572572587
GACACCA	7178	1.35784094485108	0.0520170391915457
GACACCC	4396	1.35616736775492	0.0800388748416602
GACACCG	1159	1.87792960923341	0.0994929373612714
GACACCT	4831	1.31908209754188	0.083282159853571
GACACGA	1083	1.09643363644505	0.0435798750639431
GACACGC	1101	1.43630654247471	0.0707502239934827
GACACGG	1525	1.35513556088092	0.0794322084686066
GACACGT	1196	1.08495415674	0.0642489419200504
GACACTA	4772	1.06470947677029	0.0548386419787837
GACACTC	4474	1.23538644032924	0.0639083739535322
GACACTG	8544	1.27969401857618	0.0658398463699495
GACACTT	6007	1.3029210662492	0.0807032932527321
GACAGAA	10735	1.20096025408583	0.0481677155622474
GACAGAC	10124	0.720899940402047	0.0221443035582891
GACAGAG	14130	0.820732403780153	0.0298168870524984
GACAGAT	7778	0.808194452245189	0.0299158236230813
GACAGCA	10230	0.816910428234962	0.0262354660591868
GACAGCC	9120	0.993318289577047	0.0338529820502102
GACAGCG	1322	1.20854237114494	0.0518076275495166
GACAGCT	9234	0.797230141224371	0.0319623908248055
GACAGGA	10032	0.865573108732844	0.0340591129001064
GACAGGC	6089	1.25783350913814	0.0543341299584341
GACAGGG	10665	1.30786174737163	0.0554811821947264
GACAGGT	5701	1.16688386535495	0.0590653158801186
GACAGTA	4416	0.975305811193511	0.0365671877648803
GACAGTC	4858	0.934392097335254	0.040523766084638
GACAGTG	8032	1.23635860268809	0.0575601644343983
GACAGTT	5944	1.44044585247973	0.0552191305584559
GACATAA	5214	1.22135418807217	0.0889912722377193
GACATAC	3809	1.09538360240838	0.0627913288380238
GACATAG	5243	0.773759282111637	0.0433969341970071
GACATAT	4571	1.20897122195795	0.0923564591336112
GACATCA	6798	0.902568039570909	0.0412318044731575
GACATCC	4262	0.952154848528097	0.0509242814673483
GACATCG	778	1.57486903437745	0.068354908241264
GACATCT	6770	0.964199091550116	0.0577562315274178
GACATGA	5871	1.09826704626172	0.0427094910284286
GACATGC	4328	1.01946048162845	0.053596787831934
GACATGG	6649	1.13494868364655	0.0620312985998518
GACATGT	5387	1.33476698020987	0.0704899803125425
GACATTA	4673	1.2410285706128	0.0788451224011343
GACATTC	4851	1.40495321248162	0.0783494388366043
GACATTG	5114	1.21323444737057	0.0717669071248334
GACATTT	9238	1.51545040197272	0.110717561283772
GAGAAAA	16379	2.25914668133385	0.19222616945853
GAGAAAC	11973	1.41746564813643	0.075846380252554
GAGAAAG	19092	1.54555175704102	0.073690040520728
GAGAAAT	10962	1.83025833750206	0.107040212824632
GAGAACA	10637	1.082367190087	0.0433507777156296
GAGAACC	5778	1.72727747732049	0.0558673332080813
GAGAACG	1399	1.36083205123554	0.0624689173202057
GAGAACT	8015	1.17172109358258	0.052491927938027
GAGAAGA	14461	1.10807103487794	0.0424954066654184
GAGAAGC	8842	1.16858214647348	0.0393992479048259
GAGAAGG	12552	1.13847182430217	0.0402530491598848
GAGAAGT	7423	1.32508813859831	0.0556119848401833
GAGAATA	6734	1.2016080565955	0.0647149882409758
GAGAATC	5562	1.28230512131347	0.0524232638729885
GAGAATG	8588	1.14842577332593	0.052641990325077
GAGAATT	8042	1.5445893587521	0.0876479881692922
GAGACAA	9688	1.14846516286027	0.0534010545533199
GAGACAC	8257	0.886734839105487	0.0296609362523157
GAGACAG	20240	0.837392516822649	0.0288460879248934
GAGACAT	7497	0.890938000671963	0.034328342048584
GAGACCA	7245	0.959996994503213	0.0382194309775409
GAGACCC	6474	1.38347996286737	0.0598523290434294
GAGACCG	1109	1.69095188761069	0.0654897901397198
GAGACCT	6286	1.17423576825379	0.0505603950820256
GAGACGA	1180	1.02084526541076	0.0405050899489006
GAGACGC	925	1.23646258815855	0.0646431992787136
GAGACGG	1518	1.53259482356006	0.085985848691475
GAGACGT	1041	1.79273070679821	0.0863583043027239
GAGACTA	5840	1.06748572138787	0.0484863843791486
GAGACTC	5841	1.1303957348351	0.0490583374480271
GAGACTG	9452	1.1391803895379	0.0527295752557606
GAGACTT	6898	1.16997774313901	0.0556106078087724
GAGAGAA	16709	1.38601648144663	0.0646918660676051
GAGAGAC	10360	1.03033307744579	0.0356884651593958
GAGAGAG	58153	1.49814560263604	0.0593424825078546
GAGAGAT	10660	0.966691584091849	0.03950552185319
GAGAGCA	9735	0.85226888212239	0.0318542376850066
GAGAGCC	6220	1.10786159419728	0.0461059427113437
GAGAGCG	1565	1.75514641929353	0.0809238436059271
GAGAGCT	8392	0.907099774466241	0.0394827217294211
GAGAGGA	12676	1.07451532677988	0.0483780486474645
GAGAGGC	9479	1.40029620770473	0.0800879544692714
GAGAGGG	11813	1.52553809313266	0.100609023402588
GAGAGGT	7062	1.82633528080245	0.114873355842791
GAGAGTA	4778	0.88769801415476	0.0384364962850282
GAGAGTC	5259	1.06642896161448	0.0515577779610131
GAGAGTG	7584	1.23146568111704	0.0713113799333231
GAGAGTT	7048	1.26746582704371	0.0596592398864088
GAGATAA	6651	1.33022637466951	0.0654188192470368
GAGATAC	3863	1.14544900660995	0.0492306680588505
GAGATAG	6656	0.875216175262755	0.0381318356280736
GAGATAT	5631	1.47811294151134	0.0713858798709435
GAGATCA	5941	0.757051041691089	0.0284911515744083
GAGATCC	5368	0.846471653468861	0.0351508185463552
GAGATCG	741	1.22355504727528	0.0471274388009736
GAGATCT	7853	1.10205517347332	0.0414416110517724
GAGATGA	9095	0.967663856812883	0.0372010005843887
GAGATGC	6233	1.05097147048095	0.0463798544732772
GAGATGG	12521	1.1795526943369	0.0547598903405886
GAGATGT	6656	1.21222820764864	0.0563363584557674
GAGATTA	5241	1.1821644671832	0.0569348291409435
GAGATTC	5685	1.42109721790005	0.0549670023075893
GAGATTG	4953	1.0367329570021	0.0458419726773992
GAGATTT	7505	1.49579908267769	0.0731933225776693
GATAAAA	10606	2.28983087924356	0.573716457401305
GATAAAC	4815	2.21972432800934	0.328313272208046
GATAAAG	6120	1.95831959073415	0.238746062039884
GATAAAT	6819	2.05892876638262	0.430159789141497
GATAACA	5022	2.21604488165688	0.263260545928587
GATAACC	2795	2.11159735552423	0.300674256032999
GATAACG	624	1.9946729862842	0.360385377199515
GATAACT	4314	1.94416028654623	0.378606603061543
GATAAGA	5184	1.68073273050734	0.150954686802944
GATAAGC	2688	1.73552323210942	0.178889146106
GATAAGG	3833	1.89675032889101	0.224942009966975
GATAAGT	3869	1.73234860568344	0.275838180604337
GATAATA	5286	1.74159129543481	0.379934769339484
GATAATC	2793	1.94213194484188	0.265838171647225
GATAATG	5138	1.95297697494034	0.367056892078251
GATAATT	5298	1.84295778845703	0.42101339541392
GATACAA	5994	1.98175542187803	0.287896876729062
GATACAC	4072	1.48111845555464	0.129430957411653
GATACAG	6210	1.42753929123361	0.0900465175610077
GATACAT	5725	1.60761226715115	0.179738782590072
GATACCA	4065	1.67877114155293	0.12553917644388
GATACCC	2847	1.45201597043493	0.169641311198734
GATACCG	471	1.33612430680357	0.217117059905813
GATACCT	3762	1.2809711069769	0.189188355303114
GATACGA	456	1.14503015577783	0.107388318217671
GATACGC	370	1.7162784640114	0.178539370491307
GATACGG	549	1.52603593410093	0.155944360709275
GATACGT	574	1.36195976456235	0.153294976150334
GATACTA	2764	1.48839370147348	0.261585227040119
GATACTC	2644	1.35943066273688	0.235743119823835
GATACTG	4236	1.248507535019	0.230538298629953
GATACTT	4563	1.42179181419621	0.326869530157338
GATAGAA	6811	1.70997086601978	0.164832474524448
GATAGAC	3395	1.34650361206113	0.0735671556471672
GATAGAG	5733	1.06799400058254	0.052653275311109
GATAGAT	10390	0.93293116725186	0.0532036930244811
GATAGCA	4936	1.0780104487801	0.0641096735200308
GATAGCC	3262	1.63916780739694	0.0741119379417205
GATAGCG	453	1.81145230918371	0.152658610800176
GATAGCT	4073	1.08894854732382	0.0593105151868724
GATAGGA	4768	1.32224778229056	0.0730479269855831
GATAGGC	2526	1.22873622388517	0.0802682647132201
GATAGGG	3643	1.10843082388924	0.0735756603181229
GATAGGT	3223	1.1317616872688	0.0916352617493799
GATAGTA	3052	1.23714804318608	0.127094539870814
GATAGTC	2352	1.40083505998595	0.123038781495143
GATAGTG	3232	1.1044551527863	0.121104835242873
GATAGTT	3665	1.29733146577468	0.156459477891227
GATATAA	6046	1.57042634258169	0.320265108526233
GATATAC	3272	1.87529455242454	0.268038128055391
GATATAG	4543	1.19042883016524	0.143341476349351
GATATAT	6279	1.21033532189518	0.251787113566647
GATATCA	4344	1.38034136596207	0.153744646023814
GATATCC	3144	1.74970781085122	0.254202215157431
GATATCG	399	2.01117123869836	0.35047610488885
GATATCT	5407	1.57298152627073	0.253095593223287
GATATGA	4810	1.36146074911009	0.120575522801076
GATATGC	3279	1.21163595498146	0.138840593202315
GATATGG	4976	1.4540645833475	0.158235246858724
GATATGT	4777	1.39751916332425	0.154731002486401
GATATTA	6668	1.62721066401209	0.362257493925622
GATATTC	4483	1.70248076218001	0.343301230773707
GATATTG	4145	1.35019370321076	0.337252241763891
GATATTT	10272	1.89967828537069	0.459220272534242
GCAAAAA	7517	2.33016036759701	0.362486554631763
GCAAAAC	6226	1.86963451893293	0.177546020160652
GCAAAAG	6770	1.90694734697625	0.129078382960684
GCAAAAT	7490	2.24475712756894	0.240091156456841
GCAAACA	9208	1.39855800234372	0.081974362653465
GCAAACC	4592	1.58764317643659	0.0999978166634782
GCAAACG	1048	1.53229293581223	0.118011585462871
GCAAACT	5929	1.50352972535498	0.131988008647916
GCAAAGA	7945	1.73399986257533	0.096443120599091
GCAAAGC	6283	1.85092845163098	0.0948127369602334
GCAAAGG	7239	1.7180930367127	0.0769126678594257
GCAAAGT	5593	1.74503802893316	0.130344796114131
GCAAATA	6382	1.62351977910925	0.193481313800154
GCAAATC	4359	1.65564199101404	0.14510930941441
GCAAATG	7681	1.66399535678333	0.15457116224919
GCAAATT	6048	1.75012682053297	0.207142461394345
GCAACAA	5365	1.86618262007338	0.102767637224431
GCAACAC	3813	1.1143607693773	0.0449068214178273
GCAACAG	6677	0.990041204626453	0.0379296511632934
GCAACAT	4226	1.08028641512743	0.0495868369467431
GCAACCA	5660	1.17483913421084	0.0486860793073741
GCAACCC	3898	1.56604743853372	0.0697633581942573
GCAACCG	699	2.09629531062371	0.0959435267741957
GCAACCT	3494	1.35055491688388	0.0639758970890592
GCAACGA	566	0.927876243644282	0.0553153859634659
GCAACGC	598	1.74882786860699	0.0952592008881667
GCAACGG	747	1.40184632652427	0.0835471701949018
GCAACGT	705	1.55499545335288	0.0934415724306187
GCAACTA	2757	1.4053097760698	0.0777534882360665
GCAACTC	3618	1.38611425191802	0.0762525660057316
GCAACTG	4556	1.28634181554633	0.070787166102294
GCAACTT	4295	1.59544111799311	0.0926791085329338
GCAAGAA	7495	1.27311129523433	0.0650380384788226
GCAAGAC	4513	1.00486843551028	0.0360818894625817
GCAAGAG	7306	0.846531222609571	0.0329636105779173
GCAAGAT	5437	0.932911550487108	0.032599396312928
GCAAGCA	8861	1.19170998048974	0.0368553458332222
GCAAGCC	5766	1.35056630458094	0.0484378420663024
GCAAGCG	1051	1.63413658174251	0.071875365841453
GCAAGCT	6128	1.25056909779991	0.0452381244680939
GCAAGGA	6171	1.12706881072077	0.0393382249489583
GCAAGGC	5247	1.27870540655585	0.0506574958940842
GCAAGGG	5385	1.1894279179021	0.0543578858402
GCAAGGT	4407	1.24502278004595	0.0582436702166055
GCAAGTA	3691	1.46426193976557	0.0671827143739242
GCAAGTC	4081	1.45173565002808	0.0656709250858484
GCAAGTG	6040	1.54908659805866	0.0833957065126283
GCAAGTT	4981	1.29273190658337	0.0647553494882658
GCAATAA	4530	1.43752351225044	0.118353036854375
GCAATAC	2925	1.04361959254005	0.068665164501898
GCAATAG	3920	1.04433448461916	0.0481790499601818
GCAATAT	3677	1.40378084142384	0.100309207808527
GCAATCA	3998	1.03680306393564	0.052146227608446
GCAATCC	4058	1.11677243805278	0.0558973486322974
GCAATCG	600	1.31059995829767	0.0613211208931275
GCAATCT	4311	1.12186104856428	0.059454550910104
GCAATGA	5018	1.62621819002216	0.0851712703696692
GCAATGC	3525	1.39106003312278	0.0738920944022105
GCAATGG	5910	1.50786731678879	0.0765295435133933
GCAATGT	4728	1.91470140949995	0.0963499161608225
GCAATTA	3740	1.45910445535044	0.120484400424933
GCAATTC	3455	1.3633048056762	0.0981918263982307
GCAATTG	3287	1.23318696321852	0.0784067674678627
GCAATTT	5058	1.4609823996669	0.140850415522958
GCCAAAA	6231	1.70450019896789	0.142716911886379
GCCAAAC	4092	1.7448958672217	0.0969454968660964
GCCAAAG	5876	1.39112283052196	0.0678577222939
GCCAAAT	4704	1.79668750774602	0.134936709470055
GCCAACA	5582	1.09677630863093	0.0458150516976057
GCCAACC	3812	1.17959588637384	0.0554714140561963
GCCAACG	788	1.25129832714164	0.0634538965844983
GCCAACT	4369	1.31257685436479	0.0711755363025467
GCCAAGA	6840	1.20091270347958	0.0462944751592241
GCCAAGC	5300	1.41877250439418	0.0580350086896497
GCCAAGG	6899	1.39878508171595	0.0517211979711593
GCCAAGT	5133	1.84938664138454	0.0993422433312151
GCCAATA	3247	1.14244643564379	0.0622506744460437
GCCAATC	3474	1.00663247819792	0.0492343448878681
GCCAATG	4184	1.22323881256318	0.0678280685478533
GCCAATT	3123	1.693590539746	0.113543760156303
GCCACAA	5632	1.35835868189399	0.0642222175271267
GCCACAC	7241	1.31809390225861	0.0562726351232775
GCCACAG	9295	1.10340008174358	0.04403470002415
GCCACAT	6360	1.47140396755309	0.0652854203488984
GCCACCA	11171	1.51638455567643	0.0807907274996516
GCCACCC	4721	1.75537209423311	0.137756590437571
GCCACCG	1411	1.7653277676991	0.126509718504282
GCCACCT	6419	1.64481489003782	0.136050685102815
GCCACGA	1005	1.48499093736794	0.0667770493832226
GCCACGC	1324	2.10832702166771	0.151925393734356
GCCACGG	1567	1.91945888106142	0.147419223452326
GCCACGT	1471	1.6106702939961	0.126516897864932
GCCACTA	3548	1.254005224047	0.0748734953493003
GCCACTC	4601	1.6569600233057	0.105720643586541
GCCACTG	7632	1.67720864963041	0.107414415821334
GCCACTT	4908	1.7449771292929	0.118988694161482
GCCAGAA	8398	1.00516573939725	0.038065865031585
GCCAGAC	5098	0.941482739884488	0.030636064673072
GCCAGAG	10276	0.89932251284959	0.0351772746837215
GCCAGAT	4704	1.10090610496006	0.0372062319152746
GCCAGCA	9163	1.05758743330565	0.0360954883019501
GCCAGCC	12046	1.44397380578027	0.0622650827804956
GCCAGCG	1526	1.58725034258654	0.0736365524181942
GCCAGCT	7470	1.43293822405081	0.0604266441475928
GCCAGGA	8870	1.32600125886603	0.0536783417397651
GCCAGGC	8620	1.56385277228146	0.0903617850363823
GCCAGGG	11091	1.43669609259644	0.0863326175781044
GCCAGGT	6089	1.71073509150163	0.129123696248412
GCCAGTA	4144	1.15334668209059	0.0490076017377137
GCCAGTC	5065	1.39190598014314	0.0717011023009245
GCCAGTG	7786	1.5129887698636	0.100283163391333
GCCAGTT	4567	1.61034918721494	0.0845505861800724
GCCATAA	3363	1.3774410928433	0.0949205410749164
GCCATAC	2780	1.32007790103339	0.0824901495164087
GCCATAG	3833	1.08630374297848	0.0480691870102101
GCCATAT	4210	1.73154812277796	0.130044256461923
GCCATCA	6699	0.994724232206703	0.0526167069931757
GCCATCC	5676	1.32435593323838	0.0724580123227482
GCCATCG	880	1.77071341231325	0.0736884728674024
GCCATCT	11304	1.30915040866212	0.0724964702000501
GCCATGA	5902	1.29278964093652	0.0600279498329191
GCCATGC	5548	1.66080071592155	0.0997030165525743
GCCATGG	7396	1.64575666484595	0.100665437034607
GCCATGT	6552	1.86703703297529	0.116226348450573
GCCATTA	3803	1.45202732694725	0.0853145403357181
GCCATTC	5788	1.7562990075707	0.105809684634825
GCCATTG	5611	1.63401717928131	0.092455525880239
GCCATTT	7509	1.82372666083319	0.128905121719167
GCGAAAA	479	2.75478188806565	0.267179279757241
GCGAAAC	394	2.40059340739124	0.138397988316979
GCGAAAG	826	1.10780780620955	0.0638799679578189
GCGAAAT	432	1.37504399189549	0.134676539957657
GCGAACA	552	1.76213281140358	0.0684230354321378
GCGAACC	369	0.943273182788605	0.0551900823478802
GCGAACT	409	1.46806136449692	0.0752772612476861
GCGAAGA	750	2.6296278826105	0.0837326089182707
GCGAAGC	620	1.91231038395183	0.0795907050559954
GCGAAGG	890	1.31007823331935	0.0682987488602373
GCGAAGT	554	1.46679198750752	0.117180744471484
GCGAATA	387	0.99764744989305	0.117205134585293
GCGAATC	465	1.01790562956406	0.0656127542840125
GCGAATG	716	2.3192450521607	0.127590649187581
GCGAATT	517	1.60463705660105	0.146347556435986
GCGACAA	462	1.54138299024202	0.0982118295165336
GCGACAC	636	1.98513662695803	0.0815552226675788
GCGACAG	931	0.750469155696368	0.0418085240065433
GCGACAT	461	1.54117126367495	0.0730328325994541
GCGACCA	560	1.50988610055022	0.07937433538869
GCGACCC	670	1.56279389476724	0.129448876393509
GCGACCG	287	2.46264554498395	0.179423501576278
GCGACCT	613	1.72929425159773	0.117740710676966
GCGACTA	299	1.72330305709103	0.136855718893116
GCGACTC	599	1.83746546017225	0.150605334307675
GCGACTG	750	1.84850772776651	0.175388530711947
GCGACTT	558	1.18267323248106	0.112322137012987
GCGAGAA	1031	1.55030630524148	0.0958825683246392
GCGAGAC	570	1.31339385107498	0.0558507673296629
GCGAGAG	1215	1.78353418210742	0.0922419422252114
GCGAGAT	667	1.11793872371447	0.0545015254752103
GCGAGCA	1164	1.39380216134791	0.0527510555305306
GCGAGCC	861	1.51601835187057	0.0796928962474749
GCGAGCG	482	2.12108704248524	0.147288519538843
GCGAGCT	871	1.88190664069946	0.0867632339731999
GCGAGGA	1314	1.42666684634938	0.0870280995962614
GCGAGGC	1084	2.31241467959751	0.174156004280489
GCGAGGG	1043	1.96479101515344	0.212359593958667
GCGAGGT	770	2.38750227732329	0.281162942838471
GCGAGTA	426	1.19832796027693	0.0775549029911621
GCGAGTC	594	1.21924384887863	0.12392592549493
GCGAGTG	967	2.06033720245291	0.234599917412566
GCGAGTT	698	1.95678804062244	0.155494278434325
GCGATAA	424	0.909278523088469	0.0879703933410674
GCGATAC	283	1.64697098550149	0.0910412493260041
GCGATAG	411	1.35283969171956	0.0684464020403898
GCGATAT	353	3.48655430431445	0.171278778899846
GCGATCA	487	1.07685618593101	0.0563647239320862
GCGATCC	478	1.31918116008347	0.0730546045080594
GCGATCT	606	1.45559629419533	0.0827814117226383
GCGATGA	739	1.36585377459106	0.0824622374161427
GCGATGC	620	1.87068684954694	0.144553363301944
GCGATGG	937	1.38229032990747	0.110379617131546
GCGATGT	656	1.337369375957	0.134779230310098
GCGATTA	440	1.24787321755026	0.106430162656135
GCGATTC	499	3.51700495418571	0.190369180852181
GCGATTG	690	1.52066286051457	0.1062306968443
GCGATTT	624	1.12509894562178	0.112572264687147
GCTAAAA	5597	1.65569983101981	0.415886906680619
GCTAAAC	3328	1.68430853043514	0.330471869098385
GCTAAAG	5515	1.79415686430211	0.184995299133147
GCTAAAT	4479	1.48416201695474	0.347295624231056
GCTAACA	4223	1.61894246676575	0.190958284001656
GCTAACC	2887	1.66043100485553	0.290883935914811
GCTAACG	580	1.6471750025249	0.342740415558001
GCTAACT	3318	1.32116387634764	0.29637491454291
GCTAAGA	5853	2.08153757628382	0.160749562075743
GCTAAGC	3911	1.87441947845601	0.199994833809275
GCTAAGG	4572	1.68120346385046	0.186519000111935
GCTAAGT	3967	1.30645308556759	0.268211031713903
GCTAATA	4323	1.20940101832842	0.318379387695406
GCTAATC	2308	1.65116917314493	0.285287950572121
GCTAATG	4151	1.44965123676238	0.324188624705904
GCTAATT	3934	1.43185104831657	0.387117665999269
GCTACAA	4340	1.17644407807584	0.105663937872946
GCTACAC	5911	0.998108285334345	0.072071974531415
GCTACAG	7101	0.902697198323047	0.0466658290626948
GCTACAT	6325	1.17223887518955	0.094232527426291
GCTACCA	4139	1.22716890362892	0.0804941980155495
GCTACCC	2821	1.28566605353525	0.121186811004099
GCTACCG	570	1.22253884592018	0.123116590637042
GCTACCT	4024	1.30566390376477	0.123502232751697
GCTACGA	501	1.21652250013126	0.0914903244219934
GCTACGC	417	2.27666132296786	0.177674490061961
GCTACGG	645	1.8078771403565	0.144788399577141
GCTACGT	754	1.38345678935652	0.139828922208451
GCTACTA	2797	0.886541344752971	0.132146014997071
GCTACTC	3276	0.832143724381224	0.10721037735756
GCTACTG	5051	0.915315186351582	0.124311631026772
GCTACTT	4844	0.884066153046831	0.155745223822307
GCTAGAA	5288	1.11915734505171	0.0636484359664954
GCTAGAC	3106	0.929729591146978	0.0422589912853731
GCTAGAG	7157	0.851716354605604	0.0347474827252989
GCTAGAT	2957	0.912057818466674	0.0426864757317732
GCTAGCA	3933	1.10564861967297	0.0393056055303689
GCTAGCC	4221	1.40427585039003	0.0587808189741165
GCTAGCG	498	1.73797771895485	0.0793200409857351
GCTAGCT	4610	1.07538252714576	0.0468308417544808
GCTAGGA	5452	1.07674152980119	0.050140447719883
GCTAGGC	4161	1.23388437313089	0.0799723654309275
GCTAGGG	3970	1.18647877633185	0.0873070707110017
GCTAGGT	3203	1.38307324832144	0.112949569487475
GCTAGTA	2257	0.854140680110042	0.0768566851512588
GCTAGTC	2441	1.11379708588857	0.0749471007413138
GCTAGTG	3811	1.08119235779081	0.0951742903502995
GCTAGTT	3107	0.921229619756298	0.0978337588539594
GCTATAA	3974	1.06344589073583	0.174111842570606
GCTATAC	3944	1.0711228798504	0.161263164581822
GCTATAG	3397	1.07087993301977	0.0863872990370655
GCTATAT	4607	0.948871040860504	0.149790806049676
GCTATCA	3478	1.10016825530256	0.0855343952060769
GCTATCC	4108	0.992576377708133	0.110892162530473
GCTATCG	401	1.08600102848693	0.136276248584836
GCTATCT	4722	1.00734046938562	0.127411175413023
GCTATGA	5474	1.21172960875216	0.083539606967267
GCTATGC	3636	1.22964357998096	0.0989606126000528
GCTATGG	4438	1.45260813031156	0.132251086985887
GCTATGT	5000	1.26189663314394	0.114903665553393
GCTATTA	4785	1.04351879685852	0.229388502994312
GCTATTC	3298	0.860887877947951	0.187393327220669
GCTATTG	4055	0.954079775750769	0.166778528609493
GCTATTT	5934	1.10827147440803	0.263560113104645
GGAAAAA	14182	2.7314755113646	0.419749854896147
GGAAAAC	9084	1.86103654808064	0.154375251716797
GGAAAAG	11653	1.74394972254554	0.114993430509761
GGAAAAT	10825	1.92808944893047	0.217884243257676
GGAAACA	11344	1.44942137856703	0.0770950001295065
GGAAACC	6131	1.3703538466924	0.076419108373632
GGAAACG	1451	1.61100867895515	0.103646201310648
GGAAACT	8270	1.37424764828984	0.100493339075861
GGAAAGA	15141	1.78032508058862	0.0991415935867577
GGAAAGC	7530	1.60892156278153	0.073368943580014
GGAAAGG	12869	1.59403936416829	0.0657638395458604
GGAAAGT	7157	1.77209286586808	0.113957159488207
GGAAATA	8883	1.60619034066559	0.158350204065712
GGAAATC	6579	1.57456247375898	0.110733965624345
GGAAATG	11999	1.41991929992092	0.112264782280374
GGAAATT	7604	1.73299299055784	0.187377882670485
GGAACAA	8383	1.61924302506788	0.0872234549880993
GGAACAC	6638	0.995639190775289	0.040333882887878
GGAACAG	7886	0.957569224261276	0.035496352867826
GGAACAT	6058	1.16238494053137	0.0493655039583914
GGAACCA	6408	1.12681207664967	0.0483881931162743
GGAACCC	4436	1.34941238815554	0.0643667543568852
GGAACCG	1222	1.68276208740686	0.0673337560473843
GGAACCT	5449	1.39963900446895	0.0679025602327583
GGAACGA	879	1.59708965391676	0.0824333951742276
GGAACGC	1151	2.10875990447792	0.101706385501735
GGAACGG	1147	2.14785770162222	0.123949311569725
GGAACGT	995	1.53636924813629	0.094872948834083
GGAACTA	4351	1.24339907633542	0.0629879586913506
GGAACTC	9335	1.4062362144247	0.0692456371521948
GGAACTG	8429	1.18672139969432	0.0634612124676796
GGAACTT	6307	1.73334125476612	0.0918322524878034
GGAAGAA	15135	1.66691283105831	0.078747927513367
GGAAGAC	7795	1.15833842074675	0.0336286038309308
GGAAGAG	15723	0.922499018153344	0.0338844604430189
GGAAGAT	7819	1.04399426038592	0.0351305460477072
GGAAGCA	11357	1.25327425022386	0.0386454990005376
GGAAGCC	7343	1.5445607551494	0.0536382305580078
GGAAGCG	1231	2.31082495623126	0.0798874025636217
GGAAGCT	8626	1.54505390917626	0.0523482809941263
GGAAGGA	19632	1.43292328109283	0.0494468775653698
GGAAGGC	7689	1.52500978431199	0.0619679364364081
GGAAGGG	11654	1.33330647571086	0.060501008196358
GGAAGGT	7053	1.34929224990721	0.0610901856529763
GGAAGTA	5789	1.29868388409564	0.0620114679948216
GGAAGTC	6527	1.44223615706862	0.0648651415770254
GGAAGTG	8716	1.66944101305502	0.0914949660661014
GGAAGTT	6337	1.76775448123612	0.0807306158354571
GGAATAA	6274	1.44097772484199	0.118575104496713
GGAATAC	4049	1.13616546982572	0.0687400515630036
GGAATAG	5243	1.10665401797523	0.0548246327358548
GGAATAT	5505	1.43246106635047	0.0968308469635837
GGAATCA	5618	1.37287996765027	0.0629659144295056
GGAATCC	4357	1.33514366141166	0.0596296763822693
GGAATCG	782	0.917018737293297	0.0501452537832639
GGAATCT	6411	1.27515484978942	0.0596721722044305
GGAATGA	6757	1.96599734209106	0.0994770902868091
GGAATGC	4904	1.54365855214204	0.0779416253891084
GGAATGG	7635	1.82906413777646	0.0898102855277295
GGAATGT	6384	1.61255840111893	0.0893881642663339
GGAATTA	5472	1.44494426474448	0.10664852253212
GGAATTC	5573	1.41709532872771	0.0847641369118519
GGAATTG	6484	1.24309834190714	0.07629980244298
GGAATTT	8934	1.60527661012841	0.132632038165497
GGCAAAA	6789	2.36725356468584	0.201092405281783
GGCAAAC	4539	1.7951882732151	0.114335545451246
GGCAAAG	7530	1.51740178324719	0.0806346531015352
GGCAAAT	5782	1.78813318126682	0.138797143062891
GGCAACA	5024	1.52090789106919	0.0626064519893214
GGCAACC	2982	1.25658640079381	0.0582754822570073
GGCAACG	812	2.23305919789275	0.113108648963143
GGCAACT	4332	1.69922694185912	0.0851047060620288
GGCAAGA	6865	1.38610231519227	0.0588367197450063
GGCAAGC	5671	1.31493453581284	0.0539663049031806
GGCAAGG	6628	1.76105040891166	0.0666960134564997
GGCAAGT	4975	1.67330937015467	0.0915923870056451
GGCAATA	3128	1.29823715004964	0.080468455119047
GGCAATC	2850	1.25085567487662	0.062142459682657
GGCAATG	4664	1.5922254540946	0.101483461709309
GGCAATT	3311	2.1767623723362	0.147846853725962
GGCACAA	5031	1.58418331527472	0.0897715922718533
GGCACAC	6619	1.34452547025072	0.0591477121352477
GGCACAG	9080	1.28273715104226	0.0565660991891041
GGCACAT	5728	1.51184246171506	0.0765349448703883
GGCACCA	5339	1.84397454993058	0.0999344180462241
GGCACCC	3344	1.69039986170798	0.142269598597868
GGCACCG	1064	1.82542280292595	0.145079911787082
GGCACCT	4586	1.75942660560993	0.147468027784854
GGCACGA	822	2.03770513992395	0.103797203624059
GGCACGC	918	1.73656353858099	0.121916065933945
GGCACGG	1360	2.05325991636405	0.162126091740883
GGCACGT	1096	2.15278530956388	0.152356976826097
GGCACTA	2945	1.86396992023887	0.10926439539299
GGCACTC	3650	1.50502704484635	0.104924232601386
GGCACTG	7281	1.70578798764859	0.122731309720334
GGCACTT	4582	1.94674441914063	0.13379957966454
GGCAGAA	9605	1.43998553035637	0.0646300331099154
GGCAGAC	5721	1.04503332296262	0.0406300189274336
GGCAGAG	17639	1.24347364876755	0.0521121061812777
GGCAGAT	7080	1.03346071369154	0.0406800100580311
GGCAGCA	8922	1.38613201316731	0.0526790223813669
GGCAGCC	7125	1.58375663116894	0.0702608299986034
GGCAGCG	1619	2.26767284586847	0.115603242959073
GGCAGCT	8260	1.4684575698802	0.0610524447348826
GGCAGGA	12038	1.45481184975905	0.0650568106135283
GGCAGGC	9835	1.51898677201534	0.0892256535191076
GGCAGGG	10581	1.58692759799432	0.117030355750698
GGCAGGT	7485	1.52162209898421	0.115962686155215
GGCAGTA	3781	1.69254014739342	0.0792756964999053
GGCAGTC	4851	1.59365811560262	0.0985961421386547
GGCAGTG	8362	1.57902024921328	0.134853970162033
GGCAGTT	5262	1.58806432203426	0.0950012893342101
GGCATAA	3267	1.70012601035789	0.128417516635646
GGCATAC	2594	1.34913812225302	0.0840801501786846
GGCATAG	4720	1.31163904518076	0.0610295177364607
GGCATAT	5625	1.85830822089492	0.154508872101107
GGCATCA	6158	1.21967901148704	0.0509023028268672
GGCATCC	4238	1.39079792735946	0.0705005450035977
GGCATCG	1067	2.01173546131377	0.0831426213010609
GGCATCT	7241	1.64297471766735	0.0855498907020632
GGCATGA	4851	1.44996711014672	0.0701001163259592
GGCATGC	4928	1.52106136009359	0.0850230401117611
GGCATGG	7745	1.77090963335819	0.108385125309499
GGCATGT	5928	1.70389729947798	0.107770608098217
GGCATTA	3463	1.41649536755354	0.0908013447624815
GGCATTC	4822	2.15784233785843	0.127089563754628
GGCATTG	4606	1.64396405892019	0.0950437334411201
GGCATTT	7892	2.22902035830579	0.146223079017309
GGGAAAA	11314	1.96841365128201	0.181933402690049
GGGAAAC	6824	1.5176834865672	0.0917400842611537
GGGAAAG	11617	1.79999595236094	0.0792829639605043
GGGAAAT	8594	1.55911034129896	0.106131074165176
GGGAACA	7889	1.21144871820494	0.0469119398475636
GGGAACC	4679	1.31102313841987	0.0538153534848698
GGGAACG	1561	2.12868714914982	0.085347162146574
GGGAACT	6072	1.27445722552099	0.0548155530393796
GGGAAGA	11737	1.39983226279158	0.0508131341506415
GGGAAGC	7336	1.53930651259457	0.0578999416411472
GGGAAGG	13098	1.44865947353109	0.0576420358561292
GGGAAGT	7030	1.75461214324385	0.0995996987647191
GGGAATA	4728	1.33659000592326	0.0729432971962627
GGGAATC	4363	1.34006586895874	0.0610739386077513
GGGAATG	7125	1.69827896558895	0.0914741440629056
GGGAATT	6665	1.3626069352425	0.075797731375804
GGGACAA	5743	1.46183907237862	0.0957055198425443
GGGACAC	5905	1.1308843124074	0.0491703765170665
GGGACAG	9317	1.01353153782708	0.0458900177976701
GGGACAT	5722	1.12013751129162	0.0506334595173502
GGGACCA	5137	1.38269150476244	0.0728197223586156
GGGACCC	4841	1.61116315101804	0.113555103871653
GGGACCG	922	2.35314845745739	0.141476807360224
GGGACCT	5666	1.48810324516212	0.108084373716759
GGGACGA	837	1.59422427790886	0.102025793974146
GGGACGC	797	2.08015288733405	0.182738650949503
GGGACGG	1336	1.29510597911043	0.153138318117413
GGGACGT	817	1.55220108970353	0.159980854311262
GGGACTA	3956	1.25954808597866	0.09595746759212
GGGACTC	4946	1.66730332179393	0.132308514657746
GGGACTG	6576	1.65275417798852	0.137102800435679
GGGACTT	6216	1.81604670598718	0.151737263024304
GGGAGAA	10120	1.49299544552263	0.0790884310009675
GGGAGAC	6971	1.00957320859022	0.0430688946916401
GGGAGAG	14075	1.34748251139438	0.0749999037005131
GGGAGAT	6718	1.00004119858522	0.0449147286044436
GGGAGCA	7389	1.0129683618147	0.0477589267583074
GGGAGCC	5918	1.30545715337876	0.0648818156448807
GGGAGCG	1360	2.05572936963905	0.122162361005751
GGGAGCT	6479	1.01652773033988	0.0555175833693451
GGGAGGA	12274	1.27135450431017	0.0702360040216436
GGGAGGC	9728	1.6439273352363	0.129162619545292
GGGAGGG	18080	1.69238580521371	0.182438151626697
GGGAGGT	6526	2.00724851773298	0.229183045025754
GGGAGTA	3271	1.02899046213731	0.0680836956870749
GGGAGTC	4540	1.53676042678936	0.114523893113514
GGGAGTG	8042	1.93773828576495	0.212854411649541
GGGAGTT	5098	1.62093604481347	0.117523960769355
GGGATAA	4169	1.5067769737971	0.104906414077446
GGGATAC	3056	1.25580446129036	0.0717980489279295
GGGATAG	4900	1.13896623235881	0.0593306957589288
GGGATAT	4163	1.82391840685909	0.108504403538414
GGGATCA	4305	1.17541094857124	0.0560251582422589
GGGATCC	5117	1.32277135282443	0.0678655684347653
GGGATCG	695	1.98054250872761	0.0897186879318969
GGGATCT	5345	1.13764155861437	0.059641002582541
GGGATGA	5883	1.59217871674823	0.085807426329808
GGGATGC	4950	1.5914354366802	0.101603726550983
GGGATGG	9064	1.42853209106437	0.113510796213701
GGGATGT	5416	1.84415184295599	0.146006101692076
GGGATTA	7493	1.73522516143437	0.119990314063939
GGGATTC	4060	1.61152937990588	0.0964362318400862
GGGATTG	5445	1.42206775375439	0.092879532245699
GGGATTT	7180	1.63037495774376	0.110753899223929
GGTAAAA	5975	1.81902234341054	0.428650778704122
GGTAAAC	3143	2.02141642808859	0.271480128680224
GGTAAAG	5544	1.92647648383817	0.15355358132634
GGTAAAT	4435	1.65637654750381	0.294485976464824
GGTAACA	4055	1.83816168793595	0.194300555417877
GGTAACC	2613	1.66039235253488	0.214401079589031
GGTAACG	465	1.37007300718137	0.276778722535043
GGTAACT	3669	1.38175845848268	0.234089279976215
GGTAAGA	5592	1.84285248248556	0.147418605604313
GGTAAGC	2500	1.68512343241966	0.144927137602701
GGTAAGG	3922	1.45646102089795	0.143005950568916
GGTAAGT	3201	1.41883664474342	0.207292491201397
GGTAATA	3028	1.40929809182188	0.295655088946775
GGTAATC	2125	1.50748690785162	0.232573093148361
GGTAATG	3426	1.54596960485094	0.260645827708392
GGTAATT	3775	1.37116258696654	0.312245773398302
GGTACAA	3514	1.34247263691948	0.0993963217061798
GGTACAC	3160	1.36957423962152	0.0798778998069896
GGTACAG	4908	1.26976923310431	0.0632975647429653
GGTACAT	4345	1.50714868469714	0.100399500528274
GGTACCA	4275	1.80550346543836	0.11379526374305
GGTACCC	2529	1.8664127202991	0.162084178733412
GGTACCG	476	1.36284293959269	0.123899249349278
GGTACCT	3617	1.88338464633092	0.171519005276291
GGTACGA	366	2.11059814842866	0.111438595677003
GGTACGC	311	1.05093918581792	0.106576141849171
GGTACGG	487	1.42118519649964	0.142252074954612
GGTACGT	635	1.90224993425484	0.199073794844993
GGTACTA	2078	1.32501799743496	0.121117015084119
GGTACTC	2362	1.31129295344226	0.11912500880635
GGTACTG	5296	1.60765126720567	0.168489405530305
GGTACTT	3950	1.24019509830001	0.156008336528744
GGTAGAA	6143	1.26776032571536	0.0672403641886046
GGTAGAC	2947	0.950204955875416	0.0416841326338024
GGTAGAG	6673	1.06746761465223	0.0435418888741788
GGTAGAT	4310	1.05609792240956	0.0444904594151847
GGTAGCA	4030	1.37587864501123	0.0551750774648447
GGTAGCC	3112	1.57958757124635	0.074155342446196
GGTAGCG	536	1.81665944692485	0.100189793864731
GGTAGCT	3887	1.58611017063125	0.0616524993648289
GGTAGGA	4905	1.48468538425645	0.072371369996197
GGTAGGC	2868	1.60470013227034	0.0904781750082825
GGTAGGG	5298	1.42388381066086	0.117491254322994
GGTAGGT	3829	1.76137762530928	0.128576182185497
GGTAGTA	2722	1.18074780063724	0.0792748971105053
GGTAGTC	2200	1.33974900682131	0.0915788032151242
GGTAGTG	3737	1.35284570166795	0.118187365819441
GGTAGTT	3195	1.17890417619015	0.0911684571190976
GGTATAA	3331	1.10501196168045	0.147577346732091
GGTATAC	2060	1.30070749975848	0.135260531661005
GGTATAG	4195	0.96097720469207	0.072996883816739
GGTATAT	4531	1.2379571063782	0.13650000918677
GGTATCA	3823	1.36487358443566	0.0723720111182417
GGTATCC	2661	1.32359779059163	0.103424194272791
GGTATCG	400	1.17147794140583	0.0953257399057241
GGTATCT	4267	1.17087363580524	0.0924677208618914
GGTATGA	3412	1.22607960447854	0.0751497050067311
GGTATGC	2457	1.35528765919419	0.0944903079244723
GGTATGG	4728	1.67762593352586	0.149196999375597
GGTATGT	4742	1.88244835229478	0.140614242604766
GGTATTA	2968	1.078494078683	0.126373375991537
GGTATTC	3472	1.13986897459499	0.140338077525771
GGTATTG	3767	1.26546011323713	0.136167711823646
GGTATTT	7282	1.35493080875061	0.186500136124984
GTAAAAA	8422	1.80284111400091	0.491848037628469
GTAAAAC	5340	1.99564985197234	0.315691794871615
GTAAAAG	6053	1.90702431343323	0.194376093054946
GTAAAAT	8355	1.73107785468723	0.407826059786731
GTAAACA	6609	1.77906213246926	0.179729312482087
GTAAACC	2917	1.67819096647608	0.20235135175487
GTAAACG	802	1.54683766182312	0.23752944388297
GTAAACT	4367	1.58173011510694	0.248145370503366
GTAAAGA	6881	2.12141526521656	0.169845764349519
GTAAAGC	3858	2.0136858199037	0.151592832354269
GTAAAGG	4861	2.06496063748375	0.148011504470356
GTAAAGT	4680	1.56813353074609	0.223301353511472
GTAAATA	8029	1.5432923819004	0.355204828231546
GTAAATC	3256	1.78648243197177	0.271946615850773
GTAAATG	7749	1.72914301511914	0.286726335895238
GTAAATT	5661	1.67397659703248	0.42119730144294
GTAACAA	4690	1.1941531545714	0.103902040127734
GTAACAC	3424	1.27756306437405	0.0730544955545106
GTAACAG	4716	1.11831095802922	0.0568995332083515
GTAACAT	4455	1.21235087762846	0.0855180308275443
GTAACCA	3717	1.38282108713997	0.0855898690437249
GTAACCC	3275	1.47849354646239	0.107509193355601
GTAACCG	520	1.67215448066267	0.115250854044943
GTAACCT	3148	1.49990836030271	0.121041001604238
GTAACGA	556	1.28545985207645	0.0897268348220126
GTAACGC	353	1.07881093356017	0.0999425600674442
GTAACGG	549	1.75849455966698	0.139247994122511
GTAACGT	560	2.02509738863423	0.154458706384957
GTAACTA	3599	1.16410146534144	0.130705606751768
GTAACTC	5005	1.12619999802107	0.124204057289102
GTAACTG	4709	1.15176302562122	0.113216613730338
GTAACTT	4667	1.16356764536997	0.141774260923018
GTAAGAA	6875	1.18606701481016	0.0717373724373353
GTAAGAC	3486	1.00483479968093	0.047197367437187
GTAAGAG	5977	0.947343457536222	0.0422513100830525
GTAAGAT	4669	1.14388897863512	0.0546167267364219
GTAAGCA	5317	0.965103499983077	0.0404611462263159
GTAAGCC	3682	1.28542829884683	0.0605674676153561
GTAAGCG	537	1.15777505362769	0.0647397873172668
GTAAGCT	3797	1.2200557639068	0.0581154261546492
GTAAGGA	4774	1.14192499860593	0.0591230253498918
GTAAGGC	3324	1.16376657557558	0.0672350502047021
GTAAGGG	3558	1.19901749886829	0.0739558839513955
GTAAGGT	3062	1.10820508052632	0.083261222697033
GTAAGTA	4742	1.4854920872249	0.0955860754256221
GTAAGTC	3128	1.14611638990374	0.0845700405197424
GTAAGTG	4483	1.3114788301223	0.104342773585641
GTAAGTT	4268	1.18509867386171	0.104682069448519
GTAATAA	5401	1.00956514894178	0.13634173211245
GTAATAC	2445	1.06054130195698	0.102963848470672
GTAATAG	3325	0.982921997457556	0.0722911502615935
GTAATAT	4585	1.25617936029222	0.147851737854625
GTAATCA	3411	1.26320020566812	0.0825349589825017
GTAATCC	3244	1.05150465429898	0.0846643342614146
GTAATCG	388	1.15208317843384	0.0901591162879485
GTAATCT	3631	1.04944997665079	0.0888833024161266
GTAATGA	4786	1.17055605258007	0.0818948247373591
GTAATGC	2387	1.36474922145578	0.0983911831612743
GTAATGG	3869	1.49164937783307	0.105413185191735
GTAATGT	4170	1.5113730585423	0.11603466458923
GTAATTA	4837	1.21750797891478	0.177090277906141
GTAATTC	4011	1.10093168425839	0.159236762994614
GTAATTG	3985	1.05693954088685	0.114717051299764
GTAATTT	6927	1.11682154362759	0.22974239059102
GTCAAAA	6135	1.68938787906756	0.275443002821872
GTCAAAC	3427	1.56852752606697	0.142594829944164
GTCAAAG	5739	1.63077030214572	0.100891746508796
GTCAAAT	5241	1.57550530400774	0.184706706229505
GTCAACA	4533	1.45638399082405	0.0854391657306746
GTCAACC	2578	1.55222691775721	0.102329231644778
GTCAACG	543	1.67465414608394	0.151202434597383
GTCAACT	4516	1.18617323546363	0.104417538541189
GTCAAGA	5280	1.38332588229467	0.0727414247523922
GTCAAGC	3170	1.43602660517149	0.0775357531030529
GTCAAGG	5056	1.59190031541501	0.0802840636984914
GTCAAGT	4928	1.33757370577644	0.115989597188738
GTCAATA	3819	1.30687540494749	0.143346933190368
GTCAATC	2557	1.2442352346019	0.0945924180357186
GTCAATG	4024	1.41765423055128	0.122962136761747
GTCAATT	3722	1.42084071959137	0.212241251642214
GTCACAA	5783	1.33312266470271	0.0669917516449014
GTCACAC	5683	1.2030624882877	0.0505149715801818
GTCACAG	8890	1.13341319572438	0.0474914255457591
GTCACAT	6069	1.40797372132296	0.0626904410998916
GTCACCA	6498	1.40559805820933	0.0809124166837585
GTCACCC	4125	2.0386776627806	0.140854318223104
GTCACCG	1037	2.24787727186473	0.146255933820518
GTCACCT	6586	1.81458623144559	0.140293774431001
GTCACGA	772	1.29639380482284	0.0688558851011865
GTCACGC	851	1.29392309976809	0.079925048817444
GTCACGG	1127	2.19333527368342	0.157477537137952
GTCACGT	1237	1.37422507305912	0.103674461969798
GTCACTA	3861	1.20390229822561	0.0780763458145216
GTCACTC	4553	1.58061236604973	0.104676272542854
GTCACTG	8364	1.52163200977429	0.112777954529358
GTCACTT	6669	1.45642475956965	0.116812047835295
GTCAGAA	7922	1.22975139627685	0.0488981147625746
GTCAGAC	3937	1.00124183681164	0.0356209663113299
GTCAGAG	8808	1.00408693597017	0.0390802314465433
GTCAGAT	5449	1.08031066652287	0.0396959944795563
GTCAGCA	6600	1.13430070725512	0.0399075123108158
GTCAGCC	5334	1.59143998464716	0.0653587281026267
GTCAGCG	1389	1.65184996161968	0.0902363928637187
GTCAGCT	6714	1.31689866072285	0.0533644646171031
GTCAGGA	7572	1.16134834910623	0.0512287214106261
GTCAGGC	5005	1.44069759262325	0.0863012736500323
GTCAGGG	6768	1.31145693053997	0.0829737129436731
GTCAGGT	5001	1.5737482124294	0.112176513791595
GTCAGTA	3968	1.41670068841952	0.0631898675483458
GTCAGTC	4735	1.4199842170108	0.0719828313847314
GTCAGTG	7270	1.31472361999874	0.0934599848790566
GTCAGTT	5169	1.33088784711693	0.0834921624701341
GTCATAA	4002	1.07558246886484	0.0961040446015941
GTCATAC	2702	0.971725927575519	0.0811657807952665
GTCATAG	3993	0.954930551603572	0.0529815259343966
GTCATAT	4090	1.42127235081123	0.126810011051187
GTCATCA	5847	1.03615606771778	0.0497212811283358
GTCATCC	4184	1.20890933798521	0.0704941397329213
GTCATCG	874	0.850302652876463	0.070196360171107
GTCATCT	6746	1.22058726774904	0.0729892134246501
GTCATGA	5072	1.15478020773553	0.0602636218965579
GTCATGC	3266	1.21601419313682	0.0776784036653203
GTCATGG	6313	1.43220478104434	0.0958090930399426
GTCATGT	5251	1.57094695834851	0.0951390676198349
GTCATTA	4612	1.30516952494781	0.110041337126024
GTCATTC	4520	1.36974314509086	0.104148222040787
GTCATTG	5044	1.25334751582233	0.0953167608557518
GTCATTT	8331	1.39993285965153	0.15485100085619
GTGAAAA	7855	1.83863487234592	0.163632115119834
GTGAAAC	4500	1.45344668266993	0.0955475297180405
GTGAAAG	7149	1.53820094653359	0.0814137484751884
GTGAAAT	6879	1.62935004746852	0.124995678512886
GTGAACA	6284	1.40154204895217	0.0609505241946665
GTGAACC	3355	1.90058963570012	0.0764021896747419
GTGAACG	910	1.74087653382664	0.0930835510091808
GTGAACT	5120	1.43253033368243	0.0780652644622243
GTGAAGA	8214	1.15474089421263	0.0524771839974772
GTGAAGC	4403	1.51231952162619	0.069770729146437
GTGAAGG	6814	1.67563805409699	0.0681413752961404
GTGAAGT	5644	1.61151027091865	0.10766627747268
GTGAATA	5256	1.27508341685469	0.0894227040274881
GTGAATC	3302	1.39385147368058	0.0730224934383372
GTGAATG	6821	1.73685903134543	0.119633913548331
GTGAATT	6251	1.72256453222095	0.137241615244683
GTGACAA	5956	1.62771289880828	0.0902295666383541
GTGACAC	5502	1.37304756592403	0.0613315316748758
GTGACAG	8673	1.11129133001079	0.0498045522164504
GTGACAT	6199	1.25660686776443	0.0611225489787052
GTGACCA	6030	1.71142306596656	0.0865170145774855
GTGACCC	5164	1.87123071517284	0.126745303955373
GTGACCG	846	2.62226945198752	0.147311755307295
GTGACCT	6170	1.74676018044993	0.123388592177503
GTGACGA	793	1.62465118029402	0.110804020454894
GTGACGC	610	1.76332927097664	0.157755023363685
GTGACGG	842	1.9556789123504	0.190632069004406
GTGACGT	1019	1.76886483926325	0.199110549716916
GTGACTA	4456	1.44630609798711	0.114057369423387
GTGACTC	5885	1.50482562484717	0.111140005560699
GTGACTG	7011	2.00953369614244	0.154837763550452
GTGACTT	6899	1.71796066830335	0.142131697679513
GTGAGAA	8185	1.87763525711935	0.0817600755074176
GTGAGAC	5953	1.3230242144058	0.0507519072154651
GTGAGAG	8628	1.62290248589948	0.0728866696181141
GTGAGAT	6170	1.27643016468583	0.0545474837976772
GTGAGCA	8150	1.23859661785761	0.0467899437206407
GTGAGCC	7392	1.92777286136525	0.0792858134790173
GTGAGCG	1166	1.92837334703516	0.109367025480712
GTGAGCT	7003	1.55946110771579	0.0675075163305776
GTGAGGA	7746	1.56403512486532	0.0743551485603102
GTGAGGC	5512	2.29352525738111	0.164228254857825
GTGAGGG	6617	1.69176909984611	0.17229611646679
GTGAGGT	6871	2.18344767057168	0.225889767031255
GTGAGTA	5055	1.52066415135553	0.0822129759247211
GTGAGTC	4846	1.9631369154314	0.124154695275135
GTGAGTG	9387	1.88734336297657	0.183823241486975
GTGAGTT	10584	1.60765240760184	0.109507352917658
GTGATAA	5370	1.30183869459951	0.0942767930560717
GTGATAC	2837	1.45780681869351	0.0810365881343905
GTGATAG	3935	1.29852835261061	0.0599612067979497
GTGATAT	4774	1.71899333477884	0.123457554467919
GTGATCA	4477	1.20700548956743	0.0575394470314413
GTGATCC	3781	1.34304890936055	0.0722601041153174
GTGATCG	563	1.53362956816273	0.0733304859274469
GTGATCT	4693	1.52972302623832	0.0770248174958937
GTGATGA	6148	1.48504072149703	0.0772234277690686
GTGATGC	4149	1.88293970618682	0.10962795307223
GTGATGG	7703	1.63923615824089	0.119413538720581
GTGATGT	5962	1.9775216095402	0.146293811712648
GTGATTA	4320	1.46804241894982	0.100357180883234
GTGATTC	4500	1.77691821219788	0.103022203482748
GTGATTG	5211	1.72707173814764	0.120987555133572
GTGATTT	7211	1.96259588037286	0.148316003190493
GTTAAAA	8123	1.61566958214111	0.533242172668503
GTTAAAC	3209	1.72973443424859	0.348401681088483
GTTAAAG	5313	1.87231953967818	0.230611019411779
GTTAAAT	6003	1.46273222101041	0.387694659205697
GTTAACA	4165	1.72101216869966	0.242162777665709
GTTAACC	2122	1.60230526856135	0.298091427778824
GTTAACG	485	1.6020803877041	0.401488316338416
GTTAACT	3722	1.25278772371094	0.313083126441348
GTTAAGA	6871	1.8429547982698	0.164463310615588
GTTAAGC	2205	1.62293139552973	0.211096081777707
GTTAAGG	3527	1.74034328577806	0.216085061621254
GTTAAGT	3849	1.33588089546345	0.28145431498088
GTTAATA	4449	1.26837382387497	0.343285444945943
GTTAATC	2529	1.53354804105055	0.309240573444654
GTTAATG	4145	1.48666578784068	0.362945626405568
GTTAATT	6014	1.23281290246707	0.412174200921555
GTTACAA	4572	1.2206527517372	0.140776859824852
GTTACAC	3188	1.40839228964129	0.116360968898247
GTTACAG	6968	1.2448977104701	0.0724993480484387
GTTACAT	4717	1.23190184065867	0.114294079530807
GTTACCA	3637	1.94674596287467	0.133189337117291
GTTACCC	2248	1.20373114752241	0.148639304037763
GTTACCG	485	1.2788923126439	0.153346186252219
GTTACCT	4421	1.3584617969956	0.146110671030107
GTTACGA	408	1.30581617408702	0.115185662215195
GTTACGC	266	1.62145206101338	0.16033061158265
GTTACGG	554	1.88282857459235	0.205605236703352
GTTACGT	554	1.66507017430649	0.195878259062913
GTTACTA	3191	1.076114177207	0.162303382488041
GTTACTC	2959	1.11736441012793	0.156176478708452
GTTACTG	4480	0.939955681691535	0.149466394958339
GTTACTT	5273	1.05463781787673	0.187926254546951
GTTAGAA	5472	1.40680622439297	0.102066302683484
GTTAGAC	2485	1.24530300425828	0.0707959711187259
GTTAGAG	5437	1.1364424617556	0.0514149758432241
GTTAGAT	3546	1.1215019303501	0.0693027837841334
GTTAGCA	4003	1.35685714312296	0.0543621454069229
GTTAGCC	2642	1.34630124989208	0.0791069161009575
GTTAGCG	582	1.16744739535402	0.0938031381682237
GTTAGCT	3786	1.57059161019381	0.0733485068568178
GTTAGGA	4947	1.37095297766158	0.0708316882044903
GTTAGGC	2241	1.27080392028451	0.0911407782030654
GTTAGGG	4184	1.23958812062113	0.104587680924255
GTTAGGT	3115	1.2550789580234	0.117361525962758
GTTAGTA	2934	1.06314160247463	0.100623039038229
GTTAGTC	2546	1.17982666441869	0.0967516701621816
GTTAGTG	3667	1.06983020404316	0.117082790838267
GTTAGTT	5718	1.07122290641104	0.114471359797146
GTTATAA	4662	1.01937843715086	0.230657778712473
GTTATAC	2651	0.82120570968417	0.19799296722738
GTTATAG	3894	0.976405699583679	0.113123171478426
GTTATAT	5105	0.988163967915889	0.192358346203051
GTTATCA	4676	1.26442011767258	0.132906768437501
GTTATCC	2819	1.0208906349859	0.14195129798025
GTTATCG	409	0.833493591533768	0.185433809929782
GTTATCT	4827	0.973069967424254	0.153821942113718
GTTATGA	4631	1.49711213366083	0.12518469125981
GTTATGC	2383	1.14268246929506	0.122494777604595
GTTATGG	3275	1.40284026530576	0.156473531349343
GTTATGT	4449	1.14522426688817	0.136347233406769
GTTATTA	5387	1.14542705135473	0.273915138701389
GTTATTC	3961	0.915572679619635	0.235999958776587
GTTATTG	4482	0.86989949235233	0.21043041203021
GTTATTT	9565	1.11883133071316	0.338189117047164
other	86095	1.33252637709277	0.160462017104971
TAAAAAA	24314	1.72918952666453	0.685323751581526
TAAAAAC	12116	2.16312683540429	0.443915082654201
TAAAAAG	13548	2.12408036747577	0.313342339257141
TAAAAAT	22068	1.5263535968715	0.523591159658381
TAAAACA	14594	2.03018498175052	0.270584587530932
TAAAACC	7986	1.97766934664323	0.276666129126783
TAAAACG	1329	1.74636276018495	0.346441744589258
TAAAACT	10344	1.63779372366234	0.335862658541458
TAAAAGA	12905	2.60997283893601	0.26613782851767
TAAAAGC	8814	2.30383461622885	0.244509002001621
TAAAAGG	8139	2.13863194204661	0.211318391386612
TAAAAGT	9947	1.8289151500304	0.334966627164416
TAAAATA	21125	1.46548788776274	0.456331314215421
TAAAATC	9423	1.62129288549127	0.335790849555021
TAAAATG	13801	1.69946064958425	0.369765352748696
TAAAATT	16155	1.37987845867854	0.491825570767535
TAAACAA	11262	1.63903179092525	0.170968218086144
TAAACAC	7452	1.42391090736787	0.10564337339261
TAAACAG	9096	1.40079121540142	0.0871719209955518
TAAACAT	9621	1.52981174202278	0.131421854906977
TAAACCA	6996	1.37859501082932	0.105580934946964
TAAACCC	4800	1.67905683809309	0.162779479215238
TAAACCG	650	1.91927308091591	0.182551830085636
TAAACCT	5686	1.43182894204267	0.156653582115143
TAAACGA	880	2.27829580182831	0.155672175048042
TAAACGC	690	1.68771024229486	0.141964487114591
TAAACGG	735	2.58589487228392	0.210205332980253
TAAACGT	1281	1.61109488196536	0.160088428584723
TAAACTA	5851	1.28837595907759	0.165577872435633
TAAACTC	6064	1.3300771659383	0.157559971678466
TAAACTG	6265	1.26180760778351	0.145002272491802
TAAACTT	7170	1.24233279346166	0.200654400630753
TAAAGAA	16495	1.86992765591503	0.141021249347664
TAAAGAC	7083	1.48195378682545	0.0822450760086907
TAAAGAG	8403	1.39091533811735	0.073972057566371
TAAAGAT	9855	1.34309142433462	0.0844892981077321
TAAAGCA	8107	1.4871719741135	0.0647285752546784
TAAAGCC	5204	1.70493201994128	0.0879749411878257
TAAAGCG	725	1.79733037487998	0.0992377212589051
TAAAGCT	7015	1.59495456947931	0.0855101492694099
TAAAGGA	8831	1.6162871723122	0.0767516954476499
TAAAGGC	7883	1.85426919359687	0.1164062399498
TAAAGGG	6527	1.51042960211233	0.0921554094681239
TAAAGGT	7109	1.64197348089705	0.126640406001297
TAAAGTA	6951	1.56446520737709	0.113789319260102
TAAAGTC	5630	1.46035119464456	0.116875392233619
TAAAGTG	6403	1.29918736920249	0.123036192737631
TAAAGTT	8990	1.28551104446939	0.137015466015011
TAAATAA	23191	1.12555136816834	0.233650063524523
TAAATAC	7634	1.26430451557064	0.170169374218758
TAAATAG	6699	1.16663141896946	0.11937573074125
TAAATAT	14627	1.21622081571561	0.215496128572982
TAAATCA	7587	1.3281809420238	0.122068190603688
TAAATCC	5072	1.28565723721551	0.142446052857557
TAAATCG	580	0.965709260397657	0.119527319575657
TAAATCT	8955	1.11371981627366	0.162597573089884
TAAATGA	10854	1.55827333688569	0.123704117817172
TAAATGC	6348	1.68204652800666	0.144199915158037
TAAATGG	7106	1.61135560454877	0.143863670415733
TAAATGT	11793	1.58052405131827	0.163404646180247
TAAATTA	10267	1.16086896674758	0.230808247359033
TAAATTC	7710	1.10659800003937	0.210598558587268
TAAATTG	5974	1.06976464575001	0.170431432858018
TAAATTT	12452	1.04487004338089	0.295531397862604
TACAAAA	10573	1.55885153112779	0.272764633121204
TACAAAC	6201	1.48758448618882	0.144194121707413
TACAAAG	10066	1.4542188511938	0.095947242894454
TACAAAT	9294	1.50690923399115	0.193125850176539
TACAACA	5584	1.20640081383359	0.098549242088211
TACAACC	4180	1.28727203919141	0.0914031999131201
TACAACG	619	1.43628195886141	0.152369770473388
TACAACT	5014	1.19218328805057	0.117550478996298
TACAAGA	6496	1.13786476202425	0.0753195523863005
TACAAGC	4361	1.24024056331557	0.0741469213982909
TACAAGG	5204	1.27234476515703	0.0711605285918921
TACAAGT	5348	1.19297564453924	0.106511207925401
TACAATA	5797	1.27299153793381	0.164947639901874
TACAATC	3704	1.05785755359306	0.0986247595633945
TACAATG	6125	1.23707692804923	0.120232228265926
TACAATT	6505	1.48171923409212	0.211160080619205
TACACAA	8425	1.03603969482143	0.0658679497546323
TACACAC	15060	0.754586650753129	0.0401600253459082
TACACAG	11346	0.876873281053472	0.0391393158080183
TACACAT	11185	1.05904918281546	0.0618437453101019
TACACCA	4880	1.07748494739923	0.0580727102074848
TACACCC	3041	1.21564089840954	0.0890000999633774
TACACCG	587	1.55259023250346	0.116825316158207
TACACCT	4229	1.21108136549279	0.0995276923332965
TACACGA	858	1.44417936669066	0.0609277570985
TACACGC	977	1.50931625720271	0.0831298481248786
TACACGG	1007	1.40020623016596	0.0969586639925868
TACACGT	1437	1.45061244750027	0.100307332047246
TACACTA	4337	1.05248727763379	0.0694495716443954
TACACTC	4081	1.11852537017111	0.0812850127627206
TACACTG	7482	1.16337354981454	0.0755825223218143
TACACTT	5717	1.28257068141985	0.105556004180583
TACAGAA	12029	1.03296841414621	0.0453991883800727
TACAGAC	6160	0.758335376325618	0.0259743922902048
TACAGAG	13449	0.7457670305768	0.0298229679981252
TACAGAT	9003	0.762084599219214	0.0291707360366365
TACAGCA	7115	0.891723009231701	0.0305185165845777
TACAGCC	4627	1.19582388340686	0.0433703112600015
TACAGCG	840	1.25905391209493	0.0594279455215188
TACAGCT	6503	0.951402676754737	0.0392632097640697
TACAGGA	7159	0.826703635893795	0.0385358122963652
TACAGGC	4933	1.05014791989351	0.0526888445211223
TACAGGG	6101	1.26803545854299	0.0598220084351231
TACAGGT	5637	1.24687058204741	0.0678452446578654
TACAGTA	5231	0.871826833234961	0.041313172803861
TACAGTC	4845	0.851545309335386	0.0443216969039136
TACAGTG	8022	1.0931300022443	0.05613344796178
TACAGTT	7630	1.0954599812447	0.058140699443861
TACATAA	8117	1.08728982733645	0.120838275774662
TACATAC	9897	0.983582214923628	0.0917197291409175
TACATAG	7063	0.857959671013607	0.0573954893138809
TACATAT	13620	1.25156941054268	0.134031159693554
TACATCA	5362	0.997469964634088	0.060306101655576
TACATCC	4203	1.09647679688783	0.0774685108530415
TACATCG	604	0.713766551432494	0.0559179063851296
TACATCT	6958	0.942295619350922	0.0760747071371569
TACATGA	6480	1.00495600328293	0.055153654304667
TACATGC	6251	0.919230731722622	0.0689759834429567
TACATGG	6002	1.27842661825482	0.0842049161973578
TACATGT	9122	1.34796706184142	0.0978029718376523
TACATTA	5974	1.0518462784969	0.106393614351712
TACATTC	5847	0.986895843042815	0.0962632743625484
TACATTG	5342	1.02939011205287	0.0875367869826746
TACATTT	14180	1.22641683476119	0.148126923882375
TAGAAAA	14190	2.00356582082761	0.16934146258834
TAGAAAC	8153	1.40667330454868	0.0779037944061158
TAGAAAG	10131	1.34070259078192	0.0595226488294488
TAGAAAT	10753	1.50996186519697	0.101376536819224
TAGAACA	7877	1.19594647343729	0.0441940016628571
TAGAACC	4587	1.07179964966558	0.0427399047274353
TAGAACG	777	1.37153177979753	0.0585515118608522
TAGAACT	7513	0.997762117935458	0.049049996222142
TAGAAGA	9937	0.929923923222053	0.03457449633007
TAGAAGC	6127	1.14566841285499	0.0369060690491686
TAGAAGG	7240	1.05482905921415	0.0341641173945069
TAGAAGT	6590	1.14491353636357	0.0533431779239241
TAGAATA	7532	1.04447282765587	0.0633480604095466
TAGAATC	5087	1.04133811440351	0.0469443137866612
TAGAATG	6620	1.03113159667995	0.0520868053729793
TAGAATT	8755	1.35137846594216	0.0881930910617461
TAGACAA	6206	1.10114894490154	0.0501037561529157
TAGACAC	5498	0.952446952784278	0.0306667741568575
TAGACAG	7031	0.804806695703894	0.0268398039379999
TAGACAT	6071	0.975118960306461	0.0376527244781408
TAGACCA	8087	0.985655282163786	0.0383298503037301
TAGACCC	2806	1.28695795497775	0.0584334728552689
TAGACCG	435	1.38671661911731	0.0556696869941363
TAGACCT	3996	1.1718024044705	0.0544646775742992
TAGACGA	603	0.770928825647726	0.0418699187353206
TAGACGC	543	1.16556746377093	0.0626672925986357
TAGACGG	748	1.6082250700797	0.082706295814709
TAGACGT	714	1.53196787267598	0.0895787776945255
TAGACTA	3957	0.93785303720322	0.0441167718965553
TAGACTC	4317	1.06829676402451	0.0510477501622112
TAGACTG	5140	1.24199916352075	0.0575361187329271
TAGACTT	5392	1.12189517292439	0.0616549539334663
TAGAGAA	11411	1.29718906987656	0.0469491014148325
TAGAGAC	6815	0.795949484489528	0.0275204263465283
TAGAGAG	8116	0.686710114383637	0.0313358170150071
TAGAGAT	6857	0.808059552974189	0.0258170885919003
TAGAGCA	5993	0.789992351368324	0.0232214202559052
TAGAGCC	4247	1.0050646210476	0.0358537573894904
TAGAGCG	606	1.10442006755454	0.050453509626013
TAGAGCT	5750	0.980931799713967	0.0340587241408174
TAGAGGA	7449	0.775371647183656	0.0286115979083164
TAGAGGC	5155	1.62368796074189	0.0700277414673581
TAGAGGG	4973	1.27983224472799	0.0698153152511251
TAGAGGT	4809	1.58461906338608	0.0910019449432402
TAGAGTA	4288	0.744148048178545	0.0299989287933159
TAGAGTC	5170	1.01272940466538	0.0417801776570151
TAGAGTG	4675	1.12217338188469	0.0571361060263096
TAGAGTT	6439	1.25541128147602	0.0514277547093332
TAGATAA	6376	1.17808169044999	0.068356245488148
TAGATAC	3884	0.998060046166592	0.0489810664676698
TAGATAG	9691	0.786488648565617	0.0336831675922609
TAGATAT	7577	1.35003796443994	0.0765535125594146
TAGATCA	4421	0.820298800587635	0.0305419827641158
TAGATCC	3319	1.0294079392871	0.0428892893749353
TAGATCG	453	1.03757225832054	0.0485911254393117
TAGATCT	5087	1.01893583147393	0.0455666388889123
TAGATGA	6430	0.997425942754849	0.0375089064323953
TAGATGC	4638	1.10963365851179	0.0477663602820154
TAGATGG	6016	1.22139496524078	0.0577645728276573
TAGATGT	6095	1.37148996709188	0.0681700691443146
TAGATTA	4525	1.20359868452315	0.0624298288639092
TAGATTC	4449	1.12190233003322	0.0550605989238179
TAGATTG	4355	1.10545336646602	0.0528111173449736
TAGATTT	8661	1.36399073992723	0.0807734790867766
TATAAAA	15811	1.73476921262433	0.668684642199557
TATAAAC	7059	1.88103044874066	0.418452554534857
TATAAAG	9675	1.82387062259433	0.323107764882827
TATAAAT	12753	1.54206942902121	0.504945413474784
TATAACA	6458	1.79917596106801	0.3662750344906
TATAACC	3647	1.57252168723006	0.395101191172925
TATAACG	532	1.56982381859319	0.521912798504308
TATAACT	5690	1.26864087758916	0.437223084548075
TATAAGA	7614	1.94361313036286	0.261666392388958
TATAAGC	4161	1.75571321631798	0.269260198856836
TATAAGG	4117	1.75012426513206	0.293200391983602
TATAAGT	5668	1.29207415820454	0.386584515877077
TATAATA	10004	1.26220039133374	0.448494873141948
TATAATC	4954	1.45198268278306	0.374972502398682
TATAATG	6082	1.39390043312899	0.421006329732951
TATAATT	9774	1.15068090478841	0.512669264327724
TATACAA	7414	1.49656140938974	0.269877466287683
TATACAC	7529	1.41991956204369	0.169604122774305
TATACAG	7376	1.4292003835041	0.114201573476472
TATACAT	11613	1.53672739067684	0.241473992357084
TATACCA	5252	1.46947930056467	0.169348043819642
TATACCC	3794	0.952589678129397	0.211912331757963
TATACCG	433	0.850908824639308	0.22647909370829
TATACCT	4646	0.90277034225434	0.206921490482771
TATACGA	636	1.2356328274076	0.174771611915003
TATACGC	471	0.928106916954913	0.154007655993587
TATACGG	499	1.26376484373655	0.19148711640481
TATACGT	927	0.995786595141499	0.192302496749539
TATACTA	4640	0.878309735325528	0.248038629074398
TATACTC	4171	0.85246884879069	0.253259802725909
TATACTG	4767	0.800821607256731	0.229583096494735
TATACTT	6270	0.801764445655111	0.309854693409497
TATAGAA	8469	1.51619906565316	0.158592604693061
TATAGAC	4333	1.39675628465837	0.0992266320003895
TATAGAG	5793	0.898490248152751	0.0566936934298276
TATAGAT	6488	1.18967262050211	0.0990433995981706
TATAGCA	5266	1.11585129171245	0.0679737662894129
TATAGCC	4386	1.05138626221566	0.0736659202665443
TATAGCG	430	0.902776764256618	0.104033050894194
TATAGCT	5856	0.941609132521838	0.074786801385258
TATAGGA	4875	1.22577806382526	0.0756186575711388
TATAGGC	3177	0.908022172999954	0.0822320121741485
TATAGGG	3865	0.960199676903186	0.0795962386149947
TATAGGT	4530	0.818697210047354	0.09286903390708
TATAGTA	5127	1.01364122576402	0.133936136004789
TATAGTC	3810	0.850741796039848	0.115955958627952
TATAGTG	4257	0.761497398353401	0.108867946131759
TATAGTT	6116	0.843728331000078	0.166447875605797
TATATAA	12955	1.01820522819571	0.334983163949177
TATATAC	9307	1.26281178787506	0.290810975221231
TATATAG	6806	1.07029063727357	0.164594293101922
TATATAT	38776	1.21830102341805	0.296417795773854
TATATCA	6473	1.17709841070666	0.215309240928724
TATATCC	5298	1.0583924840321	0.266383649429693
TATATCG	516	0.82237741646924	0.310222630509275
TATATCT	7854	0.857227726457872	0.27114635787652
TATATGA	7342	1.4303540178571	0.185480555341983
TATATGC	7300	0.978449382260174	0.207878429814058
TATATGG	5241	1.04833895617597	0.189057974107437
TATATGT	14188	1.03908125849462	0.194855211489532
TATATTA	9236	0.900365231292195	0.393353017303516
TATATTC	6824	0.93153610280978	0.389484957728046
TATATTG	6040	0.824289761824231	0.339102026039724
TATATTT	16438	1.09142009611378	0.502811538184597
TCAAAAA	13050	1.85255532401345	0.425110829501028
TCAAAAC	9247	2.07055833650317	0.254688818740753
TCAAAAG	9557	1.77958276605219	0.169262365144395
TCAAAAT	12008	1.60732533450391	0.30119950681184
TCAAACA	9258	1.50783905375716	0.14133633969268
TCAAACC	5723	1.7206716188539	0.173590626143701
TCAAACG	974	1.84462531929771	0.221852297752579
TCAAACT	9365	1.43993553721502	0.183010248381613
TCAAAGA	11436	2.13371851879973	0.161844291543606
TCAAAGC	7926	1.93058467657063	0.142099576036226
TCAAAGG	8654	1.78428967807545	0.127939004139607
TCAAAGT	7892	1.91605237462608	0.21570818886914
TCAAATA	8948	1.623820945764	0.310954212522181
TCAAATC	7243	1.77819325276907	0.225010494423895
TCAAATG	9347	1.64254922776953	0.251244445240574
TCAAATT	8526	1.5189043690317	0.324738875180235
TCAACAA	8552	1.55352225661196	0.12495390331451
TCAACAC	5259	1.12621434335755	0.06151414878953
TCAACAG	6926	1.15744733174403	0.0559148638955113
TCAACAT	7106	1.2414352054354	0.0740404098632576
TCAACCA	5396	1.63549550435335	0.0918791987082462
TCAACCC	3721	1.51618208791774	0.0994695586386487
TCAACCG	538	1.79418975005009	0.105561669476328
TCAACCT	5346	1.44538544372245	0.107540839554729
TCAACGA	837	1.38155465008899	0.0971053831470309
TCAACGC	520	1.61363517935409	0.115507845142229
TCAACGG	607	2.53177132932382	0.151645004474149
TCAACGT	937	2.55436932155512	0.189146247692219
TCAACTA	4227	1.22269742969359	0.11207067845274
TCAACTC	5148	1.26089647002463	0.107611454646852
TCAACTG	5734	1.24599242223126	0.10205168413021
TCAACTT	7114	1.17661023299342	0.125659555668966
TCAAGAA	10022	1.34566665208156	0.0775398214898961
TCAAGAC	5963	0.974309113182297	0.0433940955258011
TCAAGAG	7430	1.03663364972302	0.0449586854321084
TCAAGAT	6417	0.969498916815134	0.043079930461562
TCAAGCA	5802	1.08068677982576	0.042485168894428
TCAAGCC	4538	1.52566955950385	0.068551786861474
TCAAGCG	585	1.49538176693082	0.0739611533895653
TCAAGCT	6070	1.54183023404394	0.0686077766607352
TCAAGGA	8236	1.13242789175585	0.0485783432857168
TCAAGGC	7849	1.24673793061071	0.0601777490857909
TCAAGGG	5853	1.34355003800031	0.0664963429179308
TCAAGGT	6356	1.33705410335361	0.0785853481819603
TCAAGTA	5511	1.16760309877271	0.070191027450175
TCAAGTC	5999	1.23939869257132	0.0796056476744773
TCAAGTG	6308	1.5777708984554	0.110929847303913
TCAAGTT	7867	1.2739927083169	0.0949759968864608
TCAATAA	8140	1.30681913799681	0.152423426351803
TCAATAC	3313	1.01637961750738	0.0895881231598536
TCAATAG	4497	0.981218007753241	0.0614675582000584
TCAATAT	6657	1.29860601223483	0.133751484739392
TCAATCA	5601	1.05723262438571	0.0691917108482779
TCAATCC	3789	1.24264455364416	0.0918874861234398
TCAATCG	469	1.01636392743583	0.078289844944621
TCAATCT	4977	1.20024318923444	0.0942323824547382
TCAATGA	6411	1.50711052908198	0.0940652320919279
TCAATGC	4127	1.40231339915784	0.0911888319016437
TCAATGG	5817	1.38060994068501	0.0922838450640727
TCAATGT	5902	1.66904311844069	0.119238331832937
TCAATTA	5822	1.4520189852941	0.171019183554936
TCAATTC	7548	1.25984484608309	0.156390003605668
TCAATTG	3753	1.15803859966412	0.113264609223407
TCAATTT	8276	1.33999278624627	0.225771197632379
TCCAAAA	9417	1.72624117517083	0.182802401679857
TCCAAAC	7082	1.39084691430583	0.100937385162233
TCCAAAG	9137	1.51573574478072	0.0821138960226941
TCCAAAT	8480	1.45682407932622	0.137636912361244
TCCAACA	7550	1.09961410257919	0.0603533565609306
TCCAACC	4777	1.26265772620217	0.0713863096305154
TCCAACG	864	1.26666193512147	0.0882338645589016
TCCAACT	6366	1.09468569667905	0.0809264163988813
TCCAAGA	8193	1.3576676428005	0.0578800490048043
TCCAAGC	5664	1.53122892667136	0.0699404000758092
TCCAAGG	7392	1.30703741877745	0.058029060038442
TCCAAGT	6706	1.52001852164289	0.102140386311453
TCCAATA	5213	1.13973455416386	0.0850611734055713
TCCAATC	3999	1.20003566568748	0.0686317464306775
TCCAATG	6221	1.26317731680891	0.092968400170411
TCCAATT	6272	1.18840779704522	0.142272459924757
TCCACAA	6800	1.19221073645582	0.0607591045064512
TCCACAC	8039	1.10358076020278	0.0499939512285848
TCCACAG	10424	1.01832518402997	0.0424203778825378
TCCACAT	8901	1.29342918860662	0.0632330404549101
TCCACCA	7475	1.41868633591271	0.08162448218916
TCCACCC	6880	1.73358094938417	0.142398962314188
TCCACCG	1024	1.43082815781398	0.113625871297633
TCCACCT	9728	1.53949884946998	0.152844621773522
TCCACGA	1471	1.56513596032051	0.0788678816692123
TCCACGC	1298	1.59784183977277	0.113138337673778
TCCACGG	1475	2.00137787186747	0.156975016404014
TCCACGT	1940	1.40721710207908	0.116207772094891
TCCACTA	4611	1.20400863252257	0.0807885263476089
TCCACTC	6715	1.38198350102257	0.109845153043823
TCCACTG	8270	1.5199785610665	0.121841837501315
TCCACTT	9401	1.5475503132105	0.116914410782803
TCCAGAA	11323	1.24912806377183	0.0460934455971892
TCCAGAC	6432	1.02161765419103	0.0354882698753179
TCCAGAG	12567	1.03733017716661	0.0428328010682609
TCCAGAT	7766	1.0612678881247	0.039195471823082
TCCAGCA	9569	1.20659101575826	0.041646402287961
TCCAGCC	10421	1.66849623508235	0.0781503375151492
TCCAGCG	1327	2.12523480401594	0.0944253322190562
TCCAGCT	11405	1.52714119870091	0.0690107989031505
TCCAGGA	13748	1.09981076834516	0.0464135304611889
TCCAGGC	9084	1.39326919125032	0.0850625739649589
TCCAGGG	9873	1.55585024802134	0.105242471007449
TCCAGGT	8644	1.62336676533527	0.135185167266943
TCCAGTA	5107	1.07793695672498	0.0536357856388243
TCCAGTC	6936	1.54426569619573	0.0856932451222417
TCCAGTG	8873	1.33333672183399	0.103554443612041
TCCAGTT	8619	1.40064993158607	0.0893192519215043
TCCATAA	5668	1.29288865920781	0.102511326302434
TCCATAC	4221	1.00510825986026	0.0775625739636985
TCCATAG	5622	1.04880482201377	0.0524403558749411
TCCATAT	6361	1.49039111033918	0.13591191653266
TCCATCA	7899	1.12620890760615	0.0567707917876121
TCCATCC	11611	1.27137473801982	0.0731290509377336
TCCATCG	957	1.81563595400904	0.0903506027842496
TCCATCT	11100	1.36032676711562	0.0930428116580072
TCCATGA	7923	1.22022326330138	0.0618094755098243
TCCATGC	5685	1.50673049902239	0.0924813570794668
TCCATGG	8542	1.58774909557193	0.115955839897851
TCCATGT	8682	1.67070516333451	0.116183129623471
TCCATTA	6085	1.31768940074079	0.0961845634825932
TCCATTC	8469	1.61661278888954	0.123120621048914
TCCATTG	8934	1.33880486494404	0.104070967450214
TCCATTT	13429	1.6902021247381	0.150941617115866
TCGAAAA	1762	1.4674433159059	0.290326740862655
TCGAAAC	664	1.8755530566086	0.141223221214518
TCGAAAG	937	1.48972079959747	0.0901535842716112
TCGAAAT	739	1.38513705238358	0.178666432845744
TCGAACA	707	1.00885026855644	0.07216866949048
TCGAACC	664	2.31874838419209	0.108912250568798
TCGAACT	2220	1.31893167827971	0.0961328595530414
TCGAAGA	1129	1.13931794735129	0.0677134313197967
TCGAAGC	783	2.21581088366697	0.112941859183535
TCGAAGG	848	1.63233465147359	0.0817864960091108
TCGAAGT	714	1.92413169078377	0.151605687594953
TCGAATA	588	1.40473580687643	0.181230063033606
TCGAATC	620	1.67566028047935	0.12476619725694
TCGAATG	736	1.46565615322467	0.13856053861102
TCGAATT	833	0.979388835861372	0.184791067425524
TCGACAA	872	1.08390455697886	0.0773819947736846
TCGACAC	593	1.22519084085054	0.0529280018485717
TCGACAG	724	1.23395500890099	0.0546392788965427
TCGACAT	575	1.11068894744813	0.0666661316889079
TCGACCA	584	1.51616372217444	0.0903491564328023
TCGACCC	604	1.70591894093469	0.155138249256022
TCGACCT	649	1.89138150348341	0.148658801863667
TCGACTA	316	1.16280291248948	0.127391021122499
TCGACTC	674	1.60916963704194	0.153631046445818
TCGACTG	649	1.32745612208711	0.149773262892299
TCGACTT	761	1.01734673999384	0.129126544008612
TCGAGAA	1209	1.46017886636201	0.0642544012100362
TCGAGAC	1767	1.77517038430223	0.0681645834966021
TCGAGAG	1027	1.01810528989465	0.0602024243211278
TCGAGAT	733	1.1520596870362	0.0557233861043795
TCGAGCA	798	0.920292104530032	0.0414914148470299
TCGAGCC	872	1.50315692019068	0.072466894088689
TCGAGCT	857	1.62200638960476	0.0704026162862087
TCGAGGA	1050	1.13487983254502	0.0575171865693328
TCGAGGC	2439	1.55595047600416	0.110670013013473
TCGAGGG	973	1.54050561691213	0.169208792119436
TCGAGGT	967	2.4134789646354	0.250804384655331
TCGAGTA	458	1.35556923550738	0.101325829045222
TCGAGTC	891	1.19821293993319	0.104076504081357
TCGAGTG	891	2.0760234227663	0.225292823062953
TCGAGTT	967	1.58234286475181	0.150199080106853
TCGATAA	682	1.03568751870142	0.105232833659277
TCGATAC	421	0.923339034688465	0.0639547938694822
TCGATAG	435	1.67100423591406	0.0687561555573422
TCGATAT	847	1.13105362805714	0.0970900256413873
TCGATCA	566	1.1718771056302	0.060479864267782
TCGATCC	760	1.16363940037925	0.0752632059821583
TCGATCT	912	0.874660943688092	0.0687238216527786
TCGATGA	799	1.13971935680932	0.0677764146186882
TCGATGC	973	1.91752011104471	0.137784665719751
TCGATGG	841	1.39860027241977	0.111234005254789
TCGATGT	895	2.33727575081487	0.211304584210498
TCGATTA	491	1.50459325330429	0.128205403025099
TCGATTC	985	1.64729157412052	0.126257022774691
TCGATTG	513	1.66650113469474	0.133608759714239
TCGATTT	1126	1.08105619461507	0.138094191468776
TCTAAAA	10714	1.55843375070361	0.50103956132881
TCTAAAC	5566	1.75847928129597	0.402718094372762
TCTAAAG	6887	1.89209065066278	0.261202892988384
TCTAAAT	7773	1.43650750456558	0.425055768636562
TCTAACA	5927	1.8416322283963	0.309917570146876
TCTAACC	4016	1.58269603743235	0.424035723646328
TCTAACG	833	1.33326155847318	0.385398532268674
TCTAACT	6152	1.26151174699435	0.396383957442446
TCTAAGA	7756	2.31732091839405	0.24600084029722
TCTAAGC	4551	1.65726923250039	0.262402376094906
TCTAAGG	5216	1.74672803967813	0.293109294915203
TCTAAGT	6364	1.26240566488103	0.349972162286823
TCTAATA	6092	1.08629050894754	0.385499355148079
TCTAATC	4118	1.48634336556209	0.363716958555444
TCTAATG	5274	1.41809208734123	0.407656267303376
TCTAATT	7303	1.12778269032263	0.428998592845219
TCTACAA	7903	1.36877244648515	0.193051855262739
TCTACAC	5442	1.3211691980322	0.138655655756027
TCTACAG	9544	1.29284928413463	0.077971526744159
TCTACAT	8212	1.21128849228912	0.141181675470747
TCTACCA	6655	1.26338041157389	0.118867672107508
TCTACCC	4784	1.08609683645096	0.175202290683256
TCTACCG	644	1.00286806463919	0.163381304814251
TCTACCT	7987	1.02928663967335	0.170811995781199
TCTACGA	614	1.27475703887229	0.124484653851886
TCTACGC	532	1.34293039546719	0.157007083369802
TCTACGG	645	1.38333296805893	0.171363054850752
TCTACGT	909	1.21441672514	0.191939903715124
TCTACTA	3838	0.827481183404744	0.185654221003821
TCTACTC	5132	0.74691044948221	0.184012963506359
TCTACTG	5687	0.732925853868999	0.165564863931644
TCTACTT	7920	0.758176370093359	0.232022407433464
TCTAGAA	9491	1.41752349514367	0.115476812224799
TCTAGAC	4336	1.18302755494785	0.0804955032961535
TCTAGAG	6885	1.04171158063015	0.0509611408380848
TCTAGAT	5660	1.0890280441577	0.0801476316465674
TCTAGCA	5126	1.20608641196994	0.0559214299591648
TCTAGCC	4716	1.24698178780171	0.0834706567044665
TCTAGCG	501	1.40634778594115	0.101638834355963
TCTAGCT	8158	1.15076089929419	0.0705733568822331
TCTAGGA	6292	1.29025917328656	0.0670337115379112
TCTAGGC	4678	1.09804396193495	0.0863014927801274
TCTAGGG	4754	1.06702606029584	0.09836177283182
TCTAGGT	5164	1.02119272875321	0.120978282387678
TCTAGTA	3778	0.900314740180342	0.111721064829817
TCTAGTC	4407	0.832716127475874	0.10282202771421
TCTAGTG	4546	0.803478386310775	0.108616627001133
TCTAGTT	6199	0.745169827526306	0.133517581189293
TCTATAA	8108	0.881047522448658	0.226453546675671
TCTATAC	4244	0.886360662706454	0.21668101071921
TCTATAG	5287	0.94648879726835	0.113666947676448
TCTATAT	7351	0.896873422688803	0.217817278722212
TCTATCA	6598	1.10249216994512	0.130984530458406
TCTATCC	4903	0.830175863944762	0.193638572774464
TCTATCG	595	0.802796133661881	0.20628035525048
TCTATCT	14176	0.802442702551137	0.174090695462611
TCTATGA	6785	1.32907295487764	0.132647217754626
TCTATGC	4584	0.999982791553306	0.133382708961202
TCTATGG	5934	1.14907981994659	0.163103400659999
TCTATGT	7879	1.15407026104148	0.16464787896951
TCTATTA	5596	0.931891828369736	0.282139463416267
TCTATTC	6518	0.787371765338852	0.270885984627041
TCTATTG	5527	0.705583858026264	0.227825831577987
TCTATTT	11757	0.891109098133837	0.341127840764563
TGAAAAA	14563	2.04034884633879	0.410787623359258
TGAAAAC	9752	1.96952316106835	0.216622188027956
TGAAAAG	11068	1.96404320532783	0.155121780834231
TGAAAAT	14802	1.63808804218238	0.275624073913209
TGAAACA	10090	1.58974585549387	0.129396935623041
TGAAACC	6189	1.61511661498391	0.141458738885872
TGAAACG	1062	1.58044945194565	0.158149502092291
TGAAACT	10296	1.42114956722026	0.165124994116415
TGAAAGA	11609	1.96669110347932	0.137349737859016
TGAAAGC	7629	1.63866370920115	0.106651953649892
TGAAAGG	9294	1.73603138076642	0.100699423445494
TGAAAGT	8123	1.65436982289352	0.180976128409858
TGAAATA	10979	1.53411347196738	0.25247689247814
TGAAATC	7191	1.52329159339105	0.180126516029256
TGAAATG	10990	1.52895282238823	0.199030661334939
TGAAATT	11598	1.5515453556009	0.294232073987701
TGAACAA	8567	1.65541874898319	0.123359843543705
TGAACAC	6761	1.30975221787902	0.0623417846894079
TGAACAG	7932	1.28845289826724	0.0542264474923563
TGAACAT	9545	1.13687674359785	0.0680448440191402
TGAACCA	6358	1.35809508202271	0.0710670200533079
TGAACCC	5299	1.32111532555237	0.0852494832810182
TGAACCG	707	1.60477103105558	0.095934360028469
TGAACCT	6615	1.48596316833006	0.102301064917313
TGAACGA	925	1.64738208540903	0.107351456151105
TGAACGC	859	1.96636159856542	0.137893674574266
TGAACGG	824	1.67679293999908	0.133527248015179
TGAACGT	1244	2.36451440540147	0.175782921096365
TGAACTA	6197	1.13030285214412	0.0878650368349564
TGAACTC	10706	1.27918177644888	0.087967654909224
TGAACTG	6954	1.41552188340089	0.0993430649125336
TGAACTT	8635	1.40766775437613	0.120572873294166
TGAAGAA	14516	1.52867885748412	0.0851133999847442
TGAAGAC	9693	0.942341390324362	0.0399739785477788
TGAAGAG	10335	0.895708010241297	0.03939413247194
TGAAGAT	10071	0.954014973295453	0.0402969663990591
TGAAGCA	8684	1.1290074478555	0.042172080685243
TGAAGCC	7590	1.50164421101905	0.0620302439216922
TGAAGCG	871	1.78643933452855	0.0824188099327281
TGAAGCT	8210	1.48110630647434	0.05879245796557
TGAAGGA	10467	1.25209346993987	0.0518207650815902
TGAAGGC	7203	1.4486320370917	0.0650796499625424
TGAAGGG	7655	1.50357234007727	0.0712220633904198
TGAAGGT	7338	1.29069997193579	0.0759472788113183
TGAAGTA	6725	1.42791786800858	0.080312199837182
TGAAGTC	7083	1.29853328874696	0.0767272203713651
TGAAGTG	7284	1.49700212550801	0.102279350010216
TGAAGTT	8860	1.39721411293809	0.0918080198035029
TGAATAA	9017	1.42807303842128	0.164855755836841
TGAATAC	4974	1.20998363016519	0.0923507579870029
TGAATAG	5666	1.17748904297414	0.0733440351024997
TGAATAT	9429	1.35602554411979	0.129604179399176
TGAATCA	6142	1.32066293119815	0.0775143294230425
TGAATCC	4859	1.15219635854677	0.0757911365806057
TGAATCG	709	1.09322571509257	0.0746696594798201
TGAATCT	7334	1.12444249694408	0.0838954834574077
TGAATGA	9057	1.82041054973478	0.125971729569414
TGAATGC	5988	1.82022223336482	0.12039480078776
TGAATGG	7157	1.77533345595599	0.115152255394222
TGAATGT	9499	1.73832233670647	0.133197845750957
TGAATTA	6730	1.44090148704214	0.159985048646444
TGAATTC	8216	1.37050132460821	0.132117941262491
TGAATTG	5344	1.28328820600196	0.109060702188118
TGAATTT	13215	1.43783552483088	0.20093744556692
TGCAAAA	8572	1.59992667995945	0.180587637798313
TGCAAAC	7044	1.58670710023236	0.113549783177722
TGCAAAG	8232	1.42044457926717	0.0788123081097683
TGCAAAT	9261	1.51856147135732	0.14047748259207
TGCAACA	4831	1.28440245707648	0.0637843758699896
TGCAACC	4173	1.37538604492153	0.0707139041529059
TGCAACG	605	1.15347767312669	0.0819909908488688
TGCAACT	4343	1.17451941648117	0.076856411086773
TGCAAGA	6433	1.18877981528639	0.0553021685731923
TGCAAGC	5605	1.56558971031618	0.0686227316278961
TGCAAGG	5703	1.16225025811963	0.0527461472932801
TGCAAGT	5503	1.53523129303083	0.0942637077869792
TGCAATA	4467	1.13853849409777	0.0824546646635601
TGCAATC	4357	1.25955300164457	0.0731346572324931
TGCAATG	5920	1.49276477890206	0.0986926882270989
TGCAATT	5052	1.22646749494216	0.121343554505432
TGCACAA	6369	1.45069801490138	0.0874584611661416
TGCACAC	12251	1.05771889111281	0.0544986435969595
TGCACAG	9393	1.20303606427365	0.0548671208220107
TGCACAT	9818	1.32407335887173	0.074390601220473
TGCACCA	5973	1.57457874164541	0.0961272624841156
TGCACCC	3962	1.84849520838742	0.145304923160477
TGCACCG	898	2.30481402057501	0.160282532014883
TGCACCT	5593	1.67871146319465	0.146006576293056
TGCACGA	876	1.32041945151346	0.07950483233016
TGCACGC	1787	1.79504114749598	0.151217607142918
TGCACGG	1197	1.81771720116117	0.157186288157708
TGCACGT	1804	1.88018183866061	0.155271261315122
TGCACTA	3691	1.21911827003764	0.0837594378701039
TGCACTC	4721	1.54695687600888	0.110922068032219
TGCACTG	6668	1.42610547752361	0.117262897900289
TGCACTT	5594	1.7564276886753	0.136812910051612
TGCAGAA	10292	1.28333313741155	0.0556354426350057
TGCAGAC	6961	0.874040360065772	0.0354238753059169
TGCAGAG	12315	0.945904177738582	0.0422716744631913
TGCAGAT	8004	0.974973808035549	0.0400374913963596
TGCAGCA	7622	1.31955028254569	0.0486545488908032
TGCAGCC	7438	1.69442232645073	0.0743595519717039
TGCAGCG	1238	1.42682105240381	0.0811591874200967
TGCAGCT	9139	1.28451562145155	0.0577539590169231
TGCAGGA	8450	1.40955398050249	0.0613336762260674
TGCAGGC	7634	1.37407563769858	0.0838928874821342
TGCAGGG	7930	1.46447669538526	0.102800863992589
TGCAGGT	6854	1.5481330811425	0.123829911613316
TGCAGTA	4661	1.24985590837006	0.0645726976751554
TGCAGTC	5383	1.46664308759919	0.0864912408720227
TGCAGTG	8363	1.53711351720144	0.111265474123284
TGCAGTT	7473	1.47963099016147	0.0920011508380511
TGCATAA	5334	1.3073716853187	0.104444076808699
TGCATAC	5998	1.05632759413002	0.0717983771131758
TGCATAG	4927	0.999052912096979	0.0504873751777936
TGCATAT	10225	1.5307337058586	0.121538521725439
TGCATCA	5767	1.12442067859182	0.0569251314021848
TGCATCC	5769	1.364848700198	0.0845732669407602
TGCATCG	992	1.87830308336686	0.0992383938112635
TGCATCT	8091	1.36632059849514	0.0861405138277753
TGCATGA	6216	1.31217913826794	0.0699893380312081
TGCATGC	9333	1.43348340405645	0.0945051392774425
TGCATGG	7151	1.54232093447389	0.108737824199767
TGCATGT	12583	1.64392605606216	0.124204784857997
TGCATTA	4660	1.14270794404374	0.0860593395370334
TGCATTC	6249	1.39703445943087	0.106122984712854
TGCATTG	5551	1.51005199475638	0.0967094318151549
TGCATTT	11895	1.74661665530798	0.14246193045615
TGGAAAA	14106	1.9560684747988	0.182601546525755
TGGAAAC	9275	1.46585379011021	0.087460269212862
TGGAAAG	13315	1.40348294471937	0.0739170254446826
TGGAAAT	12206	1.6051838483447	0.120539387958084
TGGAACA	9016	1.16855964845255	0.0493471840071715
TGGAACC	5307	1.26104752382022	0.0547387150274326
TGGAACG	1000	1.2238233245135	0.0718142556389583
TGGAACT	11851	1.4311050228801	0.0638353580179038
TGGAAGA	13392	1.21264241579061	0.0467890635238462
TGGAAGC	8360	1.79256680363677	0.0728336478715191
TGGAAGG	10762	1.50805700556646	0.0602922005833412
TGGAAGT	8238	1.77948981739034	0.112375619970303
TGGAATA	7669	1.03358299551596	0.0695300406753933
TGGAATC	6481	1.31296981371579	0.0643867644648239
TGGAATG	7522	1.70424440904355	0.100687785226174
TGGAATT	9779	1.55629288181215	0.108693276864061
TGGACAA	5938	1.53770215569295	0.10661353585522
TGGACAC	6428	1.32729933766917	0.0621644296749143
TGGACAG	8535	1.22282525055006	0.058574838003704
TGGACAT	6821	1.37822643079451	0.0739806642940011
TGGACCA	6285	1.45058784644088	0.0748462562917511
TGGACCC	3917	1.88110618895953	0.137640934213245
TGGACCG	712	3.53003479809753	0.197229782291592
TGGACCT	5768	1.68802303578857	0.13531407008816
TGGACGA	926	1.89776184240432	0.127287419545074
TGGACGC	726	1.88982581893669	0.205651148681542
TGGACGG	910	1.90508081693337	0.228948269954443
TGGACGT	925	2.16389325826272	0.265850725257694
TGGACTA	4219	1.31821479430585	0.0979903434965412
TGGACTC	5842	1.46979183033117	0.122354680194671
TGGACTG	6593	1.83520135548317	0.16785647086127
TGGACTT	7007	1.73595181456731	0.144914257580732
TGGAGAA	13028	1.47333652507873	0.0661975539684725
TGGAGAC	8231	1.1241380379256	0.0431304744796267
TGGAGAG	13580	1.21556508055959	0.0663935990679052
TGGAGAT	8652	1.0217776747184	0.0422758287141034
TGGAGCA	8599	1.01451989141122	0.0372436190829471
TGGAGCC	6949	1.5179227682891	0.0648619620599707
TGGAGCG	1192	1.38827216849748	0.0796720733727961
TGGAGCT	9532	1.15940692749136	0.0556089943749489
TGGAGGA	12374	1.31689721364604	0.0550409060247946
TGGAGGC	9098	2.06092652476863	0.151404036078015
TGGAGGG	9280	1.62546583770439	0.151616132333049
TGGAGGT	7742	2.00196291838687	0.237524145914344
TGGAGTA	5556	1.20828404369491	0.069724885614571
TGGAGTC	6656	1.63674537997463	0.114900571150066
TGGAGTG	7033	1.77713052126615	0.186522424892009
TGGAGTT	9286	1.53439014046402	0.1179483130039
TGGATAA	5474	1.37221814018407	0.105114169902583
TGGATAC	4946	1.5560481095864	0.0883919521301938
TGGATAG	4566	1.55923265554485	0.0785807014424196
TGGATAT	8732	1.67671440040965	0.137505523001681
TGGATCA	5839	1.19873328685444	0.0593430736933804
TGGATCC	6025	1.63316851855951	0.0907092311778285
TGGATCG	789	2.15841973379199	0.105158250222804
TGGATCT	7734	1.41105682207466	0.0860119026526238
TGGATGA	7165	1.47920418117016	0.0883759355827829
TGGATGC	7121	2.14500423863144	0.147768171651252
TGGATGG	10895	1.86749399896557	0.167972391753001
TGGATGT	7642	2.16081485832993	0.204979249352131
TGGATTA	4930	1.42775653230391	0.0969162930035145
TGGATTC	6383	1.65249846852125	0.113210035051976
TGGATTG	4939	1.52640836741343	0.109715779465322
TGGATTT	10728	1.72822444771885	0.144711271127614
TGTAAAA	10775	1.54895989885787	0.443224108099515
TGTAAAC	6046	1.74757357636483	0.309687135936207
TGTAAAG	6902	1.85637257057829	0.191893997147878
TGTAAAT	11228	1.5048335819722	0.305352296954644
TGTAACA	6316	1.60055178445484	0.214641622358919
TGTAACC	4220	1.46773396624154	0.272977994683079
TGTAACG	748	1.23273668602487	0.317829255569877
TGTAACT	8163	1.14026235283144	0.272918344678268
TGTAAGA	7604	1.94468187067401	0.177481225517359
TGTAAGC	6148	1.579194994113	0.160061677926384
TGTAAGG	5549	1.46901365313587	0.177401049796634
TGTAAGT	6969	1.30055745724145	0.228180354688994
TGTAATA	6453	1.14573590428009	0.280143198421626
TGTAATC	5084	1.45743556583533	0.245484724155828
TGTAATG	6332	1.39346439489398	0.268057243010681
TGTAATT	8837	1.1836696631666	0.354258878939897
TGTACAA	6864	1.34212229980682	0.121212110859481
TGTACAC	6471	1.20772534689395	0.0800859019695084
TGTACAG	6234	1.07128638577894	0.0586624581200121
TGTACAT	8465	1.36898251982888	0.103702791253455
TGTACCA	6152	1.58882141188063	0.109721775190129
TGTACCC	3808	1.60207433783014	0.153672515638722
TGTACCG	699	1.08150503169166	0.127234296705625
TGTACCT	5272	1.60714091892694	0.163936231583635
TGTACGA	570	1.18721228863368	0.0984750889201654
TGTACGC	578	1.66302442760287	0.140597105990723
TGTACGG	625	1.71366927903718	0.177197889534802
TGTACGT	1185	1.71985855008826	0.174491797765266
TGTACTA	4274	0.849227206602648	0.117359952240693
TGTACTC	5247	1.03054740197016	0.112211353009927
TGTACTG	6415	1.13021978966044	0.139623709468612
TGTACTT	7537	0.987784037434331	0.139704888098751
TGTAGAA	8829	1.17903163917964	0.0692764415370403
TGTAGAC	8331	0.921770447724826	0.039803869897547
TGTAGAG	6725	1.15072311985783	0.0449942847482549
TGTAGAT	7248	1.05195382442131	0.0485583760773025
TGTAGCA	6548	1.07345525479023	0.046334705822035
TGTAGCC	7831	1.41847391341991	0.0736092035396695
TGTAGCG	572	1.01819665081091	0.0679272471708143
TGTAGCT	8745	1.33157678704533	0.0578055982071819
TGTAGGA	5750	1.23628977903675	0.0562959732181107
TGTAGGC	4733	1.37092248851974	0.0828221264763994
TGTAGGG	4623	1.38812807461373	0.0957710829358028
TGTAGGT	5523	1.53446787104935	0.112731412588503
TGTAGTA	4673	0.940156668417921	0.066600837114768
TGTAGTC	4704	1.0212575136127	0.0762870308699071
TGTAGTG	4883	1.22218200501328	0.101713071151966
TGTAGTT	6382	1.04696823689601	0.0939373220966383
TGTATAA	7345	1.01392451495642	0.15197556387878
TGTATAC	5745	1.07425089093111	0.140077249210944
TGTATAG	5928	1.13253171445938	0.0789358489389673
TGTATAT	14838	1.31953226150305	0.170060118291652
TGTATCA	6313	1.12593423681449	0.0893911575147567
TGTATCC	5876	0.975013485874471	0.105983647922649
TGTATCG	619	0.887037079677085	0.115233545257491
TGTATCT	9220	0.994472995846771	0.114043353474525
TGTATGA	7188	1.32204895859672	0.0858942465880904
TGTATGC	7039	1.27831152205129	0.107568135032271
TGTATGG	5369	1.49867681472521	0.140513082389183
TGTATGT	20236	1.72003568470455	0.168964418668283
TGTATTA	6701	0.947887308278855	0.159064053532239
TGTATTC	6710	0.871691061305898	0.158077111959933
TGTATTG	5561	0.89580646932498	0.136938767246091
TGTATTT	14814	1.12813912129911	0.230790373468185
TGTGTGT	441	1.78853474211556	0.243154487551825
TTAAAAA	31416	1.54369332536301	0.64818346110283
TTAAAAC	10321	1.83397045443202	0.435201016985482
TTAAAAG	13830	1.88205356184681	0.291854926605464
TTAAAAT	20071	1.39305941010943	0.53469020101595
TTAAACA	9457	1.99545970401147	0.3275218050222
TTAAACC	4606	1.66347083267846	0.353450840164188
TTAAACG	938	1.62681840361718	0.419518279421729
TTAAACT	7909	1.37942375804474	0.394151232038224
TTAAAGA	13876	2.6212225556668	0.309136360473818
TTAAAGC	6411	2.25995008344386	0.281993105345609
TTAAAGG	11836	1.94701535412824	0.274467526072687
TTAAAGT	9012	1.58657397673898	0.37719274499736
TTAAATA	13319	1.27296741227832	0.449379958965414
TTAAATC	6914	1.5537793062633	0.387747187011047
TTAAATG	10750	1.5447124852282	0.42207584980487
TTAAATT	13000	1.29065517538845	0.554341742111274
TTAACAA	7487	1.42679509083615	0.15830196162627
TTAACAC	4446	1.34440062043673	0.110609014938259
TTAACAG	5840	1.29297949569262	0.0893274635457346
TTAACAT	7284	1.23256541597303	0.119100289012846
TTAACCA	6209	1.68765114636588	0.139646829665367
TTAACCC	3358	1.33942916615186	0.177692381203758
TTAACCG	745	1.42637631246874	0.156807592053392
TTAACCT	4906	1.54668539962558	0.181328991819784
TTAACGA	674	1.67831486900239	0.156266470884642
TTAACGC	411	1.52038104263838	0.173338377383641
TTAACGG	554	1.50163412104925	0.180874678569077
TTAACGT	861	1.51953070908892	0.183325769492698
TTAACTA	4998	0.969838885708556	0.173738204727195
TTAACTC	5093	1.12632713617703	0.187610334757096
TTAACTG	6418	1.09712348077718	0.15809442160773
TTAACTT	7398	0.970620068960226	0.215583670865432
TTAAGAA	10812	1.4786632051169	0.110605406340831
TTAAGAC	5170	1.37315327223874	0.0814947799006096
TTAAGAG	8780	1.04132151076125	0.0575931860259631
TTAAGAT	7100	1.35477756235153	0.0868818723353497
TTAAGCA	5541	1.45330200955106	0.0725691752420191
TTAAGCC	3553	1.88578667110477	0.116817162547501
TTAAGCG	465	1.83550579594803	0.121744451058106
TTAAGCT	4590	1.40230151366289	0.0928176556036258
TTAAGGA	7728	1.71369406509239	0.0941026211739885
TTAAGGC	4011	1.44271322995123	0.102970464292425
TTAAGGG	4572	1.33358581941571	0.105871105408084
TTAAGGT	4665	1.5594662596828	0.14458790579347
TTAAGTA	6013	1.36325676221351	0.129379849656456
TTAAGTC	4379	1.4660433322024	0.143852848339355
TTAAGTG	6025	1.32592500708319	0.148603380018433
TTAAGTT	7173	1.17748571800374	0.164982555277565
TTAATAA	10629	0.994935548727648	0.206517118113621
TTAATAC	4646	0.982793991396467	0.150581732468631
TTAATAG	6118	1.01001172519656	0.104280641571415
TTAATAT	11163	0.993089512754166	0.192875674490699
TTAATCA	6706	1.33346426354568	0.121821116407491
TTAATCC	7743	1.17754643402561	0.137290526473117
TTAATCG	588	1.11731334483922	0.133914681064834
TTAATCT	6877	1.0328332220776	0.144831734291443
TTAATGA	8443	1.63066689538285	0.14187187388883
TTAATGC	4055	1.30423103850632	0.136302400289073
TTAATGG	5441	1.34428052515882	0.144842751260001
TTAATGT	7967	1.35415644319726	0.161204430175851
TTAATTA	11306	1.04661570265183	0.256087361923673
TTAATTC	7054	0.985018255861232	0.236803047914955
TTAATTG	6900	0.974684911498829	0.176877325880003
TTAATTT	16740	1.01218667520601	0.349971474325101
TTCAAAA	13122	1.55645917666578	0.319858513573521
TTCAAAC	7664	1.51235638793012	0.179071711825812
TTCAAAG	11623	1.70006446146015	0.13064077210574
TTCAAAT	13158	1.37943106655334	0.221245030784206
TTCAACA	8720	1.56128426109495	0.142224915215986
TTCAACC	4101	1.39693276882635	0.134992030317276
TTCAACG	862	1.44509944519562	0.176329847797901
TTCAACT	6522	1.27254591200207	0.169826214464847
TTCAAGA	8758	1.70881244936455	0.116805276781746
TTCAAGC	4872	1.59965222612151	0.117791709257105
TTCAAGG	9748	1.28441207261806	0.0852718075438105
TTCAAGT	7998	1.36755459296458	0.160017364408144
TTCAATA	7492	1.27156516991452	0.202532037031343
TTCAATC	4776	1.40335254710247	0.140499090449794
TTCAATG	6545	1.3404114149387	0.152374119833029
TTCAATT	9342	1.29489592539118	0.242631919568257
TTCACAA	8505	1.36535598634932	0.0818707958444471
TTCACAC	7196	1.135847558726	0.0607939070199768
TTCACAG	10917	1.23567527460909	0.0542820195124718
TTCACAT	8876	1.20943971517291	0.0760268968473588
TTCACCA	6708	1.85001012540025	0.107060341137089
TTCACCC	4852	1.72122160047459	0.148418257723898
TTCACCG	1000	1.74357222505435	0.139438408518097
TTCACCT	6840	1.72118467629141	0.176675830029187
TTCACGA	940	1.67188976267134	0.0958233621014752
TTCACGC	803	2.8039327661826	0.185742102804258
TTCACGG	1244	1.87962494343862	0.160464615674707
TTCACGT	1678	1.629220015892	0.143149287116042
TTCACTA	5158	1.33517034894696	0.107448470744665
TTCACTC	6090	1.43962552178942	0.126505262879963
TTCACTG	8949	1.49767984307876	0.133259005601662
TTCACTT	8953	1.45846067730585	0.15521573039662
TTCAGAA	12659	1.53907621254505	0.0713674064185496
TTCAGAC	7874	1.21755517812572	0.0483164691540242
TTCAGAG	12079	1.24575722288328	0.0540137181454526
TTCAGAT	8809	1.45051454390974	0.059189380129725
TTCAGCA	8542	1.52281235480718	0.0562111640161108
TTCAGCC	6542	1.81786090101812	0.0903156934282055
TTCAGCG	999	1.64589933772248	0.08967514884206
TTCAGCT	9404	1.58757996775734	0.0814279739616549
TTCAGGA	9985	1.41203514003558	0.0658021362181789
TTCAGGC	5791	1.43747479997649	0.0955851221536479
TTCAGGG	7725	1.56750086099437	0.107509927108667
TTCAGGT	7850	1.6199150540232	0.140961707189592
TTCAGTA	6812	1.30923398021661	0.0704001271269495
TTCAGTC	7995	1.5899081966671	0.104706668413488
TTCAGTG	10221	1.48759722971401	0.11324901066318
TTCAGTT	11484	1.65036717090478	0.118173989338936
TTCATAA	10253	1.08174979429848	0.130058877424918
TTCATAC	5264	1.02056336677442	0.110917695101724
TTCATAG	7714	1.08581440921882	0.0695244915988639
TTCATAT	9703	1.3129301335888	0.155788468770004
TTCATCA	8269	1.06795470865065	0.0736789303971597
TTCATCC	6677	1.15776604817895	0.0988949136255119
TTCATCG	941	0.970180793793268	0.0950984223168874
TTCATCT	11239	1.0597307966943	0.0998607664881841
TTCATGA	8294	1.36701748961435	0.0831571400744968
TTCATGC	5669	1.48300423054303	0.109339909496323
TTCATGG	7493	1.56874228989702	0.120349725728161
TTCATGT	10373	1.5855606805387	0.130744526904706
TTCATTA	9286	1.18704189362643	0.151211734213259
TTCATTC	10929	1.16471970225654	0.142679234207718
TTCATTG	8719	1.17281672995139	0.127848781954708
TTCATTT	19438	1.20062976276004	0.215223509576243
TTGAAAA	14349	1.65946525596428	0.217121379877856
TTGAAAC	6561	1.61047963675059	0.130267726896437
TTGAAAG	8788	1.80356990166914	0.11097490151806
TTGAAAT	11494	1.62341560960966	0.175201848406268
TTGAACA	7455	1.57191478688521	0.0869081067049663
TTGAACC	4562	1.42898101801914	0.0851809453368959
TTGAACG	757	2.63131657525839	0.16023260674329
TTGAACT	11114	1.35005182587216	0.0894281725022586
TTGAAGA	10447	1.38568838570012	0.0703617577348461
TTGAAGC	5450	1.54772962188893	0.0821117887579368
TTGAAGG	7373	1.4938241638937	0.0789109771449421
TTGAAGT	7506	1.68692909482245	0.144354684350175
TTGAATA	7532	1.38049361638205	0.130629373712771
TTGAATC	5356	1.25216383992578	0.094479619458499
TTGAATG	7018	1.64942841335562	0.150447672050814
TTGAATT	9594	1.33732842759227	0.168194598936173
TTGACAA	7105	1.28312878455582	0.08025731866004
TTGACAC	5046	1.12802038863614	0.0583570218264697
TTGACAG	6343	1.20970040891849	0.0515479724691416
TTGACAT	6376	1.40029648013446	0.0754458931017107
TTGACCA	5103	1.74098302255385	0.0986741711062773
TTGACCC	3247	1.97349330450459	0.15519187230501
TTGACCG	513	2.43085806136959	0.15729585855149
TTGACCT	5910	1.75389342185431	0.142988969582673
TTGACGA	651	2.11739072677941	0.122671413722206
TTGACGC	422	1.52105281538447	0.169663174281395
TTGACGG	713	1.72791446684859	0.160433201880335
TTGACGT	781	2.28358224931516	0.261388517843752
TTGACTA	4192	1.52380118877202	0.122828378631786
TTGACTC	5244	1.58636069022803	0.153253422559511
TTGACTG	5700	1.86424863317735	0.175689534929837
TTGACTT	7831	1.62824537530153	0.175929793898778
TTGAGAA	11801	1.61930159493387	0.0792110086506565
TTGAGAC	8104	1.3327675904233	0.0576711053836716
TTGAGAG	8079	1.49295253169237	0.067774474244929
TTGAGAT	7313	1.30945024657934	0.063124594718358
TTGAGCA	5842	1.42533593911317	0.0524453303239503
TTGAGCC	4509	1.99229629003354	0.0892097995962231
TTGAGCG	687	1.9135060653748	0.113618907019761
TTGAGCT	6534	1.62925997488093	0.0804133260355408
TTGAGGA	7449	1.35687933238993	0.0701317600665696
TTGAGGC	6694	2.22785215382363	0.169623910651813
TTGAGGG	6023	1.64702097892024	0.182393536503671
TTGAGGT	6027	2.2273554141813	0.258098414282335
TTGAGTA	5175	1.24418267750536	0.0816778311943341
TTGAGTC	5099	1.78262173906797	0.146153790872773
TTGAGTG	5690	1.91007129271069	0.203878197158933
TTGAGTT	10833	1.74601236094143	0.166622647453722
TTGATAA	6333	1.50688776580896	0.119494205232344
TTGATAC	3884	1.2663183092839	0.0961522417338304
TTGATAG	4256	1.0709458281379	0.0630560172398553
TTGATAT	6952	1.71932539663363	0.138105083538516
TTGATCA	5387	1.18037768223326	0.0597141850343619
TTGATCC	4991	1.4913893298855	0.0828632110137035
TTGATCG	513	1.90251406665201	0.102375658639473
TTGATCT	7471	1.21933133786851	0.0826451629115395
TTGATGA	7498	1.35784711202382	0.0757858446069173
TTGATGC	4401	2.12026423076785	0.129358879752673
TTGATGG	6349	1.70029055885958	0.113675316902611
TTGATGT	7600	1.85962530257208	0.170845044004959
TTGATTA	5932	1.46048748117685	0.113826306260079
TTGATTC	5728	1.55459682211579	0.128072843992441
TTGATTG	6250	1.49886891691071	0.1218431038292
TTGATTT	13213	1.55703383921975	0.164398619723056
TTTAAAA	34400	1.53356234784847	0.666380192089698
TTTAAAC	8648	1.652380841128	0.476809328196391
TTTAAAG	14508	1.93975420261812	0.33660795339235
TTTAAAT	18489	1.30138110047547	0.474448729952086
TTTAACA	8516	1.90095059906855	0.359463655952544
TTTAACC	4914	1.56640705586525	0.442217593370285
TTTAACG	791	1.27003225728633	0.466015994500524
TTTAACT	8424	1.21435326889619	0.441043512682391
TTTAAGA	11030	2.33352342710067	0.311230775973079
TTTAAGC	4806	1.94583382679054	0.340808019309242
TTTAAGG	7653	1.88853033698803	0.311157899364149
TTTAAGT	8935	1.26878996506483	0.390555951430226
TTTAATA	13001	1.14639182605326	0.438565611275244
TTTAATC	10637	1.45388012039453	0.429284477625361
TTTAATG	10300	1.26492692069969	0.446366323345199
TTTAATT	17751	0.999038986032674	0.512779261831296
TTTACAA	9117	1.42476192279379	0.215107274939227
TTTACAC	6061	1.38191173109776	0.176947143703297
TTTACAG	8087	1.40519449824572	0.109636291058145
TTTACAT	11691	1.49273772667934	0.205986396679703
TTTACCA	6619	1.65161643414567	0.175793686375447
TTTACCC	4210	1.28076074053569	0.234256538562628
TTTACCG	605	1.1237752459274	0.223525011373095
TTTACCT	7623	1.26515845885965	0.228689061357143
TTTACGA	699	1.68760429504931	0.196744393325578
TTTACGC	412	1.02857228102635	0.191278232271914
TTTACGG	623	2.00703420710342	0.253759524096307
TTTACGT	1073	1.24933822237818	0.20898709416954
TTTACTA	6717	0.971570195627242	0.204092494752465
TTTACTC	5345	0.975441324218357	0.224051521781572
TTTACTG	7879	0.874714995786938	0.2088130267457
TTTACTT	10879	0.964044084834045	0.260546982806552
TTTAGAA	11300	1.68891294289482	0.166240063371046
TTTAGAC	4477	1.39945910581788	0.111275988684149
TTTAGAG	7631	1.46303883068546	0.084442943930898
TTTAGAT	7584	1.52640447561692	0.123026114377115
TTTAGCA	6445	1.42117204453701	0.0787674605489448
TTTAGCC	4056	1.43147928229491	0.117838360118452
TTTAGCG	516	1.21123103958643	0.132178858105483
TTTAGCT	7910	1.55634449181321	0.113625342634083
TTTAGGA	7935	1.56049952853154	0.101065535904057
TTTAGGC	3294	1.27678628177312	0.127041609707799
TTTAGGG	5534	1.40542408825522	0.138513727996674
TTTAGGT	6437	1.28865631148991	0.174625831488314
TTTAGTA	5958	1.11389549503219	0.147829437633798
TTTAGTC	5026	1.02825626288869	0.13534429611232
TTTAGTG	6744	1.01254995943387	0.14161265580557
TTTAGTT	9513	0.961632937837579	0.171599464062447
TTTATAA	13811	0.896872772681072	0.29780445798488
TTTATAC	6353	0.802912563815609	0.25864612157381
TTTATAG	7945	0.963825513776923	0.159230029896348
TTTATAT	17181	0.935660743079522	0.274470895706031
TTTATCA	10058	1.326652013144	0.19466368695438
TTTATCC	6323	0.881931393038571	0.247890497998113
TTTATCG	868	0.860322444727482	0.265524675574779
TTTATCT	11054	0.845934133311829	0.224659032499782
TTTATGA	9655	1.43464619774806	0.196049965985286
TTTATGC	5318	1.04143056216708	0.18437220419077
TTTATGG	6759	1.12285833620383	0.204057623074493
TTTATGT	13366	1.18773121888763	0.221594325603635
TTTATTA	15373	1.10103340812377	0.346479476627234
TTTATTC	11385	0.786825891039372	0.333004990047283
TTTATTG	11854	0.784690116442743	0.30059607675065
TTTATTT	39312	1.04473045281614	0.416881747511905
TTTTAAA	396	1.57573571942818	0.749539896932577
