AAAAAAA	38694	1.12407899645393	4.53100866488213
AAAAAAC	6156	0.727652726287665	4.83116528736721
AAAAAAG	7456	0.585657514032389	4.54032042833298
AAAAAAT	9324	0.587319443068917	5.23946709581769
AAAAACA	8993	0.660700429823489	3.75416725399557
AAAAACC	4100	0.731088602596342	4.85921768406278
AAAAACG	1027	0.598976911070983	5.29213348840134
AAAAACT	4098	0.615574112553947	5.11651433383234
AAAAAGA	8979	0.904531456464412	4.06982186608862
AAAAAGC	3304	0.815591147047082	5.53366395060548
AAAAAGG	4522	0.939360051944927	4.85832049705906
AAAAAGT	4065	0.585284254172601	5.07372062150787
AAAAATA	9101	0.29522105713668	3.91400031932927
AAAAATC	4454	0.461968790940509	4.75116333347596
AAAAATG	7589	0.200921804580014	4.04330240823785
AAAAATT	6214	0.51857070911627	5.05462975927822
AAAACAA	12286	0.449623767019749	2.91854375015148
AAAACAC	4590	0.449265407238941	3.54567058372577
AAAACAG	5002	0.281363954529301	3.01529235867759
AAAACAT	5090	0.4680152248415	3.23168877446368
AAAACCA	5869	0.322114937197399	2.72630797293619
AAAACCC	2890	0.478826361005399	3.51642445862981
AAAACCG	358	0.375592322764469	1.86639062553514
AAAACCT	3505	0.543795331327329	3.40202886984998
AAAACGA	691	0.473998045010354	2.27928093870776
AAAACGC	380	0.622712430623174	3.90983266859286
AAAACGG	430	0.727104168373417	3.79120720674559
AAAACGT	1017	0.630516622901243	3.48640975189867
AAAACTA	3541	0.211755130261555	2.84690159177514
AAAACTC	2944	0.455781145041913	3.46209697391662
AAAACTG	5026	0.240217255386334	3.1270011011488
AAAACTT	3682	0.504092362436728	3.44633479520476
AAAAGAA	11130	0.530398162054636	3.29505972173781
AAAAGAC	3616	0.48846445076862	3.34842364422415
AAAAGAG	4353	0.306021257338391	2.5242105962093
AAAAGAT	4325	0.449700695372621	3.50402593855122
AAAAGCA	5525	0.809230853052877	4.10850562861689
AAAAGCC	2995	1.1621973479127	5.04962671911895
AAAAGCG	333	0.872200365994694	4.30777293763605
AAAAGCT	3319	1.16672195022506	5.14801182528941
AAAAGGA	5280	0.617508050023083	3.2402636933564
AAAAGGC	2621	0.383851043331376	3.28152299640724
AAAAGGG	3060	0.451425986558915	3.6561456906096
AAAAGGT	2986	0.244887898910244	2.7354454551209
AAAAGTA	3566	0.405615493232768	3.43736645667275
AAAAGTC	3148	0.659576833473206	4.36284076356798
AAAAGTG	2868	0.318499459765553	3.67587824835828
AAAAGTT	3462	0.692230193756844	4.67528443475217
AAAATAA	10258	0.159361840935293	3.05607133794496
AAAATAC	4269	0.288681664615787	3.35005977130532
AAAATAG	3918	0.138161723809451	2.95777702364191
AAAATAT	7719	0.242819750634773	2.98095993035389
AAAATCA	6510	0.205332715566015	2.97556411378994
AAAATCC	3025	0.385098123221597	4.09590900838684
AAAATCG	425	0.247192030964906	3.0772199553122
AAAATCT	4252	0.503324153949507	4.06930705944341
AAAATGA	7754	0.316716414517335	3.03571414557683
AAAATGC	3620	0.501640578348289	4.59023230857676
AAAATGG	4451	0.630394932902323	4.85814586714314
AAAATGT	6215	0.431023355931752	4.00404977380205
AAAATTA	5976	0.233273557304234	3.67879948578998
AAAATTC	4261	0.386934985315911	4.20365459352719
AAAATTG	3677	0.214247302086839	3.27177835686992
AAAATTT	5609	0.667884296093454	4.79268379916451
AACAAAA	12170	0.402796790790949	3.46126429181435
AACAAAC	6771	0.51722538995126	3.78042661415278
AACAAAG	4414	0.259431485050719	3.1250476264811
AACAAAT	4393	0.274837309761086	3.30323056535086
AACAACA	6298	0.253172904895945	3.10150905216146
AACAACC	2161	0.266924804284249	3.25461749648283
AACAACG	353	0.178877692359599	2.33274743243099
AACAACT	2333	0.247616706682438	2.7234952426234
AACAAGA	3616	0.40367413600674	3.44428884455051
AACAAGC	2380	0.307671986880387	3.68021041715481
AACAAGG	2628	0.514768961546909	3.76276798113632
AACAAGT	2296	0.242354263926497	3.32844812831426
AACAATA	3287	0.188540673894571	3.1694870312501
AACAATC	1706	0.225942891346895	3.00392780551831
AACAATG	2919	0.12889535770264	2.78412023516916
AACAATT	2744	0.260774440751273	3.50686794770427
AACACAA	4019	0.242203799714839	2.1355181401902
AACACAC	4063	0.244290871746027	2.502030532981
AACACAG	4476	0.180302370277849	2.28634900777302
AACACAT	3926	0.283324565857512	2.39090257922323
AACACCA	2970	0.211257049144676	2.2214473893108
AACACCC	2125	0.288089740395424	3.16132740920863
AACACCG	323	0.315725727050713	2.32585364342074
AACACCT	1951	0.341387618771486	2.90453079967761
AACACGA	385	0.23746331435023	2.18597797608297
AACACGC	327	0.353320870570005	2.80984652338286
AACACGG	487	0.411409428144534	2.55846615308562
AACACGT	481	0.371387037528781	2.65035964234065
AACACTA	1969	0.162812834395168	2.25031570677234
AACACTC	2263	0.366670201386418	3.1679285278357
AACACTG	3193	0.218679316435536	2.70709566824306
AACACTT	2640	0.344696310080161	3.13805590371387
AACAGAA	5808	0.240518302081852	2.64424618198277
AACAGAC	2295	0.197407336249217	2.60203167396415
AACAGAG	3958	0.170103828909558	2.65572784880941
AACAGAT	2850	0.160714031331809	2.46842467715242
AACAGCA	3652	0.349087682394196	3.23241544595651
AACAGCC	2033	0.496433540840194	4.33467796744697
AACAGCG	354	0.470672767788916	3.35997374394011
AACAGCT	2685	0.560794304043479	4.7908779437414
AACAGGA	3421	0.234648509576477	2.58487461430925
AACAGGC	1939	0.153036292369415	2.69197951046567
AACAGGG	2211	0.226048788319622	3.55802878678741
AACAGGT	2150	0.0888318800557097	2.05461376044593
AACAGTA	2073	0.193533527908252	2.42191175612176
AACAGTC	1842	0.306413717806014	3.30606209840403
AACAGTG	2881	0.211411409534489	3.11173146708509
AACAGTT	2347	0.334986349098488	3.30146877306568
AACATAA	3025	0.126444249255202	2.54057904190301
AACATAC	1979	0.202487900948748	2.7747941494999
AACATAG	2305	0.101129731299017	2.52701401242176
AACATAT	2782	0.188711101346332	2.56626054284125
AACATCA	2901	0.138898886064532	2.29054273261519
AACATCC	2511	0.279838118204761	3.36209982362672
AACATCG	354	0.202218449734252	2.43345604885871
AACATCT	3032	0.3818364934915	4.02511390323955
AACATGA	2750	0.163520626932787	2.55112267918024
AACATGC	1865	0.232070968213888	3.14870810829728
AACATGG	2594	0.276040619474799	3.3456934619642
AACATGT	2566	0.296314159391514	3.15748677300697
AACATTA	2586	0.158922563548777	2.6918138974686
AACATTC	2503	0.295335589195708	3.50328530099078
AACATTG	2262	0.210580490635722	3.27574669218181
AACATTT	5190	0.503892331489782	3.85892328303042
AAGAAAA	12118	0.36289929108077	3.00811528390794
AAGAAAC	4322	0.3733992906963	3.3964098559904
AAGAAAG	9648	0.290736964728323	2.07679078879833
AAGAAAT	6550	0.336484186870191	3.24133478124895
AAGAACA	5242	0.321195619426238	2.72284897091101
AAGAACC	2490	0.363793567692948	3.64850080636418
AAGAACG	615	0.300518157873672	2.43176485403005
AAGAACT	3775	0.314411146682302	3.32138275495555
AAGAAGA	7629	0.424903408455081	3.37444716885345
AAGAAGC	3260	0.40062344272626	2.50568213842852
AAGAAGG	4812	0.417123332126944	2.97799421784172
AAGAAGT	3287	0.289436682561257	2.34937263467381
AAGAATA	3495	0.177324135960003	3.04901955343774
AAGAATC	2379	0.250677705346483	2.70632824708259
AAGAATG	4064	0.196869733383877	2.38805161847861
AAGAATT	4164	0.2228229629703	2.95267571494776
AAGACAA	4504	0.329483483567009	2.20173083983453
AAGACAC	2894	0.416688342472243	3.06188412453873
AAGACAG	5325	0.254890141319659	2.51818440494498
AAGACAT	3137	0.341082657869889	2.26650392141411
AAGACCA	3284	0.24365433836758	1.64360440625857
AAGACCC	2210	0.346184220036242	1.88756293530761
AAGACCG	296	0.427567487673889	0.771764498702932
AAGACCT	2453	0.369151261774567	2.08810585939538
AAGACGA	457	0.317372514236967	2.70526222897463
AAGACGC	279	0.305595641447987	3.3705076166204
AAGACGG	389	0.342808975857208	2.5299380306446
AAGACGT	351	0.252523028388303	1.98510916320574
AAGACTA	1919	0.133021674683596	1.7033398155587
AAGACTC	2081	0.302364472293883	1.87187140914059
AAGACTG	2857	0.25149771289211	1.43328207843855
AAGACTT	2753	0.287700236722187	1.67264956420134
AAGAGAA	6415	0.306287220884827	2.22877610881589
AAGAGAC	3121	0.257027600559332	2.26265147706444
AAGAGAG	5624	0.233342110687126	1.45399009329335
AAGAGAT	3555	0.188781581814734	1.81255036117565
AAGAGCA	4653	0.319187369732009	2.98139626414436
AAGAGCC	2131	0.508979568004752	3.50328376185155
AAGAGCG	403	0.384285375961345	1.21077220353535
AAGAGCT	3120	0.549369453855534	3.96746469457561
AAGAGGA	5067	0.275640189920933	2.24270590582921
AAGAGGC	2338	0.297054651966981	1.59748085796139
AAGAGGG	3499	0.17583947725678	2.21342006366061
AAGAGGT	2138	0.279789228502103	1.58233545740881
AAGAGTA	2163	0.110229933140807	1.89309816250685
AAGAGTC	2075	0.221846056139177	1.88706016208272
AAGAGTG	2539	0.176779032233279	1.58982627644597
AAGAGTT	2933	0.221197623617742	2.01824190631773
AAGATAA	3206	0.239906407397924	2.53822163750003
AAGATAC	2130	0.370333816236651	2.56445706146594
AAGATAG	2516	0.235334996309356	2.28059229997465
AAGATAT	3161	0.337371532838161	2.03328891338398
AAGATCA	3161	0.253251295459689	2.25991636522506
AAGATCC	2143	0.546965300065725	3.3589695554281
AAGATCG	363	0.467329332736834	1.95320296570915
AAGATCT	2928	0.40381370653785	3.10542450133846
AAGATGA	3373	0.289650645004758	2.91980740211337
AAGATGC	2311	0.351402293622029	2.17072560320359
AAGATGG	3899	0.392550156515111	3.42879458844631
AAGATGT	3101	0.277376551162192	2.22084550541063
AAGATTA	2134	0.209834027070278	2.66040817843572
AAGATTC	2267	0.427201271000353	3.03917148798931
AAGATTG	1834	0.258956660586858	2.69207886101345
AAGATTT	3891	0.585007070801233	3.82206728528879
AATAAAA	10247	0.202574769272906	3.78337329606913
AATAAAC	3532	0.178322075558654	4.04001228185783
AATAAAG	4434	0.173573798179958	4.21718474233513
AATAAAT	8541	0.126139867297648	3.74224611369507
AATAACA	3470	0.151822801697842	3.22826594917564
AATAACC	1683	0.187845168725228	4.07143516466566
AATAACG	286	0.115239344051423	3.5090578269404
AATAACT	2537	0.200161845029217	4.16795460988882
AATAAGA	3166	0.171824715734362	3.51804982201768
AATAAGC	1699	0.168502227485711	4.46388718099322
AATAAGG	2100	0.302893507317705	4.5247958902126
AATAAGT	2240	0.104608965578484	3.94774293750374
AATAATA	5062	0.0706758695593113	3.23576938893141
AATAATC	2125	0.123329383115668	4.7560294834242
AATAATG	2739	0.0475050742947492	2.98300013557555
AATAATT	3993	0.111790431986814	3.69940819060152
AATACAA	3281	0.168539449306651	2.1737150886589
AATACAC	2359	0.164514413715143	2.78656122640337
AATACAG	3021	0.159775415570233	2.92302809698624
AATACAT	3062	0.225124020264536	2.76282748689433
AATACCA	2227	0.168340276001755	2.17511782725957
AATACCC	1495	0.236663083462554	2.93747773421328
AATACCG	310	0.294967734833301	1.82489999768839
AATACCT	2331	0.309875764209806	3.0938152584123
AATACGT	412	0.27812841886194	2.75969694169381
AATACTA	1876	0.0962705772513793	2.24217224946579
AATACTC	1566	0.193162894704839	2.40670052325327
AATACTG	2024	0.154581173952037	3.05648815457861
AATACTT	2682	0.276531301436032	3.26409246784048
AATAGAA	4214	0.167938198799634	2.31019716243615
AATAGAC	1667	0.130636490976699	2.61692437727633
AATAGAG	2073	0.102075763403668	2.26251381838366
AATAGAT	2359	0.106087046513279	2.23556363195509
AATAGCA	2199	0.29307730191734	3.20268735293805
AATAGCC	1695	0.435486407017867	4.1774972306443
AATAGCT	2462	0.52893868724323	5.11971799305473
AATAGGA	2197	0.186754748541411	2.41713103629547
AATAGGC	1032	0.12362138484932	2.46965961452431
AATAGGG	1248	0.207754532647076	3.28824673809711
AATAGGT	1370	0.09459464000776	2.48751472244868
AATAGTA	1729	0.122962022404117	2.7674225875056
AATAGTC	1410	0.213578884978117	3.82262091721037
AATAGTG	1979	0.156191643184925	3.46840744697926
AATAGTT	2327	0.298400283698079	4.42469112497037
AATATAA	4100	0.106488653354819	2.87576758852301
AATATAC	2070	0.21758145165756	2.74671515246811
AATATAG	2112	0.137204479174713	3.66498511946963
AATATAT	4829	0.167645366895338	2.45126189341707
AATATCA	2935	0.110011002179956	2.6689184334445
AATATCC	2310	0.189237633607973	3.19646312004256
AATATCG	332	0.140369839481382	2.4380423924619
AATATCT	3424	0.307134223360254	3.838646884337
AATATGA	2765	0.117476409878713	2.56808891602269
AATATGC	1617	0.170280758816499	3.25088849269938
AATATGG	3249	0.420614826611972	4.48782104545285
AATATGT	3115	0.260397598214969	3.64587253206607
AATATTA	3376	0.103321213742658	3.57209106031529
AATATTC	2751	0.205316883459089	3.99859488050318
AATATTG	2442	0.14480883599661	3.75387908135709
AATATTT	6609	0.458068692520813	4.7483606966253
ACAAAAA	7894	0.356841262265617	3.38668029876683
ACAAAAC	6281	0.45719986068553	3.82872830875379
ACAAAAG	4470	0.228842416543366	2.82445322623938
ACAAAAT	5327	0.248436328252806	3.26598618669032
ACAAACA	8149	0.281472180893087	2.79812545869661
ACAAACC	2295	0.408725583783327	3.86747740404309
ACAAACG	482	0.247087872927983	2.68550163472648
ACAAACT	2881	0.359102350426263	3.76524125478399
ACAAAGA	5000	0.441395546622605	3.41979174379652
ACAAAGC	2792	0.455106509620225	3.30516916867072
ACAAAGG	3186	0.50789892056415	3.6788599809736
ACAAAGT	3501	0.333145344728075	3.06256956420017
ACAAATA	4022	0.139137285203093	2.79941295352007
ACAAATC	2045	0.307032330005149	3.82546369540353
ACAAATG	3968	0.172390745817526	2.82068527461438
ACAAATT	2991	0.283104038879663	3.64018685572244
ACAACAA	5366	0.182806245367296	2.1577025300055
ACAACAC	2253	0.238265857595192	2.57910121028372
ACAACAG	2810	0.159720527374429	2.8032491991956
ACAACAT	2624	0.249125159017285	2.2593188080497
ACAACCA	3462	0.178266767763528	1.8107534040719
ACAACCC	1649	0.265153221313865	2.2264512987271
ACAACCG	299	0.313614751688081	0.800373254865007
ACAACCT	1756	0.316156844123974	2.21686191560253
ACAACGA	308	0.206683858774801	1.98519359874713
ACAACGG	259	0.307740976576645	2.32951606244854
ACAACGT	372	0.242700961123833	2.31686691592433
ACAACTA	1664	0.140307972335457	2.02621495606861
ACAACTC	1670	0.305610186331161	2.06183322274867
ACAACTG	2392	0.236243579660018	1.68510672504256
ACAACTT	2450	0.284665221699748	1.79872093725475
ACAAGAA	4020	0.179412757580017	2.26081320299234
ACAAGAC	1892	0.23733777870331	2.25645302516478
ACAAGAG	3009	0.180195091226506	1.85671149843
ACAAGAT	2508	0.243580546431184	2.20070695122517
ACAAGCA	2957	0.243027079873102	3.10906568728734
ACAAGCC	2008	0.474912050785167	3.53628698114821
ACAAGCT	2429	0.561829574074616	4.00961730076999
ACAAGGA	3033	0.170941061577811	2.21771458590072
ACAAGGC	2176	0.211816574674565	1.58437611263289
ACAAGGG	2037	0.150863180467339	2.32244304578594
ACAAGGT	2067	0.189680035925353	1.53609878368936
ACAAGTA	1884	0.1574296319019	2.37640675549761
ACAAGTC	1788	0.293209433657216	2.31020981988633
ACAAGTG	2050	0.185344161217778	2.0021879608353
ACAAGTT	2169	0.293707616730557	2.56819053359455
ACAATAA	3123	0.0819812853282949	1.99743032141497
ACAATAC	1462	0.165244427401742	2.92668719777036
ACAATAG	1752	0.11457770089849	2.18977967255487
ACAATAT	2741	0.173801027091829	2.21668617337523
ACAATCA	2152	0.146999501235267	2.19458758057834
ACAATCC	1319	0.252423207965071	2.97388525369315
ACAATCT	1860	0.369186344376422	3.76947640799323
ACAATGA	2910	0.165267045452014	2.48053997708968
ACAATGC	1533	0.280654150988922	2.36556268479222
ACAATGG	2676	0.297241032802084	3.37253599747076
ACAATGT	2638	0.272791426952338	2.58687015778054
ACAATTA	2225	0.132207002097017	2.53813956602981
ACAATTC	1691	0.281191771006643	3.38025994130605
ACAATTG	1720	0.216274170427092	2.88239475408139
ACAATTT	3098	0.451486603609706	3.62379616436123
ACCAAAA	3842	0.317183949154002	2.94728044461479
ACCAAAC	2781	0.337104741034955	3.08526358046437
ACCAAAG	3162	0.183544850849089	2.60553751270476
ACCAAAT	2452	0.229182910691876	2.7420439726205
ACCAACA	2791	0.228524692206951	2.75719364090873
ACCAACC	2038	0.354383457030508	2.27672264244955
ACCAACT	1893	0.283543658996706	3.07884868424892
ACCAAGA	2884	0.323958355229635	3.06960084908163
ACCAAGC	1781	0.31310367170103	3.57356060798371
ACCAAGG	2549	0.33012558934078	2.99028306337339
ACCAAGT	2152	0.154153349634794	2.43348296883452
ACCAATA	1576	0.117239931843861	2.6544203249238
ACCAATC	1264	0.240346226563617	3.52540578294425
ACCAATG	1940	0.140406459598851	3.52090272604464
ACCAATT	1611	0.186965920485402	2.98443009666176
ACCACAA	2366	0.183880940792948	1.8766905623157
ACCACAC	2744	0.209659795024973	2.2558706017679
ACCACAG	3334	0.140553843905292	2.00661269279193
ACCACAT	3312	0.246517429486504	1.91776137945557
ACCACCA	4287	0.158165656646953	2.01732474981557
ACCACCC	1752	0.273224069884993	2.30004614203929
ACCACCG	467	0.228309880810107	1.00121794056469
ACCACCT	2038	0.254938448895084	2.32059990219092
ACCACGA	352	0.180854723205579	1.67870493191778
ACCACGC	547	0.261535853918379	2.19385543004116
ACCACGG	417	0.33395431500384	3.05340765328823
ACCACGT	488	0.232055571104799	2.23582885785411
ACCACTA	1299	0.154854961588192	2.04780932458247
ACCACTC	1840	0.332341168474763	2.06968398014394
ACCACTG	3228	0.222765855294152	1.89665542690207
ACCACTT	1896	0.315936327888099	2.42842251216405
ACCAGAA	3272	0.156965105123908	2.07859697666396
ACCAGAC	1797	0.186853917285731	2.38299215514661
ACCAGAG	3468	0.137786314892423	1.99810425478783
ACCAGAT	1920	0.151295693583363	2.13319863272822
ACCAGCA	2630	0.2032765703858	2.36569666864473
ACCAGCC	2266	0.461814631088036	3.72077286215004
ACCAGCG	292	0.249183476093329	1.54878594523182
ACCAGCT	2214	0.450999337424396	3.97362173269173
ACCAGGA	2752	0.166977852764765	2.49367038098495
ACCAGGC	3129	0.13264809837632	2.43360219697306
ACCAGGG	2206	0.105176309055924	2.44716660270335
ACCAGGT	1791	0.0827365750277492	1.3141183317706
ACCAGTA	1811	0.148165470089059	2.21896925477427
ACCAGTC	1516	0.231759850488794	2.44908635186878
ACCAGTG	1900	0.142270837846636	1.87853676432027
ACCAGTT	1723	0.266878911561955	2.86560250365218
ACCATAA	1732	0.112169740098167	2.30151424726474
ACCATAC	1238	0.165601624318694	2.54309942812118
ACCATAG	1737	0.090149578246766	1.94436171457664
ACCATAT	1781	0.190642311872862	2.27617268148806
ACCATCA	2660	0.134787390357426	2.1373109681091
ACCATCC	2235	0.307347629633911	2.95827265971583
ACCATCT	2956	0.34774381920161	3.36013856527292
ACCATGA	2573	0.157701330102496	2.43449964868726
ACCATGC	2396	0.236696738514149	2.79194707905588
ACCATGG	2258	0.250716330523707	3.0529691218919
ACCATGT	3202	0.267348996691325	2.42754993070463
ACCATTA	1413	0.16594691996133	2.77579170265374
ACCATTC	1568	0.346866980122284	3.51145265733513
ACCATTG	1827	0.205970956491827	2.94981460695977
ACCATTT	2889	0.546008146123926	4.0604048117201
ACGAAAA	457	0.253451313958038	2.47503050086402
ACGAAAC	293	0.293728497819177	2.59628096822934
ACGAAAG	394	0.202560188010104	2.07261028008022
ACGAAAT	740	0.208595188665644	2.47210982054809
ACGAACA	322	0.239123013777466	2.15448819104391
ACGAAGA	457	0.331900836059601	3.16328280067337
ACGAAGC	282	0.355224451912062	1.55568192904439
ACGAAGG	335	0.337412775666216	1.95232171621388
ACGAAGT	277	0.303608712561713	1.70483394102998
ACGAATC	261	0.216678113835112	1.98757962885777
ACGAATG	367	0.256402026361644	1.65584113146563
ACGAATT	343	0.227862534264822	1.73892734175263
ACGACAA	344	0.210272011814428	2.21474035702079
ACGACAG	317	0.123039712328958	1.75012767064067
ACGACCA	278	0.14350999522373	1.42535626285345
ACGACTG	283	0.231732836006179	1.12508459665036
ACGACTT	441	0.159949005349894	1.21775778552381
ACGAGAA	457	0.178794653333362	1.96198357640533
ACGAGAG	399	0.223261244919588	1.37220498805809
ACGAGAT	352	0.159658208366495	1.59081270930251
ACGAGCA	318	0.154572368030803	1.98292165891868
ACGAGCT	370	0.274353099337404	3.45187654924862
ACGAGGA	479	0.176341797163331	1.47281443646665
ACGAGGC	337	0.321695855887614	1.32538692625697
ACGAGGG	325	0.178518645226379	1.99866565304902
ACGAGGT	262	0.339442532413397	1.37397906939517
ACGAGTG	285	0.224463896460617	1.40224441104041
ACGAGTT	260	0.155765132797611	1.40752305161267
ACGATAA	265	0.110415832284164	1.83950218467735
ACGATCT	282	0.238569858306134	2.55326596773316
ACGATGA	387	0.136324017519551	2.33343790324427
ACGATGC	273	0.238414205921171	1.8114464108493
ACGATGG	350	0.207053455831426	2.84526468212444
ACGATGT	309	0.225042589448147	1.80839952554485
ACGATTT	350	0.360259806786393	3.68983789560518
ACTAAAA	3220	0.231406978040436	3.40005434046193
ACTAAAC	1782	0.21392508563828	3.41527156996493
ACTAAAG	2131	0.207965302207311	3.85508519755875
ACTAAAT	2260	0.218178413560189	3.84260019185666
ACTAACA	2005	0.206956631562056	4.08563827471448
ACTAACC	1446	0.278051350798152	3.75604443132795
ACTAACT	1542	0.303314873128203	4.53736241804238
ACTAAGA	2240	0.221994037817563	3.22988879489264
ACTAAGC	1266	0.30087029907447	4.98097897909033
ACTAAGG	1720	0.426195441723234	4.84929480775528
ACTAAGT	1413	0.137480090565824	2.95040554744688
ACTAATA	1903	0.0748116562606346	2.84728455197194
ACTAATC	888	0.157343371286192	3.98877392415225
ACTAATG	1351	0.0792108743755773	3.42562583873638
ACTAATT	1833	0.174205704338075	4.18207878003353
ACTACAA	1605	0.162700672227819	1.83012853601073
ACTACAC	1383	0.205600897931014	2.5509631460982
ACTACAG	2100	0.13792935575356	2.36433401688599
ACTACAT	1766	0.24214389074042	2.42872611665649
ACTACCA	1545	0.168723446683914	2.38093546910579
ACTACCC	902	0.365558054826394	2.75369777194124
ACTACCG	260	0.143227049910519	1.23949721465459
ACTACCT	1353	0.316152587139851	2.57103206015123
ACTACTA	1209	0.0962900809692549	2.03449068765108
ACTACTC	1249	0.333116602972105	2.3650641699304
ACTACTG	1532	0.141646474278184	1.91144739962637
ACTACTT	1624	0.271978065872221	2.74914942108204
ACTAGAA	2295	0.172082126230009	2.47997418777909
ACTAGAC	1125	0.151844624097546	2.56869111512254
ACTAGAG	1741	0.106542611327739	2.05115888581313
ACTAGAT	1312	0.181701643167643	2.98236380135758
ACTAGCA	1532	0.300391245857243	3.25236107980865
ACTAGCC	1036	0.629922744722592	4.74567745040739
ACTAGCT	1246	0.852079487044077	5.3548676899401
ACTAGGA	1540	0.200293683394073	2.57845782947777
ACTAGGC	1391	0.137834030531189	2.61055732014408
ACTAGGG	1064	0.203096897284704	3.94478832952769
ACTAGGT	1137	0.0962608455007939	1.97836333143505
ACTAGTA	891	0.130347994300577	3.64536552503201
ACTAGTC	801	0.224361045434416	3.05036160618489
ACTAGTG	957	0.103042488315818	2.32876420636379
ACTAGTT	1139	0.255226123234474	3.5367717324737
ACTATAA	1938	0.0881596781492535	2.64250895308738
ACTATAC	1147	0.133003740267041	2.96702438023557
ACTATAG	1244	0.0812903169463004	2.71999080581371
ACTATAT	2003	0.18542588824691	3.45346047803545
ACTATCA	1524	0.124109886595576	2.26249965062721
ACTATCC	954	0.291428631759996	4.05958409369259
ACTATCT	1580	0.337667687209105	4.01055428067867
ACTATGA	1754	0.135994160528622	2.74088522970994
ACTATGC	1404	0.259669217473521	3.65794779183254
ACTATGG	1283	0.329186310152175	4.05571017963234
ACTATGT	2590	0.279108338103205	3.16707401750106
ACTATTA	1958	0.105056361002681	2.80212838186158
ACTATTC	1440	0.224997902241274	4.0397642481674
ACTATTG	1510	0.15238262520037	3.35157475969375
ACTATTT	2527	0.450316234882929	4.13025196129597
AGAAAAA	9507	0.34397382535357	3.27284935742258
AGAAAAC	6031	0.327860356822187	3.64977141321345
AGAAAAG	6751	0.20605111827729	2.76595780728197
AGAAAAT	7923	0.217377681214734	2.90027404394592
AGAAACA	6447	0.253962999436038	2.59350464561421
AGAAACC	4308	0.28894795805727	3.42818017416805
AGAAACG	711	0.217913603413749	2.87803631962078
AGAAACT	4407	0.292588665903691	3.40135326841049
AGAAAGA	10760	0.348225810001154	2.38259078598089
AGAAAGC	4018	0.315954796103223	3.40140195028966
AGAAAGG	5614	0.435844648393245	3.45499956388262
AGAAAGT	4429	0.231554781633178	3.2504394986116
AGAAATA	5648	0.115664617856706	2.54645078823192
AGAAATC	3968	0.208097492019136	3.22250877843714
AGAAATG	6253	0.11159419078165	3.27096644221452
AGAAATT	4899	0.203496904312861	3.3473371406203
AGAACAA	4195	0.156293438033806	1.98318865258549
AGAACAC	3520	0.199044670646462	2.47891634033394
AGAACAG	4131	0.13712977329564	2.16106713061279
AGAACAT	3576	0.251248294029804	2.36786679287499
AGAACCA	3044	0.145354043800114	2.13839073598641
AGAACCC	2443	0.198450923787233	2.41109881957236
AGAACCG	350	0.255180332514063	1.11262044478075
AGAACCT	2617	0.271538451726804	2.37600097095447
AGAACGA	509	0.338955225861131	2.08368871855271
AGAACGC	346	0.236684198965179	2.32715823805814
AGAACGG	451	0.346211849684876	2.21791896802101
AGAACGT	484	0.24654384270251	1.99846007338567
AGAACTA	2366	0.124994413982453	2.42983767036519
AGAACTC	3422	0.224785983009343	2.22244005848172
AGAACTG	3493	0.136436111236462	1.59230238870735
AGAACTT	3195	0.235058568926072	1.99418757800603
AGAAGAA	8139	0.188192197216915	2.37386737974832
AGAAGAC	3386	0.246691811915511	2.65477169377117
AGAAGAG	6455	0.154565528252583	1.90800568907729
AGAAGAT	4272	0.222189491137672	2.10977985245667
AGAAGCA	4773	0.310293253688188	2.45508912650307
AGAAGCC	3176	0.459738494677837	3.22620271978007
AGAAGCG	382	0.341835428497346	2.09964647506769
AGAAGCT	4094	0.542795794740258	3.72006173641266
AGAAGGA	5600	0.199152923892076	2.22597645647351
AGAAGGC	2738	0.16763576012239	1.69853429190882
AGAAGGG	3713	0.159817647499583	2.38849267068006
AGAAGGT	3011	0.133748120250793	1.51965050307004
AGAAGTA	2600	0.22433980547393	2.17749026431025
AGAAGTC	2601	0.243954156996949	2.20650276890872
AGAAGTG	3455	0.168357328164407	2.01784339144646
AGAAGTT	3186	0.319578481247037	3.27735140346753
AGAATAA	3538	0.0699092018902973	1.96351260387402
AGAATAC	2194	0.140676234903831	2.54081350924282
AGAATAG	2255	0.0879605066610731	2.21097967603522
AGAATAT	3226	0.173061358886232	2.1604449572578
AGAATCA	2936	0.147597657382371	2.17592859355716
AGAATCC	2098	0.226219520237297	2.91010876704596
AGAATCG	375	0.198078342539931	1.6524005289892
AGAATCT	3061	0.288943373016535	3.04265834545237
AGAATGA	3882	0.20027070169475	2.30005807989116
AGAATGC	2199	0.246022410249472	2.61699094834811
AGAATGG	3306	0.350849583191853	2.92292905156347
AGAATGT	3243	0.260640949015617	2.75729769813023
AGAATTA	3026	0.13440308804436	2.74946137119979
AGAATTC	3183	0.233996209677797	3.33308783543723
AGAATTG	2964	0.157657101782302	2.94383589344162
AGAATTT	4211	0.409322492601818	3.46180431789453
AGCAAAA	4281	0.233154986612871	3.03195926178907
AGCAAAC	2940	0.228092126592979	3.06893502339098
AGCAAAG	3533	0.192983128317634	2.97937609452184
AGCAAAT	3124	0.253152365654352	3.24868688778335
AGCAACA	3267	0.221303032247493	2.91292666838422
AGCAACC	2043	0.234202798882365	3.18744719868367
AGCAACG	326	0.20993490468915	3.20001593332908
AGCAACT	2075	0.285867080331774	3.14095107849833
AGCAAGA	3702	0.337992231812178	3.68134779786594
AGCAAGC	3186	0.288205015068296	3.69344414681227
AGCAAGG	2614	0.376324351487453	3.10490284562864
AGCAAGT	2558	0.222710911992404	3.08375946291468
AGCAATA	2397	0.15164154178055	3.31424428084617
AGCAATC	1911	0.259938389065453	3.40616184863295
AGCAATG	2757	0.139698735520156	3.19712885099834
AGCAATT	2321	0.234891543606079	4.28161794019521
AGCACAA	2471	0.165967082802874	1.85910439908224
AGCACAC	2928	0.191589920847271	2.40591717912374
AGCACAG	4117	0.130663181990075	2.21079260284039
AGCACAT	2611	0.207166524116702	2.07943930964718
AGCACCA	2656	0.164954569045631	2.04776934704122
AGCACCC	2203	0.195446720100216	2.27252296008963
AGCACCG	445	0.213887666884476	1.1958602509285
AGCACCT	2389	0.246992277923522	2.37274247002707
AGCACGA	344	0.218396810558055	1.81984998098333
AGCACGC	311	0.189223709150076	1.78771150870865
AGCACGG	505	0.306814303345109	2.69174580675889
AGCACGT	459	0.271945588215843	2.15060809797607
AGCACTA	1447	0.139828604438549	1.87338590862597
AGCACTC	2618	0.277810504691086	2.20040518161687
AGCACTG	3438	0.183015275522391	2.03642335617798
AGCACTT	3311	0.2630184313981	2.31509660671106
AGCAGAA	4185	0.179506614864106	2.46330674651406
AGCAGAC	2281	0.196227285686022	2.53789131161653
AGCAGAG	4735	0.125282012502784	1.83649118719718
AGCAGAT	2683	0.162633322331939	2.33093482234399
AGCAGCA	4236	0.209755519401623	2.97053377875533
AGCAGCC	3189	0.403071638579231	3.70690583681379
AGCAGCG	595	0.242293113732676	1.74730698782053
AGCAGCT	3284	0.457256197906001	4.17196069490502
AGCAGGA	3684	0.165468246895908	2.48783049527052
AGCAGGC	2710	0.119702183931217	1.88763606733771
AGCAGGG	3151	0.119135423158086	2.64330917499961
AGCAGGT	2587	0.0964932244648204	1.49460230269297
AGCAGTA	2093	0.175192331600626	2.65369195410022
AGCAGTC	2317	0.225499173870514	2.7346054155962
AGCAGTG	3005	0.140503341331014	1.97560164357682
AGCAGTT	2474	0.267302716263778	3.12717674736653
AGCATAA	1835	0.120349526151898	2.47361208913215
AGCATAC	1342	0.19024728653488	2.67660078608529
AGCATAG	1743	0.136093215320572	2.48818860930181
AGCATAT	2091	0.240460430739422	2.48516173406925
AGCATCA	2787	0.154961833952636	2.62204390773613
AGCATCC	3002	0.345688786575288	3.47904459592612
AGCATCG	366	0.2170220864727	1.71211803156213
AGCATCT	3293	0.434021922945571	3.58195877248398
AGCATGA	2153	0.17019540880142	2.86909772986148
AGCATGC	2157	0.240343856636877	2.7698732041393
AGCATGG	2896	0.274806045571993	3.17315094846208
AGCATGT	2850	0.303568075423198	2.81540938356253
AGCATTA	1697	0.176522070541274	2.75470781056058
AGCATTC	2099	0.357469749989614	3.56305654048012
AGCATTG	2223	0.238161837154596	3.39387877712152
AGCATTT	4125	0.54665880004454	4.21214697087392
AGGAAAA	7509	0.255468800230916	2.78449985573335
AGGAAAC	3362	0.252060220234382	2.74546199258614
AGGAAAG	5875	0.194462259726495	2.02852100073128
AGGAAAT	4652	0.208755313461166	2.24118785375323
AGGAACA	3818	0.272531294111603	2.80214137992353
AGGAACC	2286	0.31969275866573	3.15870900862174
AGGAACG	449	0.247413492402127	1.42969309901558
AGGAACT	3276	0.22683079206105	2.69389949023878
AGGAAGA	6709	0.233680900273258	2.80094800838057
AGGAAGC	3833	0.289275003772957	1.49433864618577
AGGAAGG	6768	0.28482932544753	2.33613567191022
AGGAAGT	3772	0.221947085563319	1.75781558707701
AGGAATA	2796	0.111529631921124	2.3605303754481
AGGAATC	1919	0.192209582988876	2.12632131403019
AGGAATG	3431	0.184830016549956	1.68613682567481
AGGAATT	3339	0.209585708604524	2.51321125390579
AGGACAA	2894	0.119176356840448	1.71129025870706
AGGACAC	2798	0.146722208398813	2.20466737006788
AGGACAG	5058	0.0976594623678668	1.7383755805457
AGGACAT	3114	0.181435300780627	1.94979955076402
AGGACCA	2568	0.125312819571957	1.69880342928851
AGGACCC	2226	0.186972315891726	1.1989636997799
AGGACCG	329	0.242895018138033	0.555512272485925
AGGACCT	3160	0.204822921716973	1.4496143854708
AGGACGA	358	0.125130650670006	1.80242189535987
AGGACGC	252	0.131305407654885	1.4251069871328
AGGACGG	434	0.204689473355783	2.86541774874626
AGGACGT	937	0.173564909577539	3.08374933289661
AGGACTA	1564	0.104050960039514	1.52994416015427
AGGACTC	2061	0.183674692161683	1.12006671637809
AGGACTG	2888	0.179161421339551	1.07680322362108
AGGACTT	2711	0.182458392536267	1.18692616113108
AGGAGAA	5165	0.123080274751409	1.67672134971281
AGGAGAC	2702	0.138740824967397	1.56558163715852
AGGAGAG	5596	0.168467598893126	1.302896107288
AGGAGAT	2936	0.13583877064689	1.38382474708077
AGGAGCA	2896	0.130535300901899	2.34091306126234
AGGAGCC	2557	0.26442998147814	2.85761087951728
AGGAGCG	416	0.229796898549316	0.953075666964142
AGGAGCT	3987	0.209084847219754	2.86876086436766
AGGAGGA	6564	0.0981732904348616	1.67713584901345
AGGAGGC	2949	0.237417073951175	1.16313143105754
AGGAGGG	3882	0.101510873604548	1.55672921616484
AGGAGGT	2653	0.224808027246712	1.21897004077181
AGGAGTA	1705	0.0583021886505028	1.59232629303669
AGGAGTC	1902	0.138528825844876	1.1245104155936
AGGAGTG	2768	0.143006604645365	1.34143819290158
AGGAGTT	2794	0.155449160115305	1.5754140059346
AGGATAA	2315	0.112298725710487	1.93828489817646
AGGATAC	1392	0.171234378782159	1.96920736907037
AGGATAG	1967	0.121443800011316	1.77114311454978
AGGATAT	2166	0.232917655738588	1.37252084607845
AGGATCA	2182	0.121577717718672	2.32884861131156
AGGATCC	2165	0.219231170343406	2.09474109876971
AGGATCG	253	0.198885566017911	0.991964054010568
AGGATCT	2726	0.244494308686841	2.43779588370222
AGGATGA	3013	0.130330975730676	2.34926871960726
AGGATGC	2188	0.188819099125643	1.75078742147016
AGGATGG	3436	0.175619747449236	2.51235554004524
AGGATGT	2824	0.164918017780942	1.76875630585307
AGGATTA	1815	0.121416689537755	2.0218901367002
AGGATTC	1891	0.247694183486098	2.29919968756076
AGGATTG	1738	0.161025340571823	1.9636686905652
AGGATTT	2950	0.321698152956591	2.81923470434274
AGTAAAA	3616	0.299177995416419	3.72687084444166
AGTAAAC	1542	0.299165387925101	4.11828561881573
AGTAAAG	2431	0.25704304935031	4.17430250483331
AGTAAAT	2847	0.270304723306137	3.96207579329859
AGTAACA	2137	0.190387815189977	3.44025366667042
AGTAACC	1122	0.305784137190511	3.85425893075364
AGTAACT	1781	0.261069848282142	4.21984952931035
AGTAAGA	2379	0.305315716302021	4.17171697589748
AGTAAGC	1354	0.274154324726966	3.24548376687324
AGTAAGG	1611	0.367668444946366	4.07524958344592
AGTAAGT	1945	0.238250101153188	4.07719726479363
AGTAATA	1944	0.0830446258571508	3.00230966175562
AGTAATC	1053	0.202215954652281	3.71915304496688
AGTAATG	1652	0.137561010404643	5.55789173150621
AGTAATT	2226	0.206133927939598	4.36401958098728
AGTACAA	1870	0.157722776808055	2.02513491944959
AGTACAC	1753	0.194889323605325	2.67246665225575
AGTACAG	2445	0.172017848360848	3.04223430914409
AGTACAT	1982	0.275153943517122	3.04792632328537
AGTACCA	1607	0.175227184636975	2.42376915384028
AGTACCC	1541	0.217853262443548	2.81420730030866
AGTACCT	1443	0.364405096569302	2.85206642568134
AGTACTA	1923	0.113097936273704	2.00961954637181
AGTACTC	1521	0.325505724175166	2.93328420862584
AGTACTG	1705	0.178073428904309	2.16842730313749
AGTACTT	1904	0.307281136354667	2.42803249045744
AGTAGAA	2590	0.232647147465021	3.14323897634404
AGTAGAC	1507	0.182477580307424	2.53828574505004
AGTAGAG	2020	0.149241767147337	2.20633930379338
AGTAGAT	1756	0.206356327501409	2.92145397797008
AGTAGCA	1743	0.299349783110116	3.47009803114391
AGTAGCC	1564	0.557833963313968	4.03784692985365
AGTAGCT	1796	0.783460588686713	4.13618398416254
AGTAGGA	1816	0.233204746354064	2.74149628423966
AGTAGGC	1134	0.220093404453627	2.37717070345091
AGTAGGG	1306	0.228162158502088	3.36584601228491
AGTAGGT	1645	0.163917602515823	1.74644329778481
AGTAGTA	1701	0.124975981426585	2.53570363958129
AGTAGTC	1045	0.317725738382719	3.33064810139172
AGTAGTG	1302	0.177808577861484	2.39209072201784
AGTAGTT	1517	0.364039647671393	3.59911194676355
AGTATAA	1851	0.10944408721701	2.48625337229416
AGTATAC	1097	0.156416859164987	3.4163248564122
AGTATAG	1409	0.100605283090037	2.84825933837174
AGTATAT	2278	0.199855105513042	2.8326322342252
AGTATCA	1509	0.13958538707158	2.72535063648125
AGTATCC	1228	0.308463228261106	3.77461086348766
AGTATCT	1885	0.449795493764861	3.96980711399852
AGTATGA	1500	0.162240621550002	2.99732924736169
AGTATGC	1112	0.345173315566739	3.44007180516267
AGTATGG	1507	0.411023997484366	3.71683839920148
AGTATGT	2162	0.420972317127068	3.58068316256297
AGTATTA	1666	0.155920098127624	3.34837722598584
AGTATTC	1754	0.336528119566589	4.13640804241631
AGTATTG	1393	0.224075624528412	3.77428115865036
AGTATTT	3330	0.599876339446708	4.2946970634843
ATAAAAA	7940	0.328520989508556	3.81534219075197
ATAAAAC	4093	0.290742292485855	4.22525050315916
ATAAAAG	4397	0.264454414042307	4.00214275215883
ATAAAAT	7833	0.25124049187879	4.2465074523855
ATAAACA	4575	0.320818482812778	4.03544076545339
ATAAACC	1944	0.484191870792286	4.79537832236676
ATAAACG	410	0.329333546397307	4.86673545470925
ATAAACT	2567	0.40501199210554	4.6549583621937
ATAAAGA	4592	0.40305610850301	3.88576019598645
ATAAAGC	2028	0.416608008433263	4.3439661608973
ATAAAGG	2550	0.539901465350395	5.13654425543554
ATAAAGT	3167	0.309103169083379	4.1811186049361
ATAAATA	7956	0.124508937990013	3.22872720204156
ATAAATC	2562	0.297845655286555	4.41463038712491
ATAAATG	3822	0.147771254047502	4.10132868541839
ATAAATT	3969	0.349727803383225	4.93847135753072
ATAACAA	3142	0.178817405667607	2.59470576067866
ATAACAC	1552	0.191872814200186	2.59968921064571
ATAACAG	2119	0.121035879113873	2.68436521162394
ATAACAT	2414	0.245109829961637	2.7114890703265
ATAACCA	2009	0.142114650874503	2.33715582972658
ATAACCC	1348	0.338105906312939	3.19443492137544
ATAACCT	1419	0.380204029195451	3.36979763957517
ATAACGA	267	0.238315531021208	2.19238553237678
ATAACTA	1668	0.117247550904313	2.1514511175998
ATAACTC	1658	0.316245083755192	2.61552425542562
ATAACTG	2003	0.191809980549217	2.55689104528112
ATAACTT	2299	0.364745081684334	2.87502113430898
ATAAGAA	3371	0.190058222320412	2.78288306707282
ATAAGAC	1738	0.27218332010865	3.3498831157376
ATAAGAG	2133	0.168708183697677	2.13990163716612
ATAAGAT	2187	0.224763927945915	2.71388979833813
ATAAGCA	2201	0.290067115933141	3.47175894513492
ATAAGCC	1357	0.668337937745343	4.86643095433018
ATAAGCT	1549	0.651160926203469	4.31377602174497
ATAAGGA	2174	0.257722938643686	2.96711080308282
ATAAGGC	1447	0.233974933697105	2.16149796375839
ATAAGGG	1201	0.193095639160654	2.80621793231443
ATAAGGT	1246	0.172307485086854	1.84727591211185
ATAAGTA	2007	0.190869229175282	2.9885848946876
ATAAGTC	1100	0.363916307238867	3.74649951685776
ATAAGTG	2043	0.176344457697259	2.52492848642973
ATAAGTT	1914	0.550438395751261	4.24727765949659
ATAATAA	5147	0.0772285818867652	2.30337384666914
ATAATAC	1546	0.117110700349528	2.69016979034032
ATAATAG	2519	0.0766446455629625	2.46771059452425
ATAATAT	3177	0.132260085141469	2.57973856266456
ATAATCA	2649	0.128870601558746	2.4507248711881
ATAATCC	1293	0.274021158739762	4.27763839274092
ATAATCT	2013	0.381407917084291	4.48351489754422
ATAATGA	2720	0.134910524621854	2.79077686846697
ATAATGC	1380	0.236894860226411	3.25070609077838
ATAATGG	1871	0.314188066777943	4.0508985446717
ATAATGT	2508	0.254165165430087	3.33203024890836
ATAATTA	3125	0.132976826401052	2.84793977243163
ATAATTC	1972	0.262899388497118	3.60012577686539
ATAATTG	1870	0.183746003487326	3.4214380937893
ATAATTT	4575	0.510634706643704	4.38343541136862
ATCAAAA	4492	0.353983622129759	3.35758264200056
ATCAAAC	2106	0.419895332849405	4.25937357590527
ATCAAAG	3003	0.261310060651478	3.02690319957335
ATCAAAT	2804	0.296036590311614	3.5214476576309
ATCAACA	2309	0.316721885471953	3.71249554697676
ATCAACC	1273	0.493815203262446	4.21520611265416
ATCAACT	1629	0.316872201732635	3.18895291083221
ATCAAGA	2603	0.489061354091396	3.75088291562453
ATCAAGC	1242	0.50152783721813	4.78417675197852
ATCAAGG	2216	0.506691863763457	3.54036542616134
ATCAAGT	2115	0.233265562281464	3.28810691737716
ATCAATA	2193	0.174206571719493	3.43895151221346
ATCAATC	1436	0.319918289793297	4.55832307821603
ATCAATG	2345	0.148015839044412	3.09860875429629
ATCAATT	2021	0.287507511953698	3.81524752182158
ATCACAA	2636	0.235722766830013	2.3423054108816
ATCACAC	1939	0.25589521916757	2.79290809483466
ATCACAG	3309	0.195447948565295	2.68456490677641
ATCACAT	2390	0.286534887412673	2.67869870213065
ATCACCA	2548	0.24492456368403	2.41581345837194
ATCACCC	1252	0.46836933191041	3.42498452425945
ATCACCG	283	0.324300555732997	1.49201320575625
ATCACCT	1923	0.444617662916192	3.32936961300646
ATCACGA	272	0.289372250071415	2.35250116240699
ATCACGG	735	0.847239111746642	4.27976528680123
ATCACGT	366	0.428246382956483	2.50604540815037
ATCACTA	1896	0.247040384219089	2.81886279989557
ATCACTC	1447	0.496082470135695	3.71928711231386
ATCACTG	3083	0.328147146399946	2.90356584339122
ATCACTT	2272	0.467015538248098	3.37949816646132
ATCAGAA	3697	0.249747624197997	2.57321093911736
ATCAGAC	1670	0.303283605433401	2.79103790270782
ATCAGAG	2825	0.16997460966447	2.16348788920785
ATCAGAT	2658	0.227296394097795	2.90369964357731
ATCAGCA	2419	0.294375241595645	3.07860313999569
ATCAGCC	1619	0.738255221199751	4.50211902736306
ATCAGCT	2131	0.760401330619031	4.78644300255273
ATCAGGA	2570	0.252490205062729	2.91580281945251
ATCAGGC	1430	0.190854669505471	2.53076570377084
ATCAGGG	2096	0.174787058384099	2.85268491861628
ATCAGGT	1594	0.132849061700188	2.09754815348261
ATCAGTA	1630	0.225118237094033	2.78410246268326
ATCAGTC	1567	0.464352993843714	3.56280368514004
ATCAGTG	2423	0.204086153376401	2.90789280150304
ATCAGTT	1938	0.527606908663732	3.75393389938246
ATCATAA	1892	0.128462894760555	2.4414953887909
ATCATAC	1209	0.207797468395916	4.08754399012339
ATCATAG	1504	0.118518878633443	2.70327333154884
ATCATAT	2209	0.246446677752541	2.821375989863
ATCATCA	3097	0.127498299963561	2.31083422103339
ATCATCC	1951	0.392048643017872	3.76843424848495
ATCATCG	263	0.257123524106709	2.40968886610457
ATCATCT	2794	0.39712457639986	3.53966088514436
ATCATGA	2498	0.197194089339537	2.76541025233934
ATCATGC	1238	0.385938101355715	3.79611474372383
ATCATGG	2549	0.441306808979815	4.29998944139351
ATCATGT	2489	0.380134812986699	3.61260916495931
ATCATTA	2134	0.204268071977944	3.52461652173794
ATCATTC	1673	0.439998089914775	3.969279304786
ATCATTG	1876	0.311280431252752	3.83540680205853
ATCATTT	3571	0.694396145480261	4.38510335193568
ATGAAAA	5355	0.32451522175965	3.29182583033778
ATGAAAC	2710	0.310089950294636	3.48134657064555
ATGAAAG	3577	0.235728785320227	2.88789635975731
ATGAAAT	4448	0.254016666469637	3.08428789884008
ATGAACA	3576	0.290908771085931	3.09449118115797
ATGAACC	1588	0.321195787744128	3.73695566675752
ATGAACG	367	0.242592117827837	2.12762571226378
ATGAACT	2795	0.302260080792658	3.42858111033989
ATGAAGA	4201	0.340689999775369	3.65639839066841
ATGAAGC	2411	0.331098838613688	2.25442116105466
ATGAAGG	2822	0.346372732385591	3.11894710978014
ATGAAGT	2743	0.248792952907093	2.39790257683505
ATGAATA	3045	0.126280648840763	2.89260431272795
ATGAATC	1764	0.226618813852252	3.22291873408504
ATGAATG	3302	0.173494474197035	2.21628140385839
ATGAATT	3266	0.222303251643275	3.14363045871412
ATGACAA	2660	0.179419341479798	1.86238343892869
ATGACAC	1747	0.228970622018936	2.46191477501363
ATGACAG	2637	0.150698513528528	2.10711024240228
ATGACAT	2490	0.216812367098303	2.1762834881287
ATGACCA	2301	0.169946069789215	1.84723698568922
ATGACCC	1437	0.306477481959696	2.17434027613999
ATGACCT	2078	0.270129012681334	1.87346319189321
ATGACGA	643	0.236844573649693	1.85028364602047
ATGACGT	310	0.227339925219769	2.31517648761011
ATGACTA	1694	0.117850314718445	1.80056108454433
ATGACTC	1774	0.25832983148022	1.63770325061547
ATGACTG	2478	0.220663864943647	1.48205346821824
ATGACTT	2590	0.240621902037269	1.75758639463169
ATGAGAA	5334	0.298716089332947	2.21622327097593
ATGAGAC	1934	0.217403441334827	2.29830995600632
ATGAGAG	2680	0.183722293065766	1.57835155750264
ATGAGAT	2664	0.157380866773256	1.77770067949819
ATGAGCA	2471	0.210200532906251	3.03184933612967
ATGAGCC	1689	0.432910477980535	3.78027859447682
ATGAGCG	275	0.299246076453766	1.04739952456548
ATGAGCT	2304	0.421177799098476	3.8865599463858
ATGAGGA	2872	0.195337566959036	2.37287734198343
ATGAGGC	1633	0.25473200871778	1.469275289125
ATGAGGG	1909	0.126762886428622	1.79165435775611
ATGAGGT	2105	0.276381498132175	1.4991552552248
ATGAGTA	1838	0.0783160949896305	1.96657253425378
ATGAGTC	1534	0.182109682264081	1.88346041417129
ATGAGTG	2176	0.158227681254399	1.56738444926726
ATGAGTT	2620	0.184731831632478	1.87033951528269
ATGATAA	3069	0.166716984876611	2.49725554237351
ATGATAC	1450	0.318434040089502	3.2109534276249
ATGATAG	1796	0.148966197717539	2.11572588050814
ATGATAT	2503	0.245965752703602	1.97202341718292
ATGATCA	2258	0.141396692303735	2.14317768452993
ATGATCC	1196	0.41396325805331	3.40977990113848
ATGATCT	1968	0.386498651970513	3.50862472727696
ATGATGA	2793	0.175876455829543	2.6818231903418
ATGATGC	1747	0.288487566804453	2.36149182168519
ATGATGG	2628	0.318044624216894	3.59652262322458
ATGATGT	2401	0.215853235862851	2.17685166120688
ATGATTA	2038	0.152622779817657	2.45751842281473
ATGATTC	1549	0.373681217846348	3.24313706015371
ATGATTG	1689	0.217062123576081	2.58192358360434
ATGATTT	3660	0.528651299539333	3.60305202714624
ATTAAAA	7078	0.452525044174484	4.58404341030997
ATTAAAC	2196	0.358018237667176	5.1793436380817
ATTAAAG	4533	0.307190991409989	4.67508242209729
ATTAAAT	3919	0.303909057739574	4.4331164746347
ATTAACA	2329	0.322415681385007	4.36731272110571
ATTAACC	1201	0.600985347636933	6.27403748059818
ATTAACT	1978	0.441154694080609	4.87694125002627
ATTAAGA	2576	0.433687432376663	4.71552900573116
ATTAAGC	1128	0.401562303633466	5.4057918115852
ATTAAGG	1949	0.633594213718294	5.3632194931157
ATTAAGT	1755	0.25010516660257	4.76864242718929
ATTAATA	3177	0.107570682364473	3.82971816420579
ATTAATC	1498	0.219533843916452	4.50737414495709
ATTAATG	2135	0.110728981477272	4.26922630104255
ATTAATT	3735	0.305663339049881	6.06692991831581
ATTACAA	2283	0.201686900801491	2.47980052611063
ATTACAC	1397	0.28358822833554	4.09845611378012
ATTACAG	2654	0.173622005114436	3.10371854812074
ATTACAT	2513	0.334709372316414	3.37995433416441
ATTACCA	1749	0.211407406952489	2.77233985122855
ATTACCC	884	0.543431741344444	4.06898159523482
ATTACCT	1444	0.595015335100578	4.19950361980269
ATTACGT	272	0.453893966969812	3.56486688343923
ATTACTA	1518	0.134543194390386	2.94872743427887
ATTACTC	1283	0.431911987460237	3.82816694519261
ATTACTG	1724	0.218382906523982	3.2029971008213
ATTACTT	2359	0.472441181169918	3.86165350465606
ATTAGAA	2824	0.228319028306789	2.85556617459702
ATTAGAC	1129	0.24625647030663	3.46555735362575
ATTAGAG	1706	0.16000465937592	2.51195629795983
ATTAGAT	2031	0.266717731098767	3.40750398515507
ATTAGCA	1790	0.402106447874698	3.89563247721047
ATTAGCC	1514	0.924730318952133	5.10871315187043
ATTAGCT	1631	1.14774013578044	5.54966565615458
ATTAGGA	1861	0.307455504662349	3.24005531416104
ATTAGGC	841	0.243674116161634	3.2663156816596
ATTAGGG	1309	0.354419762692291	5.46252551254892
ATTAGGT	1505	0.146765475430652	2.57590599212462
ATTAGTA	1389	0.18504267260544	3.51252482926209
ATTAGTC	1297	0.482520379433876	4.46864258004165
ATTAGTG	1522	0.166311866935537	3.02645642917341
ATTAGTT	1773	0.577040344505634	5.02055931112534
ATTATAA	3338	0.12829886933374	3.17351191577137
ATTATAC	1530	0.101562513383905	3.15575623725749
ATTATAG	1949	0.0902044635150575	3.41378369048524
ATTATAT	3702	0.150454697328193	2.9815172775501
ATTATCA	2342	0.164070548985375	3.22521143924071
ATTATCC	1544	0.367153128042225	4.93421909802518
ATTATCT	2361	0.511627399597966	5.00817315295017
ATTATGA	2218	0.19101693501952	3.24727578457356
ATTATGC	1183	0.382343254311295	5.07709189888266
ATTATGG	1740	0.397563849564882	4.9348111869501
ATTATGT	2561	0.402402440137751	4.54474499073068
ATTATTA	3888	0.122029945803214	3.92555142904422
ATTATTC	1984	0.343164340772826	4.77201266620849
ATTATTG	2092	0.23873474600147	4.71928253720082
ATTATTT	5943	0.669106741275943	5.28541097650102
CAAAAAA	6506	0.936238673864856	4.3302335097906
CAAAAAC	4103	0.883108985466372	4.88799422393039
CAAAAAG	3750	0.602768469507868	4.42281053674571
CAAAAAT	4507	0.60544454682732	4.58799875241612
CAAAACA	7609	0.716243047278205	3.57530195381502
CAAAACC	3093	0.77742244972167	4.48452835652884
CAAAACG	450	0.474440133012898	3.47522768914969
CAAAACT	3167	0.744529246702797	4.8314071986008
CAAAAGA	4372	1.02494510283895	3.99469699332086
CAAAAGC	3036	1.0073273750028	5.28824393941897
CAAAAGG	3124	1.05751905677145	4.109226135596
CAAAAGT	2831	0.710713109537829	4.94903335261098
CAAAATA	4811	0.353438816222561	3.95557516186879
CAAAATC	2856	0.601646594150102	4.62618559938387
CAAAATG	3599	0.278871995446127	4.09701961546931
CAAAATT	3684	0.566695057712323	4.87166764785955
CAAACAA	7308	0.550948794746795	2.9466765694129
CAAACAC	3911	0.418409874216117	3.04686374631787
CAAACAG	3352	0.273022959741543	2.84985137085128
CAAACAT	3326	0.433063993488587	2.82284487830785
CAAACCA	3333	0.365540101216145	2.65838164124309
CAAACCC	2239	0.484474269778536	3.47481825554676
CAAACCG	305	0.425030598359285	1.67843578434294
CAAACCT	2431	0.540273801265698	3.37967719098129
CAAACGA	418	0.588263371860213	2.48601319075054
CAAACGC	537	0.70707280641639	3.53573438885528
CAAACGG	321	0.764882247437202	3.10847862548836
CAAACGT	474	0.460964953320597	2.95347353378321
CAAACTA	2019	0.253643499553762	2.47653744640156
CAAACTC	3185	0.528558174957398	3.50150792471076
CAAACTG	2559	0.304767747628774	3.00038845186135
CAAACTT	3031	0.614368664119599	3.68047767054386
CAAAGAA	5904	0.526422781911486	3.28037807513056
CAAAGAC	2842	0.53114434047646	3.01821870782529
CAAAGAG	3454	0.272113646840796	2.40502770162631
CAAAGAT	2971	0.502475325593604	3.57514271502226
CAAAGCA	3807	0.817286856747518	3.59613553109845
CAAAGCC	2799	1.29489464879674	4.46808887140283
CAAAGCG	326	0.883367858548259	2.7320677749667
CAAAGCT	3083	1.19574226952982	4.59995884167467
CAAAGGA	3907	0.630801332018027	3.13333797540125
CAAAGGC	2472	0.457952381703468	3.05011757972042
CAAAGGG	2388	0.526300083622564	3.46962598860788
CAAAGGT	2441	0.265263780242488	2.53236453351441
CAAAGTA	2475	0.507511952917769	3.19023270697228
CAAAGTC	2322	0.671444755545003	3.74146963962255
CAAAGTG	3218	0.345157332944773	2.90743641953396
CAAAGTT	2875	0.754207895851887	4.18606979131844
CAAATAA	4226	0.148125507164123	2.74448223071582
CAAATAC	2367	0.292054170851414	3.21645206790031
CAAATAG	2106	0.174035549895958	3.5305139695571
CAAATAT	3376	0.250546334434152	2.90416414813002
CAAATCA	2650	0.293002689838338	3.08029112669828
CAAATCC	2384	0.489203023666176	4.63651051423318
CAAATCG	253	0.417671426420776	4.73356973256633
CAAATCT	2545	0.57359881309442	4.55194515057765
CAAATGA	3191	0.341280236758033	2.66347775001422
CAAATGC	3011	0.473048536487962	3.73676940153091
CAAATGG	3161	0.617216358073281	3.43856491660944
CAAATGT	3139	0.477822808261883	3.62991469967411
CAAATTA	2438	0.279962884750908	3.7540363149216
CAAATTC	2720	0.46495491858892	4.35401103925576
CAAATTG	2185	0.286816986231137	3.96325783576838
CAAATTT	3033	0.79056197867703	4.90909508583626
CACAAAA	4463	0.381818949087985	3.18672827975559
CACAAAC	3242	0.403523378002481	3.84923896637739
CACAAAG	3604	0.27393044911793	3.3060855105254
CACAAAT	3262	0.348987458160089	3.70890408240999
CACAACA	2734	0.346384406442819	3.45948574539202
CACAACC	2303	0.434128947781546	3.39079387315322
CACAACG	331	0.296370773975216	3.44685085422033
CACAACT	2196	0.360069300663454	3.18252941248205
CACAAGA	3008	0.494213522922773	3.57749275579351
CACAAGC	2315	0.411502632044155	4.16500464641719
CACAAGG	2340	0.552244099040108	3.59639092044781
CACAAGT	2100	0.319182617596631	3.71160337786851
CACAATA	2355	0.20129413823196	3.10775887091032
CACAATC	1612	0.355980623687003	3.98211898025715
CACAATG	2925	0.166938546091578	3.33942415045893
CACAATT	2138	0.368742002947302	4.27438549582513
CACACAA	4600	0.283254246214974	2.49419213287137
CACACAC	34616	0.18937979406405	2.34140424143185
CACACAG	5888	0.201553183402265	2.73921893923401
CACACAT	6718	0.317866693741437	2.34934162219451
CACACCA	3466	0.234218519229212	2.62193891403659
CACACCC	2786	0.350245853694193	3.15042606519868
CACACCG	432	0.449964271990151	3.04925862147267
CACACCT	3514	0.435676448992004	3.2653671425339
CACACGA	526	0.317327783074554	2.61753192760831
CACACGC	1025	0.409073990316595	3.63276033366249
CACACGG	726	0.499302862449198	2.76738490674408
CACACGT	831	0.404758323697305	2.70255165248796
CACACTA	1788	0.192912211816199	2.29304839883147
CACACTC	3002	0.380915704775488	3.16882558856334
CACACTG	4002	0.24920411822288	2.78871275154176
CACACTT	3600	0.483458750498399	3.47775715514952
CACAGAA	4977	0.244660636692372	2.61396961574365
CACAGAC	3722	0.204732142655038	2.64017579011856
CACAGAG	6103	0.136695624358839	2.26145911328534
CACAGAT	3047	0.184732816216212	2.66676336652737
CACAGCA	4791	0.390109875168094	3.20231738144787
CACAGCC	3238	0.630569634584837	4.08867833335568
CACAGCG	563	0.588005687585868	3.529176771624
CACAGCT	3639	0.689666002114319	4.78737718816113
CACAGGA	3900	0.309681512366323	3.10140526296879
CACAGGC	3212	0.19131075585337	2.86826228801594
CACAGGG	3618	0.237596135987831	3.15070591982632
CACAGGT	2713	0.113101163960414	2.14439754862431
CACAGTA	2323	0.271867442840038	2.65014312723716
CACAGTC	2848	0.426407631561098	3.64919081469473
CACAGTG	4129	0.244569980230135	3.17785560204558
CACAGTT	2799	0.494728137540652	3.98786255680929
CACATAA	3018	0.138884481596649	2.67105768608931
CACATAC	4095	0.202660976860585	2.72918870384278
CACATAG	2095	0.110214267232321	2.56185208459909
CACATAT	3506	0.218658063317288	2.18478916609359
CACATCA	2415	0.153369327858508	2.63325442877952
CACATCC	2494	0.36012847495742	3.787557874678
CACATCG	290	0.2457401628506	2.44289732739014
CACATCT	3134	0.463544326667645	4.05777604051459
CACATGA	3239	0.192005568220996	2.72319676601734
CACATGC	3849	0.241890378936946	3.39632937703332
CACATGG	3785	0.408162788497773	3.76287271644114
CACATGT	3624	0.320876042102898	3.28703837854309
CACATTA	2060	0.231243442043359	3.03207401192273
CACATTC	2707	0.411759551361101	4.13544332690305
CACATTG	2136	0.251550599235409	3.8220694819548
CACATTT	4093	0.755253941403077	4.67874297433065
CAGAAAA	6758	0.529319544947097	3.47627154102242
CAGAAAC	4021	0.511879162120409	3.49969400849268
CAGAAAG	4916	0.349300405668722	2.96686967012659
CAGAAAT	5273	0.430314446205671	2.97941449106298
CAGAACA	3756	0.434417157009096	3.17393048432156
CAGAACC	2506	0.574091471605715	4.13927815998963
CAGAACG	465	0.367983016646282	2.64523784674656
CAGAACT	3431	0.357060494208069	2.79112495475988
CAGAAGA	6241	0.515178919759672	3.14683240478685
CAGAAGC	4175	0.484640112923438	3.14336755441378
CAGAAGG	3617	0.509997882205199	3.31451434105908
CAGAAGT	3703	0.328969190541572	2.83356006017528
CAGAATA	2881	0.203657894419801	2.88659904543953
CAGAATC	2434	0.339713318846167	3.28473302893556
CAGAATG	3434	0.200145615002425	2.33938459011119
CAGAATT	3275	0.27527866844449	3.227884368582
CAGACAA	3014	0.316918893615508	2.48891179710259
CAGACAC	4558	0.307927550658545	2.54610896934306
CAGACAG	4815	0.202296685358379	2.37845817236267
CAGACAT	3252	0.303441324687589	2.31736845333091
CAGACCA	2446	0.237821399694884	2.19804733083556
CAGACCC	2235	0.361346711194785	2.69073675909172
CAGACCG	318	0.393337438213498	0.821643179129868
CAGACCT	2472	0.363401366481897	2.421707551232
CAGACGA	362	0.296746521253571	2.23502420399141
CAGACGC	366	0.235695661919846	2.6635744889587
CAGACGG	366	0.444294664563321	3.97863700680567
CAGACGT	391	0.209500201709113	2.0815663546413
CAGACTA	1523	0.125465240553478	1.87401939909151
CAGACTC	2460	0.29321697861691	2.03376289591806
CAGACTG	3004	0.243926855276952	1.63696057813245
CAGACTT	2609	0.291482914575129	2.03743745096032
CAGAGAA	6782	0.3069958330665	2.39256357659711
CAGAGAC	5419	0.287770942845448	2.60708940801727
CAGAGAG	5737	0.183458665703737	1.57537238712792
CAGAGAT	4182	0.179413855525236	1.92567725537918
CAGAGCA	4244	0.35289283807298	3.28079903621974
CAGAGCC	3339	0.632876413897599	3.75123166734659
CAGAGCG	504	0.389617946636221	1.621144475987
CAGAGCT	4469	0.580209164298323	3.92242553116373
CAGAGGA	5366	0.297980288332857	2.40856817757822
CAGAGGC	5296	0.254472496678463	1.68556593016398
CAGAGGG	3241	0.165761846252501	2.26027344724398
CAGAGGT	3644	0.215839887478763	1.66679104437777
CAGAGTA	2223	0.116728329378396	2.16537798009454
CAGAGTC	2780	0.241900579097993	2.20511064468561
CAGAGTG	3506	0.199041637837655	1.73234030382811
CAGAGTT	3104	0.224462706241119	2.27032295537121
CAGATAA	2400	0.212147942990964	3.03144285391456
CAGATAC	2106	0.313535720708392	2.99474767645652
CAGATAG	1993	0.164381590234727	2.20432523018156
CAGATAT	2790	0.280749078220137	2.21613447938798
CAGATCA	2043	0.19994608285035	2.20271453886171
CAGATCC	2493	0.445525987629272	3.42444324614235
CAGATCG	283	0.35633507916167	2.09635256656582
CAGATCT	3033	0.389794925058328	3.11584005040544
CAGATGA	3166	0.264982118281148	3.31300598554974
CAGATGC	2838	0.294793231207039	2.99811263170183
CAGATGG	3219	0.360547354718064	3.65223046487604
CAGATGT	3337	0.217491967289535	2.52920098227532
CAGATTA	1672	0.203283231316626	2.78604007253695
CAGATTC	2337	0.330535135498913	2.99819576465099
CAGATTG	1825	0.215060019618769	2.83105309743107
CAGATTT	3288	0.489836543839374	3.62547685756027
CATAAAA	4581	0.422997123920213	4.52463016748035
CATAAAC	1950	0.416993171341887	5.08879901903766
CATAAAG	2268	0.35477253993384	4.56195339941158
CATAAAT	3077	0.360637211608513	4.69742112219485
CATAACA	1929	0.297531405370021	4.09737007154382
CATAACC	1124	0.447712756952074	5.0186876986179
CATAACT	1737	0.393389157356142	4.26753496882942
CATAAGA	1915	0.411668970042032	4.16773439214823
CATAAGC	1338	0.344308783303529	4.44835194726199
CATAAGG	1243	0.483205119418933	4.52476591403251
CATAAGT	1516	0.299562130550473	4.72621824848838
CATAATA	2072	0.133347343529165	3.89821229754706
CATAATC	1451	0.311421763446283	5.60523335573652
CATAATG	1860	0.144034065037438	4.45609071920205
CATAATT	2319	0.287065762268765	4.85770733030554
CATACAA	2317	0.278793074566183	2.25056145464168
CATACAC	4094	0.287047296050332	2.94203528992641
CATACAG	2261	0.245060090417095	3.03819206616786
CATACAT	4153	0.393538663301894	2.1949233994077
CATACCA	1662	0.238994601658878	2.42299945988739
CATACCC	1449	0.360232380000234	3.29689749579671
CATACCT	1827	0.546083349239263	3.95163592276014
CATACGT	333	0.294645465115929	2.33385355227657
CATACTA	1234	0.124875185780348	2.04812088609115
CATACTC	1490	0.327210326607423	3.2358690356677
CATACTG	1609	0.241772228504139	3.25514467406337
CATACTT	1964	0.423966416234932	3.52668884532325
CATAGAA	2646	0.295310312435625	2.93715259280396
CATAGAC	1640	0.195178491861454	2.23195709225397
CATAGAG	2148	0.145441721051363	2.11120412495792
CATAGAT	2122	0.188413748201456	2.50836987552161
CATAGCA	2410	0.567390344628749	3.99212964263473
CATAGCC	1559	0.781535235318398	4.16688604490805
CATAGCT	1914	0.923135706074562	4.92773096195338
CATAGGA	1881	0.368677002842013	3.3124437112844
CATAGGC	1268	0.264598718444817	2.91219089567418
CATAGGG	1139	0.285840610781612	2.79177874760495
CATAGGT	1484	0.16024374093195	2.8167111066199
CATAGTA	1795	0.268550716105812	3.4171988788927
CATAGTC	1515	0.4004937579225	3.51598377794897
CATAGTG	2122	0.15854951948866	3.0181834476248
CATAGTT	1599	0.433562949108685	4.06782929072558
CATATAA	3155	0.167462952959516	3.02948509105915
CATATAC	2702	0.326342747018326	2.60001950043969
CATATAG	1418	0.165497650272292	3.21122556193827
CATATAT	4353	0.247649516421562	2.12948890370741
CATATCA	2002	0.23168191675202	3.10084955259057
CATATCC	1610	0.382931789307151	3.84620220983098
CATATCT	2340	0.597850828550404	4.31863591483044
CATATGA	1984	0.246378128431539	3.33043046206716
CATATGC	2398	0.296456906134203	3.9984252667292
CATATGG	1614	0.553790956429832	4.15124297235244
CATATGT	3191	0.370899008326779	3.97226901853779
CATATTA	1923	0.176799799276837	3.40568299909302
CATATTC	2671	0.40665627675763	4.34101826046791
CATATTG	1922	0.300502513531486	4.70667188241569
CATATTT	4192	0.767122034114082	4.76175374093727
CCAAAAA	3729	0.613407640172313	3.88332605376461
CCAAAAC	2621	0.609964072535767	4.40057990941569
CCAAAAG	3110	0.539399481537628	4.18380907098482
CCAAAAT	2905	0.435820076143834	3.91156600123261
CCAAACA	3371	0.413864352366727	3.59370974265154
CCAAACC	2612	0.611557806117848	4.66824880097343
CCAAACG	545	0.294374787883508	2.76379128847592
CCAAACT	2651	0.522414199194293	4.2279613771972
CCAAAGA	3272	0.632920681532196	3.56993576391341
CCAAAGC	2475	0.698319612035021	4.08211273596579
CCAAAGG	2730	0.872928188239489	4.39708081460956
CCAAAGT	2837	0.525145723378137	4.15536742676681
CCAAATA	2685	0.220640927682391	3.26042841497991
CCAAATC	1833	0.520514998036189	4.81677979903756
CCAAATG	2681	0.234389298200957	3.27659551967049
CCAAATT	2290	0.458262495743441	4.61753491781148
CCAACAA	2799	0.319784426030185	2.59455085874403
CCAACAC	2436	0.370157192059173	2.56565976108283
CCAACAG	2400	0.231150410807692	2.64993558227955
CCAACAT	2393	0.416817425048527	2.51424871731322
CCAACCA	2741	0.218979417841235	1.64865696059803
CCAACCC	2003	0.368795287381439	2.54306535948862
CCAACCG	320	0.429212055220596	0.965293043679668
CCAACCT	1844	0.38556737453724	2.34989923241739
CCAACGA	276	0.419468793827745	2.10699843801039
CCAACGT	333	0.330123472205531	2.44402663460871
CCAACTA	1250	0.197336921820641	1.89122980490683
CCAACTC	2199	0.428005534767564	2.45690197391843
CCAACTG	2028	0.285037888142624	1.77286197642645
CCAACTT	2045	0.416651393511605	2.40055907236801
CCAAGAA	3548	0.321630571158101	2.81860729247635
CCAAGAC	2144	0.370363170373103	2.74325839507887
CCAAGAG	2739	0.250386503602247	2.07249687582046
CCAAGAT	2522	0.317597782185976	2.19382377154557
CCAAGCA	2528	0.385496584490536	3.37392798535148
CCAAGCC	2162	0.796902276927741	4.14897111130423
CCAAGCG	309	0.459727611244866	1.68293215955577
CCAAGCT	2291	0.819029739618371	4.19433100229934
CCAAGGA	3230	0.294657020900596	2.81267619478981
CCAAGGC	2510	0.254796473993334	1.76888648373575
CCAAGGG	2180	0.238794223237445	2.74970801039458
CCAAGGT	2108	0.188991521336739	1.40722872635989
CCAAGTA	1789	0.239428704373514	2.31984207338402
CCAAGTC	1976	0.428611998221416	2.81204192857468
CCAAGTG	2981	0.269326697804786	2.03144904723566
CCAAGTT	2273	0.462874491818512	3.1045810846461
CCAATAA	1834	0.147464663720983	2.58964739303554
CCAATAC	1193	0.20500138267659	2.68140598814504
CCAATAG	1346	0.131247119236578	2.52270126009872
CCAATAT	1577	0.215989515896434	2.23155822080465
CCAATCA	1857	0.198113172156287	2.44914255872945
CCAATCC	1447	0.377262539020409	3.77634245583501
CCAATCT	1702	0.542929019894368	4.20023754216633
CCAATGA	1857	0.245282910288685	2.65369362771093
CCAATGC	1600	0.434047622034831	3.27802290841714
CCAATGG	2276	0.54499981894937	4.02698800784156
CCAATGT	1683	0.36747211645396	2.78926609108386
CCAATTA	1498	0.199749548445042	2.62588555489852
CCAATTC	1573	0.449549036557678	4.24175402225175
CCAATTG	1156	0.281269000840308	3.33948975476792
CCAATTT	2374	0.683575613795951	4.28727664861274
CCCAAAA	3085	0.575285078131292	3.96742766157114
CCCAAAC	2376	0.577950028636659	4.72909887072883
CCCAAAG	3068	0.4514604716716	4.12285906615823
CCCAAAT	2469	0.528394678168203	4.56383924159679
CCCAACA	2731	0.404622048844499	2.91137254426586
CCCAACC	2004	0.628877015161874	4.04931251461657
CCCAACG	262	0.474362288399758	3.94888634326277
CCCAACT	2085	0.5121652155154	3.82440905491243
CCCAAGA	2946	0.596233553137391	3.88960593540467
CCCAAGC	1977	0.606182201270681	4.52157180796385
CCCAAGG	2820	0.648894143577056	3.86336935981014
CCCAAGT	2911	0.456738609882751	4.00156147397846
CCCAATA	1415	0.27527349172867	3.42466044804214
CCCAATC	1493	0.547360799266143	4.52859883596166
CCCAATG	1808	0.216482219866025	3.11341799782892
CCCAATT	1547	0.452815994781014	4.3807363096074
CCCACAA	2534	0.333406768442908	2.43199796645018
CCCACAC	3176	0.380980323540436	2.84216050687326
CCCACAG	3644	0.306081114320969	2.91562831706225
CCCACAT	2703	0.397966730634587	2.4762960491017
CCCACCA	2879	0.283802024569116	2.5338947633721
CCCACCC	4967	0.440112869508415	3.09368521243675
CCCACCG	383	0.385841098437836	1.54810813958752
CCCACCT	2935	0.482241685953525	3.10719135621319
CCCACGA	401	0.344855960659246	2.08899186151501
CCCACGC	418	0.355131058359456	2.46514904798428
CCCACGG	565	0.444647629108032	2.71209191364043
CCCACGT	534	0.368122667881166	2.31545771820213
CCCACTA	1496	0.271011752151792	2.23610799354152
CCCACTC	2892	0.688640828846859	3.29114641784577
CCCACTG	2972	0.353039221699968	2.34428444910666
CCCACTT	2788	0.591249123295293	3.00785239800811
CCCAGAA	4292	0.293013777468291	2.68693757340052
CCCAGAC	2275	0.288269170387172	2.84505044241741
CCCAGAG	4031	0.19495811231298	2.30661848378275
CCCAGAT	2842	0.269567166353963	2.76392131856024
CCCAGCA	5786	0.361967896378024	3.17316660885375
CCCAGCC	3384	0.73437546651249	4.18731445358558
CCCAGCG	491	0.488059950610892	2.19144140566719
CCCAGCT	3546	0.73723975451046	4.32525049977187
CCCAGGA	4226	0.263449316576485	2.75054893681061
CCCAGGC	3159	0.199814298919856	2.5687128276017
CCCAGGG	3570	0.222665247406146	3.46767401124492
CCCAGGT	2846	0.120188184870288	1.93369369436026
CCCAGTA	2129	0.243783877514341	2.34714596255383
CCCAGTC	1999	0.499087147977234	3.57120701769145
CCCAGTG	3230	0.264802283440763	2.76372801616917
CCCAGTT	2305	0.518792420603383	3.77362864194903
CCCATAA	1885	0.2477345994033	2.88463297004663
CCCATAC	1512	0.410733101074277	3.85103914889617
CCCATAG	1603	0.223519060250496	3.10800076965509
CCCATAT	1761	0.350058976402133	2.81282683391361
CCCATCA	2233	0.271134617929453	3.05908813101796
CCCATCC	2561	0.583812709953352	3.57432910046248
CCCATCG	289	0.330947436184544	1.67173660754826
CCCATCT	2798	0.737094170226898	4.11469510567353
CCCATGA	2019	0.266129016344085	3.09553352590307
CCCATGC	2041	0.488318070394185	3.8557826303759
CCCATGG	2562	0.426398517776169	3.66259830432652
CCCATGT	2364	0.431268404053919	3.15225183538544
CCCATTA	1625	0.353769889350745	4.16447504402485
CCCATTC	2087	0.659426390518313	4.33130301820912
CCCATTG	1980	0.352559114216766	3.68205501926244
CCCATTT	3060	0.955733385960652	4.42372409530306
CCGAAAA	338	0.53355703465141	3.03674867212434
CCGAAAG	330	0.502572198095003	3.08668296253277
CCGAACA	251	0.522592066123478	1.72752860267608
CCGAAGA	412	0.538956700404539	2.44041074135586
CCGAAGC	349	0.638375599443386	2.14341387315428
CCGAAGG	442	0.57100867223306	2.11741030502801
CCGAAGT	305	0.37630236067651	1.83434306266424
CCGAATC	285	0.470271715363229	1.86000703721088
CCGAATG	372	0.403306168176394	1.30256338579982
CCGACAC	308	0.373378864651996	2.75439555448007
CCGACAG	277	0.18820961492973	1.89796783155671
CCGACCC	280	0.332803480579235	1.69209707861944
CCGACCT	268	0.351068692804803	1.76100784840459
CCGACTA	397	0.158697208436233	1.65474046727675
CCGACTC	330	0.314413867086984	1.83606854326871
CCGACTG	436	0.337172151712422	1.26113783238397
CCGACTT	272	0.300306619726285	1.57301481765608
CCGAGAA	428	0.233767678241136	1.81629290840244
CCGAGAC	342	0.266367757844283	2.26811356963305
CCGAGAG	495	0.23469908956247	1.53412859149833
CCGAGAT	333	0.172929091351507	1.52700854466478
CCGAGCA	384	0.292217590253752	1.94973651825361
CCGAGCC	431	0.568841118081297	3.04647258858718
CCGAGCT	411	0.474323294949781	3.05188314901518
CCGAGGA	631	0.310346738140066	2.1827368181766
CCGAGGC	467	0.356672942974843	1.48889669404515
CCGAGGG	450	0.269986020722298	2.06511586652638
CCGAGGT	362	0.308706478634706	1.2737066408982
CCGAGTC	402	0.239093710035017	1.71002003260786
CCGAGTG	620	0.253061251707894	1.56612810791333
CCGAGTT	448	0.216352684486871	2.00097957755953
CCGATGA	251	0.271770546216632	2.70494269297128
CCGATGC	268	0.418408840103209	2.65292200051103
CCGATGG	272	0.343027718837085	2.62450938118328
CCGATGT	255	0.184930612226115	1.67091417887623
CCTAAAA	2549	0.612830478455839	4.70773273562443
CCTAAAC	1595	0.372256570818025	4.02308791464886
CCTAAAG	2340	0.391146624376766	4.47996140257938
CCTAAAT	1804	0.483817878687806	5.18412240788468
CCTAACA	1643	0.370043239922336	3.42446519679456
CCTAACC	1421	0.782543380415603	6.16182518870757
CCTAACT	1631	0.534933823863155	4.83415581749565
CCTAAGA	2100	0.553634058498122	4.584980085743
CCTAAGC	1256	0.501983784067848	5.2020080876514
CCTAAGG	1439	0.586966408875273	4.23543027181451
CCTAAGT	1678	0.353258143856733	4.45727900435215
CCTAATA	1478	0.197676368168033	3.37280349010017
CCTAATC	954	0.496333637887737	5.67841988355767
CCTAATG	1369	0.217798523067413	3.50782338186708
CCTAATT	1707	0.456644716936779	5.29291843008362
CCTACAA	1623	0.302233894378031	2.41438946136058
CCTACAC	1527	0.348638000217992	2.50055300485618
CCTACAG	2575	0.206756581895402	2.4317864204364
CCTACAT	1688	0.436918861633495	2.86845965991234
CCTACCA	1434	0.312346620485382	2.6029308575647
CCTACCC	1867	0.48084194565717	3.02627118065595
CCTACCT	2133	0.613607590797589	2.99245595876994
CCTACGG	294	0.608268043784577	3.33138051242233
CCTACTA	1044	0.197622463073518	2.35221677468262
CCTACTC	1434	0.565737309797792	3.72863491169861
CCTACTG	1597	0.28385916790484	2.52299312153105
CCTACTT	1813	0.585793140622371	3.51955741800265
CCTAGAA	2595	0.391301154776136	3.23112862101967
CCTAGAC	1207	0.292422626943232	3.06405034276119
CCTAGAG	1858	0.21495125261512	2.70714235977382
CCTAGAT	1356	0.339670602153255	3.24591231252128
CCTAGCA	2224	0.448055645042003	3.04459265921937
CCTAGCC	1405	0.888678056543603	3.9945980889221
CCTAGCT	1643	1.06678356613809	3.92857065478761
CCTAGGA	2245	0.376554713688684	2.92424336225483
CCTAGGC	1506	0.287113194533089	2.91454335072582
CCTAGGG	1487	0.345984136605512	3.32537877943099
CCTAGGT	1551	0.201830923070035	2.58737879415656
CCTAGTA	1021	0.30618495820806	3.07614882466629
CCTAGTC	1406	0.525189668080942	3.9474157588771
CCTAGTG	1252	0.233036795956197	2.92128093475509
CCTAGTT	1443	0.626924685780164	4.13891048573646
CCTATAA	1510	0.169889980353532	2.83064324966709
CCTATAC	1031	0.290486523574771	4.24203401003232
CCTATAG	1793	0.145077934324862	2.95640464583379
CCTATAT	1258	0.244672298649752	2.85400340371979
CCTATCA	1434	0.215701301453476	3.14207716006574
CCTATCC	1278	0.576302659712586	4.49812008120347
CCTATCT	1944	0.736897420561363	4.80576243338222
CCTATGA	1501	0.24595643892253	3.03924221219295
CCTATGC	1043	0.435385470326617	3.53589877320733
CCTATGG	1544	0.58396371450107	4.20890643746535
CCTATGT	1617	0.504199415471944	3.76529749428447
CCTATTA	1287	0.24648911724351	3.9767752649013
CCTATTC	1314	0.448453152686347	4.06315737213665
CCTATTG	1109	0.333169069201686	4.1181371461274
CCTATTT	2122	0.882176361430428	4.87277643389782
CGAAAAA	572	0.763952340678941	3.5986975754859
CGAAAAC	281	0.593608022146505	4.16345616558045
CGAAAAG	326	0.354355911997048	3.11789100494855
CGAAAAT	397	0.402041039907045	3.73863943920045
CGAAACA	346	0.464886930709565	4.60814802980915
CGAAAGA	317	0.575037215139827	2.85347061551385
CGAAAGC	306	0.621409135976668	4.47077205298387
CGAAAGG	493	0.696746319487529	3.35014766964598
CGAAATC	608	0.159933180712484	3.29914827715408
CGAAATG	296	0.250677324344475	3.80555264138837
CGAACAA	269	0.296704571487058	1.86395355899301
CGAACAC	256	0.388470556001547	2.932532099636
CGAACAG	256	0.264667434473808	1.79999688949661
CGAACTC	782	0.330391754638969	1.42078076706303
CGAACTT	271	0.330990722373321	2.13402053363779
CGAAGAA	420	0.352762383811328	3.02320659771017
CGAAGAC	341	0.445156914275482	2.75824082610804
CGAAGAG	342	0.209287922796118	1.96368287075807
CGAAGAT	427	0.39478251103611	2.58601291955476
CGAAGCA	348	0.460266636866347	1.55914898220034
CGAAGCC	337	0.787754330011147	2.80607669289791
CGAAGCT	385	0.90787863297735	3.15600029003047
CGAAGGA	431	0.332431728508248	2.14321535550134
CGAAGGC	302	0.298602064993505	1.86144685652957
CGAAGGG	272	0.261038020757261	1.92155077143409
CGAAGGT	349	0.180190068617831	1.14963823888188
CGAAGTG	296	0.297639426508881	1.43587774678476
CGAAGTT	269	0.459251981560172	2.25402259446588
CGAATAA	261	0.17807243819506	3.11460447627599
CGAATCC	359	0.264781861775975	3.14532355087246
CGAATCT	274	0.409919966521625	2.63438137087307
CGAATGA	267	0.307362398917052	1.29300588832563
CGAATGC	251	0.459405417763626	2.41116924298608
CGAATGG	388	0.363342780568477	1.75151873178463
CGAATGT	318	0.309794646171903	1.98395365356091
CGAATTG	267	0.211569055494149	2.27573195605316
CGAATTT	277	0.446897632615452	2.93756383201069
CGCAAAG	255	0.522166933382805	4.90960064071161
CGCAAGG	289	0.781262810780523	4.93565997175112
CGCACAC	888	0.261005826137408	2.60661451334182
CGCACAG	448	0.244788099066313	2.74692732140654
CGCACAT	358	0.399763239549908	2.55797482279529
CGCACCA	258	0.323682616310847	2.8824645705666
CGCACCC	285	0.66617035960029	3.73116877334435
CGCACGC	493	0.490268035990907	3.17134383999456
CGCACTG	308	0.267123140547055	1.93602805044187
CGCAGAA	363	0.315438488303131	2.51073465487402
CGCAGAC	351	0.349101068112839	3.17964920764477
CGCAGAG	549	0.249635426309478	2.14025329377766
CGCAGAT	325	0.298404036276709	2.85505916939104
CGCAGCA	420	0.487979198622925	3.67925192293197
CGCAGCC	423	0.762425271723226	3.63499192265039
CGCAGCT	403	0.997304547125128	5.39039779760901
CGCAGGA	411	0.263847323728739	2.57455153251
CGCAGGC	399	0.195285377437257	2.23982779999681
CGCAGGG	369	0.240976154428683	2.85695137033331
CGCAGGT	312	0.134758661965327	1.44775164436337
CGCAGTC	267	0.47576933315745	2.85412882985484
CGCAGTG	357	0.290750577007724	1.96975786483744
CGCAGTT	255	0.562990387613555	4.1862520370699
CGCATCC	271	0.566314004926613	3.68938361268481
CGCATCT	297	0.744317777233972	3.79593407712468
CGCATGA	275	0.32965417535836	4.27732427530736
CGCATGC	487	0.46977067214618	3.33675794073622
CGCATGT	334	0.423420868742435	3.55965608389007
CGCATTC	276	0.500797985200691	3.9308361111535
CGCATTT	270	0.843160352572945	4.74422697975455
CGGAAAA	799	0.58759343891107	4.01213913800873
CGGAAAC	282	0.724755809932885	4.1349080948342
CGGAAAG	363	0.488586939053111	2.84818142078576
CGGAAAT	312	0.472498346076385	2.92301093439625
CGGAACA	279	0.443154017399709	2.6717239571864
CGGAACC	269	0.827521530533929	4.92984790558331
CGGAACT	295	0.556816781852999	3.95725153069474
CGGAAGA	536	0.52727423229442	3.24658076384627
CGGAAGC	412	0.525203715297586	2.10547901537948
CGGAAGG	439	0.469509585288939	2.3575345483933
CGGAAGT	272	0.37070993235437	1.95890281162826
CGGAATG	264	0.288287481931088	1.58369764286048
CGGACAC	303	0.261520973214273	2.03765831390856
CGGACAG	379	0.214374630373291	1.61632414508225
CGGAGAA	453	0.316576340263559	2.42256601799089
CGGAGAC	364	0.372740813445677	2.70496774710742
CGGAGAG	457	0.275228755390943	1.54647713981413
CGGAGAT	296	0.183325289697374	1.5668047452139
CGGAGCA	369	0.252315361992254	2.38499787233541
CGGAGCC	420	0.601353247290111	3.00666556628277
CGGAGCT	629	0.678943224942903	3.67052879085969
CGGAGGA	679	0.259554520420337	1.66991581946525
CGGAGGC	488	0.384918890722083	1.168534418279
CGGAGGG	436	0.195224589504751	2.0826541249174
CGGAGGT	331	0.273818392080399	0.938960285562478
CGGAGTC	349	0.278910039126882	1.55370173037135
CGGAGTG	326	0.265321543624876	1.32014850826956
CGGAGTT	326	0.280234305226906	2.05079671012411
CGGATCC	272	0.497173522510369	2.90503636589236
CGGATGA	261	0.190840774998989	1.95799933661753
CGGATGC	293	0.430475717221181	2.44209423939341
CGGATGG	344	0.40462970161155	3.35634027492753
CGGATGT	288	0.27123925893966	2.31247237970417
CGGATTT	479	0.440865473925885	3.7601438025778
CGTAAAA	294	0.503812855504975	3.72703464873229
CGTAAGA	289	0.628520071088508	5.07425512383573
CGTACAC	271	0.33000960130527	3.49087592942811
CGTAGCT	282	0.896706171028694	3.35071931935274
CGTAGGA	264	0.342521355453164	2.43379949930177
CGTAGGT	256	0.391010135955724	3.23272461197531
CGTATAT	316	0.276673526896249	2.41473840573951
CGTATCT	285	0.779192461044912	4.29035292488667
CGTATGT	324	0.557139313757168	3.69179073775759
CGTATTT	423	0.916824568258377	4.72318559180315
CTAAAAA	3451	0.603230059006539	4.23351621773017
CTAAAAC	2327	0.623990388300623	4.91561442519734
CTAAAAG	2394	0.504597709367073	4.34379327510461
CTAAAAT	3175	0.495242781348969	4.9194089633756
CTAAACA	2739	0.437451149058796	4.2937214341617
CTAAACC	1708	0.628143891503801	5.08918286950817
CTAAACT	1818	0.584634962616739	5.25792346819924
CTAAAGA	2797	0.649732601942879	4.19421138629541
CTAAAGC	1669	0.659123657233637	4.65726632774471
CTAAAGG	2036	0.662787365496554	4.39164632573572
CTAAAGT	2232	0.521630296302073	5.19327897747624
CTAAATA	2625	0.291239991558541	3.9480520129759
CTAAATC	1466	0.475773341642077	4.69010008412439
CTAAATG	2097	0.265107264089126	3.92793260732179
CTAAATT	2491	0.604307459350265	5.40921328090576
CTAACAA	1896	0.291623899957467	2.40808794840857
CTAACAC	1447	0.367914600690973	3.3447770473785
CTAACAG	1985	0.263107721510148	3.03594771715042
CTAACAT	1727	0.383650825068485	2.98239304376945
CTAACCA	2044	0.285643024314014	2.8463864688893
CTAACCC	1388	0.526403572585667	4.08825432689672
CTAACCT	1517	0.519768023571049	3.45054996090715
CTAACGA	255	0.286030200189285	2.84607605970446
CTAACTA	1403	0.198112807587712	2.71458621923082
CTAACTC	1632	0.460276389747867	3.07114083259651
CTAACTG	1572	0.273954531792225	2.41489162542471
CTAACTT	1733	0.562137570033123	3.63742812281953
CTAAGAA	2946	0.307778274474443	2.71602178714347
CTAAGAC	1946	0.351720722881561	3.05422393339688
CTAAGAG	2146	0.23046797512684	2.27350857591207
CTAAGAT	2101	0.407242287041982	3.23937489304746
CTAAGCA	1946	0.451514695156639	3.30069617068075
CTAAGCC	1535	0.906427561121131	4.40215217296772
CTAAGCT	1593	1.09018154473017	4.56230158233834
CTAAGGA	2333	0.399718468103969	3.22475004985523
CTAAGGC	1397	0.378767008840712	2.48488229259306
CTAAGGG	1377	0.367757251293047	3.18876641521307
CTAAGGT	1382	0.209620096985211	1.60280981497617
CTAAGTA	1516	0.349408424494296	3.30076686251885
CTAAGTC	1307	0.536612776990469	3.22525326136846
CTAAGTG	1800	0.32947042382305	2.73005904491383
CTAAGTT	1959	0.750870000774095	3.97295343326941
CTAATAA	2175	0.139999597160129	2.71239902328225
CTAATAC	1177	0.190128901557797	3.02884730713934
CTAATAG	1223	0.138884561596015	3.05276910993754
CTAATAT	2394	0.191897902948265	2.56556839621553
CTAATCA	1319	0.226156398396853	3.16768716892349
CTAATCC	1038	0.51665246260586	4.89385909755611
CTAATCT	1496	0.539997204654278	4.16227586150481
CTAATGA	1798	0.253276558026284	3.11813847250676
CTAATGC	1153	0.483933702563492	4.33350055322083
CTAATGG	1230	0.522090840490222	4.03553835382539
CTAATGT	1662	0.401178599608019	3.35603604121133
CTAATTA	1830	0.287025929320835	4.2262372780306
CTAATTC	1542	0.475158757304986	4.37160790325465
CTAATTG	1395	0.312683644135765	3.78438415970809
CTAATTT	2643	0.838500120767175	5.00731018023269
CTCAAAA	4149	0.788530213264895	4.13620590371305
CTCAAAC	2753	0.784018082836913	4.89630776005928
CTCAAAG	3392	0.525070292554981	4.12167724677842
CTCAAAT	2628	0.610272830073498	4.69869952211776
CTCAACA	2746	0.515354345619897	3.17467693889242
CTCAACC	1454	0.866531687163323	4.73352891934368
CTCAACT	2113	0.598110054513319	4.02291982640651
CTCAAGA	3050	0.750028761231829	4.05596583690783
CTCAAGC	1717	0.732921236230993	5.35826965843151
CTCAAGG	2403	0.851296292269796	4.29910509171641
CTCAAGT	2250	0.465884017116355	4.05029659461919
CTCAATA	1762	0.353071080985058	3.66186522985499
CTCAATC	1154	0.570550733958528	4.90377144950897
CTCAATG	1872	0.327853365523226	3.83404282579173
CTCAATT	2281	0.508665494102583	4.23998508885962
CTCACAA	3618	0.41897023005584	2.47848722008236
CTCACAC	3518	0.399068288081435	2.86689072698456
CTCACAG	4322	0.3856360842862	2.99293786463255
CTCACAT	2873	0.537283541545252	2.98536649749105
CTCACCA	2836	0.46316488346127	2.79951768301216
CTCACCC	2119	0.800867512574582	3.94767515452118
CTCACCG	404	0.548995834058756	1.6748544378233
CTCACCT	2738	0.734600936166112	3.39928501105495
CTCACGA	368	0.471484047856119	2.25393820589011
CTCACGC	372	0.695164875101048	3.48398678108372
CTCACGG	494	0.599002252756157	2.82003642266155
CTCACGT	494	0.70973710295974	3.14726057606998
CTCACTA	1987	0.383339246091867	2.87704734725076
CTCACTC	3346	0.645656421382488	3.41567469032355
CTCACTG	3903	0.439444835041149	2.67904873512043
CTCACTT	3001	0.769829355796275	3.51284065319464
CTCAGAA	5581	0.552318478532406	3.18451891148985
CTCAGAC	2423	0.461443524520554	3.15750264463549
CTCAGAG	4746	0.30102371565432	2.66814764571559
CTCAGAT	2660	0.410800111818242	3.2009185323111
CTCAGCA	4123	0.624713764547613	3.25437897685124
CTCAGCC	3466	1.18960074866048	4.37277731377272
CTCAGCG	624	0.924395992650979	3.48475014959733
CTCAGCT	4419	1.20465379722622	4.96869179689083
CTCAGGA	4676	0.452758669893587	2.87311353244161
CTCAGGC	2649	0.365864194270808	3.34875358706067
CTCAGGG	3313	0.44674430265729	3.626709209901
CTCAGGT	3016	0.174230639654385	1.98971527817129
CTCAGTA	2271	0.484415111987898	3.42335763403951
CTCAGTC	2514	0.696803699576621	3.58493049103902
CTCAGTG	4188	0.418715431657621	3.35740510964956
CTCAGTT	3036	0.799329567515786	4.01495188909651
CTCATAA	1945	0.241346231368298	3.2844394280535
CTCATAC	1436	0.347056293111738	3.66777932425136
CTCATAG	1916	0.262340993444952	3.38678223720447
CTCATAT	2013	0.339701784297323	2.45822429651798
CTCATCA	2293	0.311966941861927	3.31772614784594
CTCATCC	2104	0.693392992703874	4.21501233657456
CTCATCG	278	0.48098016425331	2.82247441300779
CTCATCT	2968	0.781151074944611	4.15345738172673
CTCATGA	2356	0.380870271450845	3.6035983952582
CTCATGC	1798	0.636453472063999	4.21575184055536
CTCATGG	2607	0.718895269306803	4.59828305318281
CTCATGT	2452	0.651831754619558	3.94612093962856
CTCATTA	2147	0.392687036267837	4.0901592997683
CTCATTC	2366	0.759197218317287	4.85394591508205
CTCATTG	2094	0.542796534983781	4.04134313999409
CTCATTT	5203	1.17100085960313	5.20277263679511
CTGAAAA	6003	0.635774903991045	4.19312483557749
CTGAAAC	2851	0.811977386819202	5.20096485189502
CTGAAAG	3503	0.510161215229945	3.63683164788941
CTGAAAT	3266	0.579739319121616	4.09133831179586
CTGAACA	2992	0.522005867182314	2.32580653941477
CTGAACC	2024	0.737361744312918	3.39180664594368
CTGAACG	336	0.572034971657348	2.1060339404462
CTGAACT	2659	0.617301505918764	3.57024749288463
CTGAAGA	4660	0.698161782067573	3.77183620284242
CTGAAGC	2878	0.63450797786063	3.27445971951648
CTGAAGG	3533	0.608198872841661	3.04337640210569
CTGAAGT	3013	0.388810576524882	2.63846905896847
CTGAATA	2401	0.304638837672754	2.8267833928689
CTGAATC	1865	0.488117923145333	3.38078142652111
CTGAATG	2579	0.331858492587293	2.37605004216924
CTGAATT	3003	0.455179745260073	3.67954104314727
CTGACAA	2276	0.410394213871467	2.66884924859062
CTGACAC	2450	0.511100315821605	3.09747210430493
CTGACAG	2861	0.329909977300744	2.73507741341799
CTGACAT	2467	0.441722448914863	2.63121737524913
CTGACCA	2350	0.326424761267231	2.15981811088482
CTGACCC	1999	0.530970065059767	2.73194333652828
CTGACCG	311	0.496260188823771	0.767946485524079
CTGACCT	3249	0.555117967622678	2.72883828239853
CTGACGA	262	0.383450230583594	2.71239976829728
CTGACGC	289	0.288604360650049	2.34161305969157
CTGACGG	285	0.568262113133436	3.46936789847639
CTGACGT	340	0.283767708959234	2.65049322217373
CTGACTA	1739	0.181029707025582	2.01131068803098
CTGACTC	2652	0.426850364175914	2.34445326110104
CTGACTG	3596	0.298534443723909	1.49769852402499
CTGACTT	3053	0.361392422999152	2.11162098392646
CTGAGAA	4874	0.451727879032882	2.80438194431458
CTGAGAC	2967	0.397582377451598	2.81361794961975
CTGAGAG	3862	0.25483855405983	1.80277540543694
CTGAGAT	3684	0.284572361307701	2.3491734531469
CTGAGCA	3448	0.443581446737798	3.26659333409364
CTGAGCC	4160	0.707771034140161	3.9997988255717
CTGAGCG	414	0.531765484191125	1.35993991403031
CTGAGCT	3627	0.750210520206307	4.01295401100406
CTGAGGA	4320	0.345531138396309	2.44891839998321
CTGAGGC	3404	0.354325184923034	1.81199280868095
CTGAGGG	2638	0.240755380034938	2.43175498426725
CTGAGGT	2950	0.279178968857733	1.47188479770714
CTGAGTA	2307	0.152128547939855	2.35427802968682
CTGAGTC	2513	0.304985523622375	2.27249732572585
CTGAGTG	3435	0.242928810584949	1.80343417928947
CTGAGTT	5121	0.3464431626107	2.19379124987923
CTGATAA	2364	0.322567452001136	3.02406917126703
CTGATAC	1490	0.475898557826452	3.41080927326738
CTGATAG	1833	0.290007188816163	2.77407975279118
CTGATAT	2013	0.373110513551138	2.29240498160068
CTGATCA	1624	0.385801095793198	2.9895038446413
CTGATCC	1529	0.695480538250609	3.4711010431778
CTGATCT	2473	0.70744156170912	3.56954081382974
CTGATGA	2718	0.415436869052509	3.1184644969023
CTGATGC	2323	0.49800490035904	3.13696724656689
CTGATGG	2372	0.583860186161009	3.91824571372308
CTGATGT	2350	0.331724157410192	2.84109002890541
CTGATTA	1891	0.378345939854849	3.24835708378724
CTGATTC	2004	0.632946891973904	3.78785780099593
CTGATTG	1661	0.373635733126973	3.17638587182725
CTGATTT	3652	0.793562453977441	3.71515104718456
CTTAAAA	4156	0.726434371296256	4.58282619570464
CTTAAAC	1649	0.605292620847133	5.07363809590474
CTTAAAG	2852	0.631849750458713	5.1199248896125
CTTAAAT	2549	0.638381362331634	5.47365466826485
CTTAACA	1884	0.525771367929306	4.07059683648932
CTTAACC	1519	0.737368666861214	5.04348513185896
CTTAACT	1939	0.729113516031804	5.45206361783093
CTTAAGA	2060	0.783325686520705	5.05439507211812
CTTAAGC	1141	0.650771204958163	4.98772092358346
CTTAAGG	1409	0.836141836257972	4.84696625606616
CTTAAGT	1658	0.524177415835053	5.47291295847036
CTTAATA	1930	0.229665019659124	4.05588875755894
CTTAATC	1486	0.460243443843038	5.51776700183414
CTTAATG	1663	0.237676435294032	4.66686107839206
CTTAATT	2312	0.601390447879998	6.22993413071381
CTTACAA	2061	0.413155444735939	2.79501885350604
CTTACAC	1648	0.459138526885499	3.53675706744303
CTTACAG	3034	0.342696281319225	3.44967935339354
CTTACAT	2335	0.585638606645533	3.34681927979063
CTTACCA	1625	0.437296475127105	3.17963413800679
CTTACCC	1357	0.566419844981038	3.24307094031789
CTTACCT	1912	0.830671937488857	3.64023138592835
CTTACGT	320	0.723167519449412	3.13033904660879
CTTACTA	1435	0.285951146399026	3.11627106959871
CTTACTC	1515	0.672058603378728	4.02435957201597
CTTACTG	2185	0.400843667328414	3.38623546817119
CTTACTT	2154	0.772602145840296	4.02880622746808
CTTAGAA	3236	0.501749363389159	3.36715058701265
CTTAGAC	1242	0.41160029207496	3.87455357638925
CTTAGAG	2047	0.315906901979461	3.17432787397089
CTTAGAT	1795	0.494058788469487	3.78948371542196
CTTAGCA	2020	0.733880333225711	3.74779986986691
CTTAGCC	1720	1.3560309300596	4.47510137547665
CTTAGCT	2065	1.473160471861	4.36908672877364
CTTAGGA	2185	0.588495943478711	3.40140861747024
CTTAGGC	1269	0.48044287132852	3.80849101208409
CTTAGGG	1477	0.570178067551906	4.17184132093538
CTTAGGT	1550	0.315126210575764	3.27118386805166
CTTAGTA	1455	0.358958982920875	3.16371999531331
CTTAGTC	1455	0.662811460547684	4.32288101448289
CTTAGTG	1722	0.372925823349427	3.82968260649808
CTTAGTT	2007	0.888417739956354	4.60744860781899
CTTATAA	2036	0.203317611296251	3.79964354190929
CTTATAC	1129	0.216880620243184	3.96635568294785
CTTATAG	1639	0.130646342709203	3.67279615923691
CTTATAT	2270	0.323286514976518	3.7614720779061
CTTATCA	1947	0.261001465387053	3.42901363589786
CTTATCC	1189	0.609512409684182	5.17172922533218
CTTATCT	2206	0.785626919358504	4.89791900769794
CTTATGA	1612	0.404012006764159	4.20316282620199
CTTATGC	1121	0.628979050091733	5.09315608849424
CTTATGG	1409	0.646724961905324	4.56597809070963
CTTATGT	1850	0.709753491102363	4.74165426073558
CTTATTA	1857	0.264292253263564	3.60353261016065
CTTATTC	1738	0.596298914102405	5.19220052416951
CTTATTG	1620	0.414222639405505	4.41320462771878
CTTATTT	3981	1.04459775861201	5.25641245902469
GAAAAAA	7690	0.813535650561725	4.19598513317141
GAAAAAC	3778	0.680576732693594	4.69143042804906
GAAAAAG	4893	0.585676290761656	4.79022820649681
GAAAAAT	5945	0.427486928614867	4.36023328816081
GAAAACA	5551	0.535294244856795	3.57048078486562
GAAAACC	2617	0.670016843936092	4.5624063927482
GAAAACG	578	0.37952181510123	3.7855070313646
GAAAACT	4480	0.500003580481824	4.64800238391397
GAAAAGA	5665	0.875840393246787	3.87403628403599
GAAAAGC	2847	0.771360947798315	4.96465380876719
GAAAAGG	3711	0.893594251838455	4.27600811063379
GAAAAGT	2822	0.537471153103638	4.57967326770788
GAAAATA	5266	0.226532792857267	3.1883320934739
GAAAATC	3761	0.280468356649815	3.75033173404709
GAAAATG	6322	0.246250705295441	4.07649671837491
GAAAATT	4133	0.518362569160051	4.75379953695228
GAAACAA	4362	0.424608220756041	2.97396189470255
GAAACAC	2625	0.439953483097081	3.25947080621676
GAAACAG	3805	0.27384745588093	2.83651476754679
GAAACAT	3277	0.426921222645293	2.81351611489651
GAAACCA	2916	0.286637499442863	2.52239381438806
GAAACCC	2967	0.536102325328526	3.22435714613478
GAAACCG	348	0.45407230586775	2.12917706896198
GAAACCT	2302	0.52342747828185	3.31600710429149
GAAACGA	408	0.562005779032703	2.46183863093035
GAAACGC	285	0.591152548792128	3.04640247860719
GAAACGG	536	0.573557557759581	2.95161651876899
GAAACGT	422	0.47681791896088	2.82997671568408
GAAACTA	2242	0.188479710490803	2.563868823898
GAAACTC	2524	0.375401296756215	2.94161287709541
GAAACTG	3279	0.260507742872809	2.69035253231766
GAAACTT	2889	0.502120807146821	3.00670903367175
GAAAGAA	9310	0.498767588885703	3.01819149327223
GAAAGAC	2661	0.456013070976097	3.19603724830503
GAAAGAG	5343	0.26553781922347	2.33255836656384
GAAAGAT	3363	0.406147720309676	3.08184151190213
GAAAGCA	4007	0.66192209647846	3.660267605236
GAAAGCC	2412	0.889281525250898	4.10329871978111
GAAAGCG	314	0.693398192768149	3.04766633018473
GAAAGCT	2620	1.04948953282197	4.73737021277447
GAAAGGA	5431	0.52897588728092	3.05572042650849
GAAAGGC	2749	0.392577409163635	3.29459097448816
GAAAGGG	3397	0.406062255639661	3.36760547429568
GAAAGGT	2204	0.222521877617777	2.56473939171317
GAAAGTA	2611	0.338899050678592	2.95104122669646
GAAAGTC	1930	0.514597967544232	3.62157407927911
GAAAGTG	2828	0.281400456695892	3.16966337819526
GAAAGTT	2311	0.744469800328178	4.86555504241003
GAAATAA	4271	0.129857157099195	2.60447052075947
GAAATAC	2520	0.224929119529573	2.92049490021612
GAAATAG	2509	0.152547831316712	3.24088855595382
GAAATAT	3853	0.232975507387805	2.27676735021946
GAAATCA	3737	0.215011267237722	2.75538172395842
GAAATCC	2529	0.373641221921132	4.04115409254882
GAAATCG	307	0.318940917824429	3.34678072792836
GAAATCT	2783	0.465054930768144	4.28832840458665
GAAATGA	3971	0.31233048946785	3.04467946143397
GAAATGC	3032	0.381155916119618	4.0587389258124
GAAATGG	3219	0.530486029456253	4.08813129826877
GAAATGT	4414	0.38423034887312	3.79991527173703
GAAATTA	3219	0.197998460345283	3.05220379112332
GAAATTC	2811	0.42386385614313	4.38837918156819
GAAATTG	2330	0.231153453466801	3.75740294683629
GAAATTT	3432	0.599114310919119	4.07188316144147
GACAAAA	3636	0.370039521659222	3.6669823652694
GACAAAC	1692	0.370084197486776	3.77435361915253
GACAAAG	3005	0.281286990885667	3.67600084855629
GACAAAT	2409	0.293844620002366	3.82969542377675
GACAACA	2163	0.264413973523257	2.93102510222148
GACAACC	1202	0.285520240488955	2.64069016239327
GACAACG	263	0.150081244816649	2.10366472396117
GACAACT	1815	0.262705764530669	2.85577582638267
GACAAGA	2477	0.457027404387097	4.21320435264244
GACAAGC	1424	0.366251785359976	4.60257614274956
GACAAGG	2544	0.397736661694153	3.30342812353701
GACAAGT	1642	0.226578608668326	3.53899966638597
GACAATA	1464	0.168720630629391	3.31446725247106
GACAATC	1026	0.226757460601761	3.4352695666865
GACAATG	1861	0.13262135590859	2.99130318966739
GACAATT	1623	0.264090432890992	3.78074988711685
GACACAA	2702	0.230178110018026	2.61697300067802
GACACAC	3467	0.239334106003068	2.73209416799026
GACACAG	3572	0.159362356459943	2.36357353125533
GACACAT	2643	0.265195436225491	2.67039159190046
GACACCA	2418	0.252407425312743	2.60835949118515
GACACCC	1414	0.315505034059	3.51915817142107
GACACCG	387	0.380321109578828	2.86564485942476
GACACCT	1620	0.360193103517257	3.04558849702712
GACACGA	364	0.293994220764192	2.84284180919979
GACACGC	321	0.280132549499938	2.52583678103479
GACACGG	472	0.408608076621026	3.19302092102801
GACACGT	381	0.29141001403372	2.8861156571561
GACACTA	1697	0.162878497715309	2.25472512117384
GACACTC	1426	0.325567801947679	3.53465531732777
GACACTG	2831	0.210581557951395	2.90155441512029
GACACTT	2019	0.37084437965354	3.41318273459701
GACAGAA	3555	0.179094538964746	2.40834149394425
GACAGAC	3311	0.154071866200339	2.67303105826451
GACAGAG	4502	0.102230499229212	1.90972075036791
GACAGAT	2631	0.138525892668266	2.43415621462671
GACAGCA	3263	0.343608269754883	3.75552782881279
GACAGCC	3030	0.324459860845211	3.79315777045634
GACAGCG	384	0.386368671407047	3.09977964194755
GACAGCT	3068	0.376013877844583	3.87466343652072
GACAGGA	3350	0.230161171118839	3.37879090456686
GACAGGC	2050	0.112428374733485	2.31525476631872
GACAGGG	3397	0.238175547665322	3.5292076633588
GACAGGT	1894	0.086720872216896	2.62551733887599
GACAGTA	1554	0.222956272023485	3.05527099171982
GACAGTC	1616	0.276581736278306	3.09150839593028
GACAGTG	2779	0.184709258022244	2.84606048606395
GACAGTT	1953	0.37953045005126	3.78194945676881
GACATAA	1806	0.104634708451112	2.79094155098824
GACATAC	1345	0.185446121836875	2.40010654543203
GACATAG	1804	0.0903433118463183	2.39027202452599
GACATAT	1629	0.170530610915825	2.18046801669372
GACATCA	2224	0.121751654336062	2.43707351680867
GACATCC	1466	0.230212270165993	2.93471415964577
GACATCT	2264	0.286105097769264	3.28698899028575
GACATGA	2003	0.15318051309494	3.15256075239468
GACATGC	1442	0.200103271195212	3.32054695725627
GACATGG	2331	0.258504226806607	3.55247170519679
GACATGT	1880	0.24170827322569	2.90828787456906
GACATTA	1509	0.167970477275748	2.95290426738099
GACATTC	1669	0.32673765865556	4.51773744242398
GACATTG	1696	0.160078836736126	2.97843500470638
GACATTT	3559	0.527138111527555	4.36975662495975
GAGAAAA	6084	0.354348441246208	3.00192635311236
GAGAAAC	4662	0.470206815447854	3.35198938568265
GAGAAAG	6772	0.278771600435828	2.62807146146336
GAGAAAT	4702	0.361211942862068	3.25876266513381
GAGAACA	3640	0.336136795320224	2.55303947286776
GAGAACC	1965	0.35845201430504	2.96543161890155
GAGAACG	446	0.305674085233143	2.12566412616951
GAGAACT	2691	0.254043026012531	2.66447985313245
GAGAAGA	4999	0.402594029109093	3.19638536189437
GAGAAGC	2923	0.372114579499043	2.48912696970002
GAGAAGG	4232	0.333483897708405	2.55243362822061
GAGAAGT	2562	0.226502049628875	2.39065456423044
GAGAATA	2371	0.126524084302862	2.12648172720064
GAGAATC	1984	0.251371688247295	2.64547413453659
GAGAATG	2832	0.132603707759949	2.11436666261052
GAGAATT	2934	0.203038992448491	2.86029322372819
GAGACAA	3317	0.30709864732272	2.42442846722228
GAGACAC	2690	0.345939116242627	2.97527703077354
GAGACAG	6765	0.180085289447501	2.17851509152935
GAGACAT	2505	0.268824946573836	2.40900599962428
GAGACCA	2342	0.196862240722873	1.83815819324806
GAGACCC	2127	0.341264778882609	2.46456010170215
GAGACCG	368	0.336227941578117	1.00609060573373
GAGACCT	2094	0.30459644683612	2.20509737398984
GAGACGA	349	0.199220936861876	2.22772143878408
GAGACGC	313	0.330500883227108	4.38502168999614
GAGACGG	517	0.24570435718832	2.64452921900939
GAGACGT	331	0.206688971252047	1.90368537120047
GAGACTA	1992	0.127160271492291	1.91483603686005
GAGACTC	1904	0.267522490991924	2.12839998232887
GAGACTG	3148	0.182455438230226	1.60569416993327
GAGACTT	2427	0.252328082400604	2.17348856736124
GAGAGAA	5955	0.371091477834704	2.21646583266012
GAGAGAC	3307	0.254717546873965	2.00738632022829
GAGAGAG	18788	0.295803211395212	0.911150578402266
GAGAGAT	3549	0.139160246378363	1.71138872592314
GAGAGCA	3172	0.283288132327201	2.6904636360429
GAGAGCC	2011	0.477096887868768	3.62291081455163
GAGAGCG	466	0.40281696473289	1.40912272927468
GAGAGCT	2755	0.456216620097331	3.53557622061758
GAGAGGA	4341	0.239828809508952	1.84264962849672
GAGAGGC	3129	0.250848922448645	1.63850860664595
GAGAGGG	3788	0.163709090681509	1.72439035019572
GAGAGGT	2433	0.191207418602214	1.7020300804885
GAGAGTA	1665	0.0962699035309501	1.98768345880277
GAGAGTC	1668	0.201781530457916	2.28745195188373
GAGAGTG	2574	0.134342058923589	1.47541742746253
GAGAGTT	2313	0.164442442219117	2.03339911312298
GAGATAA	2291	0.184038526873566	2.31872328072574
GAGATAC	1365	0.345110033326078	2.1130075786891
GAGATAG	2308	0.162774971455991	1.78596655804767
GAGATAT	1918	0.25132035235898	1.97140768062302
GAGATCA	2014	0.18253878660724	2.27394611398936
GAGATCC	1810	0.316386849918599	2.80324821867208
GAGATCG	260	0.297165269505073	1.89688024777254
GAGATCT	2707	0.328041894492813	2.95838563882409
GAGATGA	3026	0.20340467771789	2.67211937988122
GAGATGC	2046	0.262802023090029	2.64475136388143
GAGATGG	4252	0.237289844639491	3.03804420770924
GAGATGT	2196	0.200256116797785	2.5127567691891
GAGATTA	1734	0.161911984845479	2.41831015156735
GAGATTC	2043	0.316637771701526	2.86894450993608
GAGATTG	1638	0.163807877527218	2.43009830682131
GAGATTT	2484	0.442224200654901	3.33997438435353
GATAAAA	3797	0.281114093763323	3.82007377594438
GATAAAC	1655	0.307982383922308	4.46831207315793
GATAAAG	2147	0.264185321939609	4.29604917920862
GATAAAT	2250	0.254398718860715	4.20595169781295
GATAACA	1695	0.197836147394557	3.53293573776174
GATAACC	976	0.236706653372315	3.6710919250408
GATAACT	1442	0.287280238475776	4.47955084788493
GATAAGA	1839	0.282129345094825	4.48920362665631
GATAAGC	906	0.25521935208064	4.33403952640719
GATAAGG	1302	0.350271986231962	4.1627590454829
GATAAGT	1438	0.148381659139261	4.05277534867631
GATAATA	1871	0.0809202724347581	3.09109612904742
GATAATC	939	0.144969069531536	3.31442883688318
GATAATG	1801	0.0875409034236813	4.23749754159441
GATAATT	1795	0.185138269419854	4.08600351152807
GATACAA	2159	0.243757003441716	2.28025537687303
GATACAC	1362	0.276884866542578	2.79579293504986
GATACAG	2132	0.234254445121955	2.61261214759026
GATACAT	1962	0.364847605614807	3.07564610147091
GATACCA	1433	0.212150069114908	2.28229956404746
GATACCC	1034	0.228095655661662	2.85571007682032
GATACCT	1306	0.404094119034011	3.22132916473663
GATACTA	917	0.116271238976796	2.27267505591453
GATACTC	883	0.221302094075706	2.98295717838299
GATACTG	1400	0.19046215048544	2.78727448945444
GATACTT	1571	0.33620466893508	3.22152905206937
GATAGAA	2412	0.283571639077531	2.88805444658984
GATAGAC	1090	0.17544934801885	2.3790711879154
GATAGAG	1918	0.129911584836468	1.94982586902497
GATAGAT	3103	0.128089080713624	2.51665370616843
GATAGCA	1772	0.459211588056225	3.73768719532489
GATAGCC	1196	0.377839096472051	3.25937599506498
GATAGCT	1388	0.676348951180176	5.0616765036571
GATAGGA	1569	0.257377264430728	2.66314484985147
GATAGGC	850	0.222177349733494	3.1119001856624
GATAGGG	1264	0.237447887431996	2.9716043285307
GATAGGT	1108	0.115700628275693	2.42943503492519
GATAGTA	1009	0.148165874895101	2.75077656934852
GATAGTC	760	0.230124094147821	3.39184279962721
GATAGTG	1114	0.154035986873217	3.23016330286536
GATAGTT	1291	0.313931500073344	3.74582257612019
GATATAA	2230	0.144161336845696	2.75159433171998
GATATAC	1111	0.371367122646565	2.12565415549255
GATATAG	1606	0.153785783218776	2.371198612837
GATATAT	2227	0.204483714994474	2.12713531184465
GATATCA	1482	0.15269219941089	3.08806743913887
GATATCC	1044	0.259369040451018	3.0122945062311
GATATCT	1882	0.324044255860492	3.59965245104807
GATATGA	1643	0.160613445141256	3.11789471695009
GATATGC	1162	0.251135718027209	3.56038695100289
GATATGG	1741	0.366654626677707	2.93966499561741
GATATGT	1540	0.365018048041913	4.12470849819682
GATATTA	2402	0.151065843609667	3.12705816477892
GATATTC	1528	0.293200667826643	3.24319816763926
GATATTG	1427	0.190490952038285	3.35967769173949
GATATTT	3651	0.60141608449917	4.738704868482
GCAAAAA	2706	0.362561093969901	3.60864804497126
GCAAAAC	2125	0.465272352584068	4.22839130942617
GCAAAAG	2433	0.35263228000133	3.82892527038931
GCAAAAT	2631	0.400772625337137	4.55611573471306
GCAAACA	3208	0.273678183410841	3.3204316873781
GCAAACC	1513	0.457412248123242	4.00420452471649
GCAAACG	396	0.289182172324561	2.80601203150531
GCAAACT	2016	0.375630781551257	4.42215036344961
GCAAAGA	2814	0.465247317465684	3.27317149689651
GCAAAGC	2116	0.608344174018398	3.84823926329998
GCAAAGG	2370	0.628280277585689	3.92740593151025
GCAAAGT	1862	0.398754653264986	3.26969426605387
GCAAATA	2228	0.177179605559371	3.51914728777227
GCAAATC	1479	0.310256009283121	4.18191879984929
GCAAATG	2733	0.203927907168742	3.13169074890261
GCAAATT	2196	0.283473497827314	3.71587393396348
GCAACAA	1837	0.224106386328651	2.02042733273017
GCAACAC	1291	0.268486711087971	2.12274386096469
GCAACAG	2252	0.168177406611698	2.24956467708794
GCAACAT	1387	0.340418188999189	2.45514046273414
GCAACCA	1852	0.159136517822331	2.10122277208393
GCAACCC	1397	0.2312410748346	2.23894047405419
GCAACCT	1201	0.30778288162651	2.10086347289745
GCAACTA	930	0.153272747700877	1.95506881531188
GCAACTC	1239	0.375673328423442	2.07335696656497
GCAACTG	1448	0.206568243314549	1.38618417689498
GCAACTT	1440	0.327763499301306	1.80466745262255
GCAAGAA	3010	0.230997750661919	2.88542543636183
GCAAGAC	1469	0.282339386795436	2.47373275222699
GCAAGAG	2479	0.191776415739329	2.02172247142056
GCAAGAT	1902	0.317548619219843	2.47717769404852
GCAAGCA	2908	0.254793665965738	3.00844487481793
GCAAGCC	1964	0.523315603564172	3.85496084679249
GCAAGCG	323	0.356628047414143	1.35406112676968
GCAAGCT	2036	0.681965901290311	4.60631110840888
GCAAGGA	2158	0.176153378547075	2.12029823193455
GCAAGGC	1701	0.234023666594681	1.56777464419244
GCAAGGG	1771	0.149127171010644	2.19899585273158
GCAAGGT	1444	0.197942851283954	1.35195751466956
GCAAGTA	1251	0.202825933084474	2.62436921069483
GCAAGTC	1342	0.394340997584972	2.75844145554712
GCAAGTG	1887	0.195844153193756	1.8046173739324
GCAAGTT	1701	0.351236771516697	2.71385660679142
GCAATAA	1531	0.112382658822969	2.43051546018746
GCAATAC	1092	0.16509049537324	2.31303542953776
GCAATAG	1346	0.137888398680803	2.3455442201691
GCAATAT	1326	0.219564879180814	2.14910656387526
GCAATCA	1369	0.159490109923746	2.50423186321368
GCAATCC	1442	0.384241096553223	3.86224851574572
GCAATCT	1534	0.294154388471484	2.65199585688814
GCAATGA	1692	0.212318296511412	2.65481272888175
GCAATGC	1191	0.403886742893965	2.97194121810714
GCAATGG	2090	0.515298293994013	4.02455349620122
GCAATGT	1583	0.344063262791947	2.61619127787409
GCAATTA	1244	0.157732197162251	2.26256347062446
GCAATTC	1186	0.344119713494105	3.55170782839774
GCAATTG	1216	0.248904682628134	3.05414894868774
GCAATTT	1815	0.526919198685884	3.48204979554056
GCCAAAA	2156	0.496722027774892	4.52712318670451
GCCAAAC	1435	0.405451677737898	3.91848736873333
GCCAAAG	1975	0.369097878944723	3.96274723698963
GCCAAAT	1605	0.394178317655712	4.48744287617682
GCCAACA	1883	0.39373109620453	4.23062110668516
GCCAACC	1226	0.435970818112374	4.46515413808073
GCCAACG	259	0.402007926105388	3.86855740794759
GCCAACT	1487	0.361179301519528	3.59818333020764
GCCAAGA	2249	0.511710276167764	3.99312724157982
GCCAAGC	1701	0.468731701184949	4.2641911683414
GCCAAGG	2296	0.504746997964692	3.64094520995973
GCCAAGT	1668	0.263285201076443	3.02644506977609
GCCAATA	1086	0.19534312096075	2.9653443876686
GCCAATC	1125	0.338114925798366	4.35362675716619
GCCAATG	1400	0.212194347735179	2.85435622598611
GCCAATT	1125	0.323214460252395	4.29493673428483
GCCACAA	1785	0.249276201030351	2.45403093575749
GCCACAC	2241	0.343520108727224	3.31980892999935
GCCACAG	3032	0.2032681331304	2.55800664290942
GCCACAT	2103	0.353786147730771	2.66899800382365
GCCACCA	3734	0.254395971972421	2.48964324234396
GCCACCC	1545	0.341264896363743	2.99814038598235
GCCACCG	445	0.339941563798522	1.33004454836119
GCCACCT	2114	0.372257528859815	2.89419055017432
GCCACGA	316	0.308450904939827	2.33607714402549
GCCACGC	391	0.381752803062488	3.07947261137074
GCCACGG	499	0.443705919672036	3.38801752143559
GCCACGT	457	0.302647629934927	2.42950650574523
GCCACTA	1109	0.215850873581536	2.28072398233358
GCCACTC	1549	0.40960944208523	2.52577746124353
GCCACTG	2436	0.284633702391843	2.01955638063318
GCCACTT	1670	0.402769382442932	2.46580586506239
GCCAGAA	2809	0.187582179725137	2.40899903412803
GCCAGAC	1772	0.258719706930561	2.61593525410807
GCCAGAG	3307	0.155915694473625	2.12986503207175
GCCAGAT	1630	0.209659589160031	2.5521351662562
GCCAGCA	3051	0.33262749038696	3.13649297552184
GCCAGCC	3851	0.570401833777427	4.36122841055702
GCCAGCG	517	0.31553316111692	1.29990288476616
GCCAGCT	2343	0.585768025136023	4.32771383846876
GCCAGGA	3005	0.221000494815595	2.84080352041571
GCCAGGC	2810	0.1534507503243	2.08036687460059
GCCAGGG	3597	0.159540073662568	3.00269648902052
GCCAGGT	1930	0.125303557044808	1.59115211659559
GCCAGTA	1366	0.256899755620172	2.81565242528349
GCCAGTC	1674	0.355852270182875	2.83849953696522
GCCAGTG	2467	0.207362043993733	2.00407023098884
GCCAGTT	1565	0.394193459671686	3.33923603296721
GCCATAA	1149	0.166615460783165	3.15771474756706
GCCATAC	936	0.278101804868057	3.02774674159179
GCCATAG	1187	0.150771333142583	2.57227095777587
GCCATAT	2594	0.456718764689525	2.39888188831337
GCCATCA	2292	0.231644958608114	3.10704683095779
GCCATCC	1850	0.472591579087898	3.68113442224884
GCCATCG	301	0.341049702577675	1.9420766500417
GCCATCT	3926	0.593848519522447	3.88967412256372
GCCATGA	1872	0.192626782626708	2.79586180708056
GCCATGC	1846	0.402446079186824	3.34658275645699
GCCATGG	2418	0.352556117809053	3.68857190857343
GCCATGT	2274	0.372628601931731	3.01227913605807
GCCATTA	1211	0.279966879518942	3.72613554696299
GCCATTC	2071	0.533783108842622	4.76661757878373
GCCATTG	1975	0.303297724644449	3.21251233760798
GCCATTT	2654	0.745313975929156	4.51954018370249
GCGAAAG	308	0.364602862802044	2.27175887099736
GCGAAGG	285	0.412956646967195	1.81513112990295
GCGACAG	295	0.15341127870111	1.49414557105825
GCGACTG	256	0.232087247732085	0.834762009991833
GCGAGAA	604	0.301016070835528	2.69257210364818
GCGAGAG	362	0.274570153222016	1.41416156998294
GCGAGCA	382	0.245675085309288	2.59148338688792
GCGAGCC	270	0.457612939442341	2.75031874151655
GCGAGGA	937	0.499709716102022	1.99810473987856
GCGAGGC	330	0.359354515888927	1.17598506345141
GCGAGGG	294	0.210662704343645	1.45840596029345
GCGAGTG	308	0.217874984199822	1.10741001130163
GCGATGG	264	0.402910720746	3.56565564971201
GCTAAAA	1958	0.362825820469714	4.28948265730175
GCTAAAC	1203	0.301771661458327	4.65323020653048
GCTAAAG	1906	0.263750432905483	3.7313239541485
GCTAAAT	1458	0.272451906242975	4.14261035665712
GCTAACA	1423	0.238109428585673	3.33211581973676
GCTAACC	950	0.375183200668569	4.61222070217899
GCTAACT	1098	0.364127418409037	5.43928299668235
GCTAAGA	2045	0.354540198384318	3.68403515482524
GCTAAGC	1162	0.321917234360374	4.27801376475814
GCTAAGG	1508	0.457432453975828	4.38611465352741
GCTAAGT	1280	0.230976461011957	4.13109873606015
GCTAATA	1582	0.107129890890656	3.68028652668943
GCTAATC	758	0.23766641424913	4.74140968315602
GCTAATG	1336	0.136011957140577	4.39793205196192
GCTAATT	1372	0.251594767632465	4.68462093033905
GCTACAA	1451	0.219957292519705	2.4782513548235
GCTACAC	1992	0.203649195557225	2.81037781201179
GCTACAG	2332	0.172645292753637	2.75155593606565
GCTACAT	2067	0.35892851235745	3.21894316594428
GCTACCA	1356	0.220819235923093	2.29107781260471
GCTACCC	940	0.338205510895894	2.79183599217077
GCTACCT	1409	0.497760149236031	2.9901580431261
GCTACTA	931	0.145409053246186	2.99487838010676
GCTACTC	1095	0.356175631552705	2.83952110169488
GCTACTG	1630	0.249809513283087	2.61107212196637
GCTACTT	1586	0.390077860130519	3.19869325480446
GCTAGAA	1823	0.223171214173888	2.9050599265837
GCTAGAC	1106	0.19224200458499	2.63041115537953
GCTAGAG	2504	0.142618510326136	2.52932513987045
GCTAGAT	1015	0.202721394887904	2.52436965880851
GCTAGCA	1397	0.458299992334915	3.9483984767386
GCTAGCC	1427	0.845884660563709	5.11338207141164
GCTAGCT	1575	0.814321325905663	4.54418371469367
GCTAGGA	1806	0.275027151190961	3.04694042654565
GCTAGGC	1397	0.190495717822144	1.31330342697172
GCTAGGG	1212	0.238738933400891	2.94013010548681
GCTAGGT	1028	0.131437756997317	1.73130553891641
GCTAGTA	786	0.192683495713977	2.63711011596281
GCTAGTC	806	0.341751023126213	3.51999810654357
GCTAGTG	1313	0.177463820152124	2.77312401355268
GCTAGTT	1020	0.429462459931799	3.77783241278492
GCTATAA	1380	0.161448031219812	3.43139357314777
GCTATAC	1336	0.149422381555234	3.17966661916101
GCTATAG	1111	0.114025745524297	2.78222309922127
GCTATAT	1697	0.184874800331925	2.64937413686432
GCTATCA	1186	0.194445666289075	3.20482397044758
GCTATCC	1471	0.422206483496293	4.15543200290981
GCTATCT	1669	0.499554327671671	3.46525564852012
GCTATGA	1925	0.252397344532908	3.2362687252457
GCTATGC	1181	0.391416323071728	3.56033835041435
GCTATGG	1420	0.460349097916707	3.99087788602236
GCTATGT	1557	0.434319625065746	3.62772758489732
GCTATTA	1850	0.22408007505168	3.29918686643352
GCTATTC	1098	0.383021860793036	4.4760677635511
GCTATTG	1448	0.267848040774592	4.14152487090086
GCTATTT	2100	0.671489309369184	4.18614483628037
GGAAAAA	5304	0.516881571271785	3.77135478121983
GGAAAAC	3656	0.518959377778582	4.35672022511618
GGAAAAG	4184	0.353304436758197	3.78867562562395
GGAAAAT	5116	0.320213263697602	4.13003006289777
GGAAACA	3920	0.383928308975851	3.39814429948048
GGAAACC	1952	0.508885999034739	4.71908682971535
GGAAACG	516	0.280460588822388	3.11592022719175
GGAAACT	2807	0.397952297852561	3.92460614490767
GGAAAGA	5579	0.470034273680762	3.00484793063794
GGAAAGC	2461	0.503573707318063	4.01399040941169
GGAAAGG	4461	0.540864404241832	3.18742969088343
GGAAAGT	2325	0.337039492355281	4.23225886652368
GGAAATA	3072	0.163747442355159	2.62576026565104
GGAAATC	2372	0.326013377329586	4.41397836557953
GGAAATG	4241	0.171075615949885	3.51679889628755
GGAAATT	2646	0.333257349602235	4.06088997378094
GGAACAA	2906	0.196480310681843	2.18866363474197
GGAACAC	2398	0.278844663218415	2.6959377642291
GGAACAG	2610	0.216067059697163	3.33606104775824
GGAACAT	2114	0.349546749574046	2.63923728849462
GGAACCA	2178	0.180799501611808	2.4060444793141
GGAACCC	1451	0.292854938467785	3.00244288270028
GGAACCG	420	0.338319642298721	1.5875150158244
GGAACCT	1801	0.318242299587797	2.54674621290393
GGAACGA	300	0.338440353090218	1.44827345459693
GGAACGC	420	0.209156191869655	1.83608720313969
GGAACGG	365	0.366088881314066	1.66245556925738
GGAACGT	319	0.245814172107453	2.26927303593402
GGAACTA	1519	0.118939260564936	2.17959948410872
GGAACTC	3128	0.259919383023408	2.57706180016869
GGAACTG	2760	0.184005480863011	2.36502817450851
GGAACTT	2162	0.355067694462829	2.73358289907494
GGAAGAA	5323	0.243727159232192	2.9052190030941
GGAAGAC	2573	0.286964787532114	2.70327071921028
GGAAGAG	5280	0.151508364374502	2.31869320439109
GGAAGAT	2584	0.293689509910555	3.22132818603705
GGAAGCA	3879	0.343232667179517	1.81242990385052
GGAAGCC	2411	0.558625707827352	2.98281323631643
GGAAGCG	369	0.40617591257249	2.34064739739262
GGAAGCT	2781	0.649962599719939	3.38663887448679
GGAAGGA	6636	0.225140042536929	2.3249590120387
GGAAGGC	2462	0.169133172261742	2.29321328315157
GGAAGGG	3796	0.158288830204695	2.27915974977388
GGAAGGT	2391	0.107805918534257	1.87986134086435
GGAAGTA	2020	0.280711368280493	1.78201768122264
GGAAGTC	2080	0.285195539607427	2.0422640708016
GGAAGTG	2906	0.210606782421882	1.86626232842595
GGAAGTT	2178	0.440803219600118	3.21489045889878
GGAATAA	2220	0.100168478480124	2.70291142155554
GGAATAC	1509	0.184503761493095	2.58893260100461
GGAATAG	1788	0.118767477730064	2.78587026785802
GGAATAT	2661	0.252295627795236	1.74650438365041
GGAATCA	1878	0.223913775230205	2.37712706777493
GGAATCC	1459	0.336354307513364	3.58338732751484
GGAATCG	292	0.253326966790331	2.54878866231751
GGAATCT	2315	0.361870896724899	3.17472488551527
GGAATGA	2239	0.262328722859948	1.8720487851425
GGAATGC	1579	0.271082478058442	2.3627202021972
GGAATGG	2628	0.38829854424272	2.0787062201915
GGAATGT	2103	0.298673118379502	3.05701216143968
GGAATTA	1831	0.162029810952624	2.60428617763558
GGAATTC	1828	0.307595481678049	3.92333868944397
GGAATTG	2128	0.175712037810682	3.08525053676347
GGAATTT	3216	0.611886414187161	4.23467430211881
GGCAAAA	2396	0.578644562096241	4.19139457267302
GGCAAAC	1543	0.590398268361292	4.56397154054473
GGCAAAG	2593	0.431350030232188	3.1366921490757
GGCAAAT	2044	0.563099771464423	4.16806489717017
GGCAACA	1664	0.411968611227358	2.25778177305273
GGCAACC	1027	0.654100407417698	3.49697727711937
GGCAACG	296	0.481102857279903	2.01580136608518
GGCAACT	1376	0.507669834084062	2.77481447346211
GGCAAGA	2729	0.713658536704643	3.84757194548097
GGCAAGC	1957	0.600005969825423	4.33454745261459
GGCAAGG	2152	0.587230890054149	3.02852519392103
GGCAAGT	1607	0.390118921567372	3.37778076927169
GGCAATA	1061	0.320326602267306	2.88720249033694
GGCAATC	958	0.398531818482499	2.94927196364444
GGCAATG	1530	0.272943701648567	2.6418690982454
GGCAATT	1163	0.464181320302786	3.57733867183372
GGCACAA	1726	0.392876365064031	2.7635645164701
GGCACAC	2187	0.385520859520796	2.98988999287111
GGCACAG	2930	0.267276090703455	2.93891708704505
GGCACAT	1903	0.484606822427929	2.92944267025576
GGCACCA	1765	0.289384041282091	2.10873944952746
GGCACCC	1008	0.412470911064379	2.63735197059125
GGCACCG	346	0.321918408187343	1.10098360651373
GGCACCT	1507	0.47242853454296	2.63681426761673
GGCACGC	266	0.449143094864911	3.40188286684763
GGCACGG	388	0.533353190858854	3.03027560919686
GGCACGT	307	0.400423231246375	2.61221917638478
GGCACTA	1023	0.266440922915847	2.3037813884673
GGCACTC	1221	0.500002565816399	2.95004328384589
GGCACTG	2320	0.341490810953149	2.20064841057155
GGCACTT	1481	0.480168951736226	2.41090268906552
GGCAGAA	3359	0.336387559378532	2.79933509674945
GGCAGAC	1940	0.324511440990176	3.19896036306445
GGCAGAG	5791	0.307703039756951	2.27001542383222
GGCAGAT	2298	0.331828564119792	3.08315599457909
GGCAGCA	2908	0.41409268766398	2.60754475115817
GGCAGCC	2221	0.682063571335042	3.57552931815223
GGCAGCG	464	0.417866456762788	1.60363102634021
GGCAGCT	2569	0.680158951270531	3.87371910251667
GGCAGGA	3977	0.276921752520715	2.5788630973387
GGCAGGC	3192	0.142393933480443	2.39938350396573
GGCAGGG	3319	0.252533399139446	2.80036718273849
GGCAGGT	2468	0.119183511992051	1.84759580564403
GGCAGTA	1258	0.319193516112322	2.33349434053687
GGCAGTC	1658	0.466329128997296	2.97337242104127
GGCAGTG	2764	0.26284810357656	2.14896688081191
GGCAGTT	1746	0.492654694629264	3.289146426604
GGCATAA	1113	0.271456383464762	3.4508365289876
GGCATAC	868	0.303211024704568	3.16619759411894
GGCATAG	1668	0.274149761996404	2.3041283978697
GGCATAT	2062	0.290996274014923	2.35080378199638
GGCATCA	2122	0.28940069936134	2.89286175123245
GGCATCC	1480	0.517181541926771	3.23527910659608
GGCATCG	305	0.33176504398889	1.83531695163185
GGCATCT	2509	0.719651308895576	3.50117100725743
GGCATGA	1635	0.272192102048393	2.86733491707268
GGCATGC	1655	0.353685266980303	2.96648786385999
GGCATGG	2605	0.464996857649067	3.36000967278734
GGCATGT	1978	0.434616599723501	3.1584306140754
GGCATTA	1216	0.378867085098264	3.84692729039213
GGCATTC	1540	0.708036141590007	3.92381459077223
GGCATTG	1567	0.399085930948905	3.20173095981965
GGCATTT	2677	0.918884914866742	3.75124652766838
GGGAAAA	4119	0.47781003584392	3.41067910046506
GGGAAAC	2287	0.457799735744281	3.73172331798955
GGGAAAG	3916	0.326047333850285	2.67704567750636
GGGAAAT	3057	0.359560517396853	3.15448790478768
GGGAACA	2690	0.440775930231514	2.71253295455004
GGGAACC	1519	0.541166743398276	3.62778338348526
GGGAACG	597	0.301134571048667	1.81910585290314
GGGAACT	2033	0.392851534543685	3.4544448507187
GGGAAGA	3921	0.34319892744077	2.91315764743327
GGGAAGC	2417	0.366227973068918	2.21829246595295
GGGAAGG	4419	0.332081955551149	2.64309295962688
GGGAAGT	2413	0.242171388286927	1.99342495850428
GGGAATA	1650	0.177040502641595	2.55956712423377
GGGAATC	1474	0.363442354949025	3.09491252611123
GGGAATG	2409	0.240958789409468	1.82380821972602
GGGAATT	2107	0.34416728862555	3.46323010557259
GGGACAA	1872	0.217681671923951	2.1244306066387
GGGACAC	1867	0.215056432965677	2.34427656627019
GGGACAG	3032	0.160230324194404	2.25557915682505
GGGACAT	2029	0.248311098904658	1.9027866293528
GGGACCA	1782	0.153150596337011	1.5564667392355
GGGACCC	1485	0.266705019948041	1.8357653091056
GGGACCG	268	0.295395974971758	0.65436745970558
GGGACCT	1980	0.240766087554066	1.38886101504455
GGGACGA	264	0.218028096625367	1.93718777032341
GGGACGC	265	0.200623080490655	2.18923991871673
GGGACGG	373	0.247596965837799	2.858155293462
GGGACGT	256	0.211687544760552	2.41456043127874
GGGACTA	1339	0.122566600847771	1.65159283942089
GGGACTC	1635	0.190163952225551	1.2806720160927
GGGACTG	2149	0.19324386936	1.07799685916183
GGGACTT	2124	0.205293780982551	1.41693611898368
GGGAGAA	3480	0.211662174295819	2.21696111224205
GGGAGAC	2273	0.209135558936151	2.14233824146265
GGGAGAG	4569	0.203815984122302	1.47588822579071
GGGAGAT	2315	0.154968102133819	1.73796323292232
GGGAGCA	2443	0.24759390979665	2.97031138915292
GGGAGCC	1806	0.441645400812584	3.26996298676659
GGGAGCG	405	0.278016196816434	0.995160450088509
GGGAGCT	2235	0.379394546940402	3.50067523423109
GGGAGGA	4214	0.172861914182726	1.9307819660573
GGGAGGC	3050	0.25511036626325	1.3765795152724
GGGAGGG	5895	0.134841127880346	1.60952324878781
GGGAGGT	2083	0.226918369219244	1.19350535639423
GGGAGTA	1139	0.100275133790689	1.84023421488854
GGGAGTC	1462	0.191026500396178	1.66328782679322
GGGAGTG	2849	0.220855922105167	1.37018279356492
GGGAGTT	1678	0.198287196580259	2.01329115600353
GGGATAA	1478	0.151059126280101	2.4785532356324
GGGATAC	1046	0.2413851107767	2.38865331712563
GGGATAG	1656	0.157462779050026	2.02422332927097
GGGATAT	1384	0.295020381317363	1.81785068954701
GGGATCA	1375	0.1719141605271	2.36131526452058
GGGATCC	1833	0.303729280669337	2.6715717473673
GGGATCT	1856	0.321897885476407	2.86672058831166
GGGATGA	1993	0.189081094001615	2.65104864393156
GGGATGC	1685	0.276213712729794	2.22150752039475
GGGATGG	3150	0.228446841559888	3.07327433478018
GGGATGT	1863	0.214305566447731	2.1272099991193
GGGATTA	2477	0.305089621715878	3.33242077041534
GGGATTC	1380	0.348344124718278	2.90759259906497
GGGATTG	1930	0.231940728399648	2.41580944113659
GGGATTT	2475	0.502104794548907	3.06505520978133
GGTAAAA	2100	0.554578835149169	4.0449164136717
GGTAAAC	1100	0.526566344087848	5.27427406335829
GGTAAAG	1926	0.457878735551294	3.95567429487751
GGTAAAT	1555	0.530341938782039	5.04971116064716
GGTAACA	1400	0.380528542182471	2.66975951932806
GGTAACC	950	0.497772156865897	3.80766710870843
GGTAACT	1226	0.441964522047576	4.18690113122983
GGTAAGA	1901	0.432829328750736	3.8285299634305
GGTAAGC	849	0.545464237056172	4.51637680895965
GGTAAGG	1285	0.492243425926714	3.12344033856702
GGTAAGT	1107	0.345991284251018	3.81913177876518
GGTAATA	1029	0.202671757819386	3.57477934288559
GGTAATC	747	0.456808521434435	5.1307830847412
GGTAATG	1116	0.178785357716974	2.77970068678395
GGTAATT	1316	0.376500115203547	3.96195978292427
GGTACAA	1182	0.341443210930324	2.85710744714526
GGTACAC	1010	0.349348936652919	3.67783227830857
GGTACAG	1692	0.294166921292226	3.32641075868875
GGTACAT	1598	0.536893968419021	3.37991247561804
GGTACCA	1401	0.324892583191652	2.19110543719517
GGTACCC	872	0.410098341708938	3.14630175216165
GGTACCT	1237	0.516474041368812	2.48237755206233
GGTACTA	712	0.186483410461393	2.11937807733584
GGTACTC	858	0.384796842287014	2.7176462372071
GGTACTG	1862	0.275676357195483	2.13089465999362
GGTACTT	1354	0.530098043206896	2.60021540821941
GGTAGAA	2222	0.33660923592669	2.88474551248178
GGTAGAC	944	0.233107771677658	2.6833219515937
GGTAGAG	2272	0.237926300797971	2.71398389940948
GGTAGAT	1354	0.315289618946291	3.61533003569473
GGTAGCA	1371	0.440380158212475	2.7994900147992
GGTAGCC	1023	0.821576150719423	3.85756472655279
GGTAGCT	1299	0.849730723087506	3.75734773322031
GGTAGGA	1641	0.360432817720175	2.7172923714251
GGTAGGC	990	0.290601829044321	2.61966519403201
GGTAGGG	1812	0.285344285188881	2.89428563804008
GGTAGGT	1215	0.207894910553666	2.45053433540145
GGTAGTA	985	0.258662018747881	2.59972984081632
GGTAGTC	776	0.41025794843306	3.28154323855362
GGTAGTG	1228	0.285077108563231	2.06210989207336
GGTAGTT	1062	0.486108337315679	3.30634017860168
GGTATAA	1101	0.239978613276424	4.0700485969469
GGTATAC	736	0.228869905236015	3.75163058536712
GGTATAG	1519	0.17116018289909	3.38923531099584
GGTATAT	1530	0.301380024294692	2.88608360144773
GGTATCA	1310	0.219767926660771	2.79855347087204
GGTATCC	938	0.426985727875719	3.84443690432477
GGTATCT	1535	0.643487625755158	3.8684521606027
GGTATGA	1120	0.344442902343067	3.74384260920887
GGTATGC	797	0.507685224906374	3.60989996413413
GGTATGG	1623	0.511387435624906	3.4849513588063
GGTATGT	1567	0.628178725368216	3.78763706916817
GGTATTA	1029	0.267807520263092	3.83841338237564
GGTATTC	1276	0.546777868955879	4.8150627110823
GGTATTG	1464	0.382598835052916	3.60422006020996
GGTATTT	2582	0.871412443422204	4.52767883364399
GTAAAAA	2947	0.498111408779125	4.61372016545235
GTAAAAC	1800	0.594295604584036	5.7130288827789
GTAAAAG	2085	0.395269404238483	4.53962322674994
GTAAAAT	2867	0.361930633344592	4.36820544821901
GTAAACA	2158	0.322470953971509	3.87661765027953
GTAAACC	962	0.610431826511206	5.88228074058596
GTAAACG	281	0.263748934014186	3.95858183648642
GTAAACT	1350	0.449541850545302	5.28632404137142
GTAAAGA	2326	0.460327005272845	3.93240814888299
GTAAAGC	1356	0.660862025694379	5.3747080331447
GTAAAGG	1678	0.573659152124604	4.44069895181203
GTAAAGT	1632	0.404823101261747	5.44880671590639
GTAAATA	2801	0.135595294052862	3.16563275695703
GTAAATC	1121	0.385858032881417	5.25984491887006
GTAAATG	2714	0.198259614883576	3.64965390730398
GTAAATT	1915	0.419247964378866	5.78390359090793
GTAACAA	1568	0.199404749985336	2.27911827660166
GTAACAC	1191	0.258684054193084	2.42106565742688
GTAACAG	1492	0.182671745858196	2.66370617047142
GTAACAT	1575	0.269067859526676	2.41897735810872
GTAACCA	1177	0.159441230574514	2.37065967878234
GTAACCC	1140	0.241803414411639	3.20903442817095
GTAACCT	1011	0.366759574539117	2.95699987235734
GTAACTA	1135	0.129016988531766	2.56074237056919
GTAACTC	1765	0.41258557492109	3.51003759545967
GTAACTG	1585	0.20214664661655	2.36999494863986
GTAACTT	1473	0.348918762345959	3.12830888292309
GTAAGAA	2403	0.203395760531024	2.8183774472442
GTAAGAC	1192	0.339973685534539	3.81608953408871
GTAAGAG	1980	0.176883638288415	2.45657634454751
GTAAGAT	1709	0.277221961782937	2.69121097549773
GTAAGCA	1823	0.436778720908934	4.02995487618866
GTAAGCC	1219	0.740131357793602	4.43458639187039
GTAAGCT	1199	0.784033562204025	4.48827222631941
GTAAGGA	1548	0.27504906148221	2.74882716546841
GTAAGGC	1115	0.287799391377087	2.88362701771359
GTAAGGG	1283	0.205344587166452	2.66264252680232
GTAAGGT	1053	0.156303144644742	1.52399539758148
GTAAGTA	1708	0.217492663080659	2.88805994441369
GTAAGTC	1070	0.461003882622948	4.12959461701635
GTAAGTG	1506	0.254393864178032	2.99736724915326
GTAAGTT	1397	0.53884057847324	4.14083337969871
GTAATAA	1858	0.0905572034571894	2.32678166962445
GTAATAC	822	0.152830436937664	3.28256074029531
GTAATAG	1076	0.10850642145931	3.04847745279428
GTAATAT	1499	0.171383365140536	2.57676606437662
GTAATCA	1091	0.146556807966591	2.42532156455309
GTAATCC	1166	0.249978122611822	3.11215356852019
GTAATCT	1185	0.443384035912721	4.02878583822223
GTAATGA	1629	0.165035745852825	2.84267175457452
GTAATGC	850	0.277885173067342	3.02745065613642
GTAATGG	1319	0.310454514076243	3.42684251585443
GTAATGT	1337	0.292227355307315	3.23343370166391
GTAATTA	1637	0.14516119227175	2.70656350150787
GTAATTC	1482	0.337530911469714	3.83600256192982
GTAATTG	1402	0.212985704658135	3.36438871236977
GTAATTT	2183	0.597842989157179	4.70420669511157
GTCAAAA	2078	0.542636137233439	4.39666421185837
GTCAAAC	1075	0.628468137631873	5.51392488292362
GTCAAAG	1935	0.438723587941456	4.19687464853906
GTCAAAT	1849	0.46741103363714	4.62526478594527
GTCAACA	1492	0.469748340806166	3.43096949443519
GTCAACC	860	0.606177043202973	3.91216256479278
GTCAACT	1570	0.501267806567642	3.71313564109822
GTCAAGA	1750	0.633123777098506	4.29789248882173
GTCAAGC	1075	0.650746604029544	4.88966410115184
GTCAAGG	1688	0.598868462363751	3.77975902216437
GTCAAGT	2096	0.371221681474914	3.88317328128811
GTCAATA	1340	0.282741215341838	3.74916544041407
GTCAATC	873	0.451838331409083	4.44655822497962
GTCAATG	1453	0.25476323520299	3.50562925986599
GTCAATT	1405	0.464865987829074	4.49054496018336
GTCACAA	1996	0.323579844307215	2.59793257341401
GTCACAC	1817	0.361885087663982	3.24283834072248
GTCACAG	2874	0.291378453885348	3.03221286700022
GTCACAT	1999	0.409480999206426	3.09779877145809
GTCACCA	2279	0.350417358209293	2.76133145146953
GTCACCC	1254	0.523418310628232	3.49946591435274
GTCACCG	330	0.485469161424999	1.80291577090308
GTCACCT	2228	0.57133890032385	3.36100604838996
GTCACGA	258	0.432647561205878	3.22642230530617
GTCACGC	258	0.614371670482088	4.59261153136584
GTCACGG	401	0.717208984420057	3.93279294216758
GTCACGT	410	0.487502081919559	2.64550174604254
GTCACTA	1234	0.285430217261392	2.57483869592495
GTCACTC	1398	0.581255542676613	3.59342604788023
GTCACTG	2756	0.370539648868621	2.68728901601437
GTCACTT	2316	0.559500396761788	3.39884941038915
GTCAGAA	2821	0.353634629994967	2.86608363034764
GTCAGAC	1262	0.348732843738722	3.40510517223263
GTCAGAG	2840	0.244482295315254	2.45698445827537
GTCAGAT	1798	0.352302671868423	3.78418587424401
GTCAGCA	2128	0.559995996492972	3.50294423853887
GTCAGCC	1754	0.824450592469627	4.25911702513594
GTCAGCG	476	0.78104537863649	3.05225367926584
GTCAGCT	2167	0.937031522734906	4.99837700666107
GTCAGGA	2525	0.321898075508059	2.8562981228501
GTCAGGC	1732	0.228709616445391	2.7510307568729
GTCAGGG	2190	0.34928359280607	3.80878907960355
GTCAGGT	1662	0.126721133194473	1.99965108570909
GTCAGTA	1291	0.422024882696159	3.55231684126485
GTCAGTC	1490	0.61924607222038	3.91266021777572
GTCAGTG	2393	0.301834551487152	2.80729681987149
GTCAGTT	1680	0.708456715102566	4.24171653729072
GTCATAA	1305	0.224753255066011	2.97030929477135
GTCATAC	848	0.246977097314587	2.97260880923853
GTCATAG	1356	0.190887521748128	2.52629502426238
GTCATAT	1398	0.308883441698172	2.92462813950769
GTCATCA	1924	0.250677030446731	2.87608216942043
GTCATCC	1419	0.569904971806778	3.8364495926343
GTCATCG	288	0.408812303502187	2.47893988932265
GTCATCT	2190	0.647080094798555	4.10192644852636
GTCATGA	1651	0.332613069404292	3.66752662619496
GTCATGC	1086	0.433863753488341	3.04766558005131
GTCATGG	2093	0.5836380003118	4.25869568923705
GTCATGT	1809	0.448714219695204	3.38359741636163
GTCATTA	1602	0.343935384244271	4.01962310928044
GTCATTC	1528	0.634269306031619	4.19560583075859
GTCATTG	1785	0.468972795997239	3.95852183462924
GTCATTT	3188	0.8857443267282	4.40549182272471
GTGAAAA	3064	0.57444845300901	3.97740704113201
GTGAAAC	1525	0.703744629916219	4.36108906018042
GTGAAAG	2407	0.432764107637748	3.28681298917878
GTGAAAT	2826	0.484105355851646	3.64179275776032
GTGAACA	2066	0.45991214814042	2.60533427938712
GTGAACC	1137	0.644688617629096	3.494697818533
GTGAACG	293	0.458249309147754	1.93345400508909
GTGAACT	1685	0.554300616390019	3.5401761739313
GTGAAGA	2673	0.526548912516366	3.31705650066647
GTGAAGC	1477	0.578034541462655	3.087572109129
GTGAAGG	2250	0.540422807004491	3.01596528405879
GTGAAGT	1928	0.291817065267315	2.17864364791945
GTGAATA	1738	0.264131619474068	2.94292965083916
GTGAATC	1193	0.43912845369715	3.29157916377616
GTGAATG	2247	0.26147429374296	2.31379119616972
GTGAATT	2141	0.405144354626727	3.53509324340527
GTGACAA	2020	0.354334997233166	2.62706258113965
GTGACAC	1794	0.381773799632406	2.76488477279769
GTGACAG	2924	0.227185709488469	2.19438591551543
GTGACAT	2087	0.357240720880556	2.25350400159878
GTGACCA	1990	0.265743250358468	2.00493723911031
GTGACCC	1653	0.446007510305885	2.73968083674654
GTGACCG	262	0.437761067546644	0.684191944394071
GTGACCT	2014	0.426973191008035	2.24674449542771
GTGACGG	265	0.355339356729367	2.15180801305953
GTGACGT	265	0.242932950450133	2.22884378123896
GTGACTA	1467	0.146283134004704	1.94146192724538
GTGACTC	1991	0.305047354161205	1.84724246071351
GTGACTG	2276	0.258453118008556	1.43568346801093
GTGACTT	2343	0.315433856866311	1.87199822881903
GTGAGAA	2775	0.360164803800526	2.64217708130803
GTGAGAC	2027	0.43815116152199	3.27272865580323
GTGAGAG	2845	0.258845258933334	1.81228080656945
GTGAGAT	2101	0.23398488947696	2.18912320610946
GTGAGCA	2703	0.439191107064715	3.29533246484837
GTGAGCC	2310	0.59660928228341	3.30631688378626
GTGAGCG	384	0.461241488234911	1.08763749172836
GTGAGCT	2282	0.71572249804068	3.88990244427195
GTGAGGA	2515	0.266947512843703	2.09876647140001
GTGAGGC	1797	0.335645794099345	1.63963635955436
GTGAGGG	2178	0.219079769875426	2.15933605476707
GTGAGGT	2366	0.280927787264699	1.45496792071132
GTGAGTA	1730	0.127381509820679	1.9194482945978
GTGAGTC	1640	0.323373788769178	2.30875594129774
GTGAGTG	3103	0.209587812233959	1.6294795771658
GTGAGTT	3654	0.314709000397075	2.28077559910861
GTGATAA	1902	0.270176414024059	2.90067149634237
GTGATAC	877	0.383605619759296	3.04701697393502
GTGATAG	1360	0.225808568796948	2.28505059610821
GTGATAT	1681	0.358551762621397	2.1467085710303
GTGATCA	1542	0.263583046941237	2.49153888670668
GTGATCC	1327	0.604932119823179	3.36605781833013
GTGATCT	1565	0.564538742090488	3.36319878504152
GTGATGA	2024	0.306516777636612	3.60592805298269
GTGATGC	1363	0.427236650994437	2.8758117101242
GTGATGG	2616	0.414409240713701	3.36459539397203
GTGATGT	1963	0.282260942713084	2.41434229714397
GTGATTA	1443	0.284277248566421	2.95870619403825
GTGATTC	1605	0.565582242202434	3.69401215027751
GTGATTG	1703	0.343065100090584	3.08175699137267
GTGATTT	3414	0.821997999455818	4.12938231431698
GTTAAAA	2715	0.52782570804571	4.5897345037109
GTTAAAC	1076	0.462807817861327	5.57561536690609
GTTAAAG	1803	0.463738184831097	5.21140946927572
GTTAAAT	1945	0.531053112478558	6.1208207983254
GTTAACA	1384	0.414451842341773	4.21428178359
GTTAACC	759	0.585614375808388	5.583720674998
GTTAACT	1247	0.509856567879609	4.75600553951123
GTTAAGA	2330	0.588303306101686	4.98290887465981
GTTAAGC	725	0.570945474902785	5.92375176351086
GTTAAGG	1142	0.640616763893029	4.64851728650742
GTTAAGT	1351	0.369472293422495	5.2196546590304
GTTAATA	1480	0.170565417726265	4.360624139708
GTTAATC	856	0.293275923650021	4.20786658965513
GTTAATG	1345	0.199345804804221	5.96848880994074
GTTAATT	2007	0.402133484288091	5.64758372995236
GTTACAA	1575	0.364132318744434	3.31902835853608
GTTACAC	995	0.275506750354027	2.75465708954656
GTTACAG	2292	0.257563606317802	3.1228010151997
GTTACAT	1505	0.49753567464505	3.85674203447042
GTTACCA	1164	0.342892384432469	3.04553867171918
GTTACCC	746	0.523526104169399	3.58693995827454
GTTACCT	1640	0.75736662890256	3.46841022938161
GTTACTA	1046	0.209859569710736	2.58836555857817
GTTACTC	947	0.530965026625764	3.85400246958235
GTTACTG	1408	0.287930276985907	2.56916242718522
GTTACTT	1849	0.512204146195295	3.42764975389271
GTTAGAA	1822	0.334733688915691	3.05553836989379
GTTAGAC	844	0.274484206990411	3.40992890761066
GTTAGAG	1816	0.251410711308314	3.36794438250117
GTTAGAT	1228	0.380386030765679	4.0395435837139
GTTAGCA	1397	0.696402714472902	4.35364839481635
GTTAGCC	867	1.01444628439068	3.73858838229879
GTTAGCT	1228	1.14908649050749	4.06479591797156
GTTAGGA	1662	0.433866272549168	3.12108492266796
GTTAGGC	679	0.296555252261409	2.62486272275062
GTTAGGG	1518	0.489090031704351	4.48095073605268
GTTAGGT	1014	0.26016813291102	3.62464216439831
GTTAGTA	1050	0.355622677972976	3.99953590962263
GTTAGTC	861	0.523567828773073	3.83059480882298
GTTAGTG	1265	0.276849432284382	3.37055074879307
GTTAGTT	2010	0.624409498955734	4.16030769276528
GTTATAA	1496	0.198349259707867	3.76942332247444
GTTATAC	894	0.12518509225565	2.95268577351188
GTTATAG	1268	0.151198862345182	3.15498910048035
GTTATAT	1689	0.268273182942964	3.46345477786036
GTTATCA	1651	0.27294484545316	3.88109269730189
GTTATCC	939	0.450578545178892	3.90717132423502
GTTATCT	1547	0.644089551985742	4.25056588517159
GTTATGA	1465	0.301035377940677	3.66978351392151
GTTATGC	784	0.437420312230531	4.03833835949603
GTTATGG	1204	0.608184481797511	4.31724849640885
GTTATGT	1544	0.527427703060421	3.67939253308604
GTTATTA	1820	0.255746193099214	4.21226034215842
GTTATTC	1341	0.425728941653753	4.53653377811424
GTTATTG	1515	0.341005932780024	3.89212599979382
GTTATTT	3289	0.980846552036602	5.24196333889458
other	101879	0.312109662971149	2.18457120720918
TAAAAAA	8728	0.788975842720886	4.38592897547865
TAAAAAC	4236	0.644412294196934	4.93115550576128
TAAAAAG	4789	0.579064500088999	5.38327476887588
TAAAAAT	7634	0.529179234010438	5.49614197156719
TAAAACA	4912	0.599451432733747	4.23006533600143
TAAAACC	2879	0.745763433328109	5.71146273512875
TAAAACG	438	0.428100157744523	3.90577619541347
TAAAACT	3504	0.591800996392048	5.15483316222429
TAAAAGA	4499	0.88418112073192	4.33416752089528
TAAAAGC	2998	0.772100972512611	5.40915254738223
TAAAAGG	2656	0.883896487332054	4.634788214078
TAAAAGT	3370	0.660016568259928	6.39704370538195
TAAAATA	7086	0.273777718228903	4.35273059424405
TAAAATC	3229	0.437627151849679	4.81647924772897
TAAAATG	4661	0.200759692318328	4.51385705692997
TAAAATT	5535	0.466209057207891	5.31751478163653
TAAACAA	3930	0.402631305111094	3.12582648098576
TAAACAC	2608	0.437295401422074	3.48662638029481
TAAACAG	3061	0.277023128207832	3.08701588702875
TAAACAT	3161	0.368743824232365	3.1287847897946
TAAACCA	2406	0.295927774232336	2.87251461505224
TAAACCC	1679	0.454859204344059	3.46245836659467
TAAACCT	1913	0.474463218538185	3.47062698975867
TAAACGA	314	0.435492061758544	2.31368089873141
TAAACGG	269	0.667958437943223	3.33921029369909
TAAACGT	433	0.448734659861806	2.7302350836265
TAAACTA	1800	0.201042611583799	2.78288264304441
TAAACTC	2026	0.461373592757612	3.70011960965782
TAAACTG	2079	0.237161433563061	2.9978743021111
TAAACTT	2438	0.536592078806891	4.02014762079019
TAAAGAA	5975	0.492181263579754	3.36239149868961
TAAAGAC	2363	0.430857130583411	3.35047169012765
TAAAGAG	2890	0.297098191055427	2.89199596584851
TAAAGAT	3373	0.4532039041935	3.73173931420696
TAAAGCA	2766	0.695168826438983	3.87222465738957
TAAAGCC	1641	1.13316980856684	4.82649447401382
TAAAGCT	2506	1.15350879087877	4.79652349665544
TAAAGGA	2940	0.644603410220378	3.46501054165962
TAAAGGC	2676	0.385247043496292	3.26931186185499
TAAAGGG	2223	0.450138134969432	3.93472708393274
TAAAGGT	2350	0.254541202590496	3.03752246389578
TAAAGTA	2394	0.424748781214698	3.35179283480127
TAAAGTC	1873	0.53476264662529	3.71554022940354
TAAAGTG	2659	0.326402766506751	3.41598463396338
TAAAGTT	3084	0.71380135850456	4.88496103762467
TAAATAA	7984	0.132576433721135	2.82726521770828
TAAATAC	2528	0.26791759591234	4.23876088957501
TAAATAG	2315	0.115840482706739	2.71644235368592
TAAATAT	4908	0.199750427148512	2.91120122689417
TAAATCA	2675	0.217323517604775	2.89278055135336
TAAATCC	1649	0.414597912880314	4.70848909162595
TAAATCT	2989	0.555012233644723	4.95524416283135
TAAATGA	3767	0.33098550792341	3.24131164247816
TAAATGC	2098	0.465938669625393	4.44015582911525
TAAATGG	2468	0.625675600110425	4.9269717932887
TAAATGT	3929	0.406736437878413	3.5352880358196
TAAATTA	3405	0.213588832930103	3.71855503410923
TAAATTC	2672	0.41841863301571	4.58655175946144
TAAATTG	1984	0.275987170606782	4.63424972929223
TAAATTT	4531	0.689988436409791	5.05386236613241
TACAAAA	3548	0.458069821364355	3.54847186968854
TACAAAC	2115	0.479662778852433	3.79182536650593
TACAAAG	3449	0.438955958402779	3.98045531364428
TACAAAT	2950	0.357098903214272	3.64844258396648
TACAACA	1881	0.341866018421285	3.90372825220792
TACAACC	1499	0.371925530815954	3.40504575365101
TACAACT	1671	0.351848187459776	3.63406877021595
TACAAGA	2350	0.537653323521589	4.05719768657988
TACAAGC	1518	0.48720082043751	4.39804479447082
TACAAGG	1798	0.572844157726705	4.22942320233795
TACAAGT	1862	0.283084104601743	3.78156636556881
TACAATA	1995	0.183264208962177	3.31580853398758
TACAATC	1177	0.279076256748604	3.38940926255318
TACAATG	2132	0.16158464404274	3.49592104974162
TACAATT	2235	0.28575281398559	3.83098720993472
TACACAA	2968	0.258797663165127	2.47141213036007
TACACAC	4919	0.241939861512014	2.52792874619088
TACACAG	3694	0.254574084623424	2.85978542354697
TACACAT	3708	0.309122969389784	2.51777041744959
TACACCA	1633	0.265669968231733	2.53286853097049
TACACCC	1032	0.319342503109739	2.92382404496315
TACACCT	1352	0.430557736018505	3.38116481846569
TACACGA	257	0.317199502643232	2.30093996265642
TACACGC	295	0.387609250359763	3.03544525319743
TACACGG	341	0.604169809001191	3.48543649089165
TACACGT	453	0.397208078534127	2.76030821522093
TACACTA	1468	0.263571092621093	2.91224529352642
TACACTC	1372	0.392175635149874	3.34200620652985
TACACTG	2536	0.291121194782635	3.41717118248114
TACACTT	1980	0.421127808777996	3.21618679872783
TACAGAA	4323	0.312768610042321	2.9865891044907
TACAGAC	2042	0.241186018049342	2.71647079153415
TACAGAG	4549	0.211559122042378	2.66694707579403
TACAGAT	3082	0.22370525195446	3.34522921675554
TACAGCA	2397	0.448431668789826	3.57158311244389
TACAGCC	1533	0.697260022432101	4.48091937719195
TACAGCG	287	0.523901032866422	3.27628227118746
TACAGCT	2226	0.739514654530994	5.25887496859069
TACAGGA	2566	0.339981798673607	3.58951030340254
TACAGGC	1669	0.16615785112721	2.92017050900826
TACAGGG	2140	0.197037979989447	3.12988327247368
TACAGGT	1869	0.120717857666255	2.89416621428421
TACAGTA	1626	0.308124467174872	3.42662185535567
TACAGTC	1589	0.484221043853802	4.33882922801262
TACAGTG	3212	0.216589250765607	3.13831847091731
TACAGTT	2509	0.524777558559067	4.26208213004028
TACATAA	2592	0.130652652838102	2.58543585544938
TACATAC	2944	0.255424116398131	2.54381917662326
TACATAG	2208	0.117736475961469	2.7838923337121
TACATAT	4684	0.181120501221021	1.93340948379625
TACATCA	1769	0.172944059327944	2.71129753906237
TACATCC	1428	0.316535670193275	3.44656390317957
TACATCT	2400	0.375660887581394	3.73786901546462
TACATGA	2207	0.1950742916105	3.02712755506687
TACATGC	1980	0.269076274072196	3.49889846973847
TACATGG	2061	0.396124559000782	4.80829431425784
TACATGT	3027	0.302320240180911	3.52227214495427
TACATTA	1968	0.216510733311129	3.3834839705837
TACATTC	2009	0.436705857144608	4.48365186960414
TACATTG	1855	0.235028559081439	3.88199175249177
TACATTT	4911	0.673762764466402	4.66477210470478
TAGAAAA	5085	0.513824484567381	3.43187034898038
TAGAAAC	2859	0.506986853610147	3.80509828168146
TAGAAAG	3432	0.35612274525009	3.13802099087176
TAGAAAT	4221	0.432591250978164	3.498100784734
TAGAACA	2786	0.470974498458395	3.32646770888201
TAGAACC	1488	0.431734887071505	3.52700491728716
TAGAACG	269	0.369160191038856	2.64988231186475
TAGAACT	2586	0.383875537739102	3.51582443298058
TAGAAGA	3374	0.552481120416678	3.69647381143015
TAGAAGC	2052	0.406530113126048	2.89049864600553
TAGAAGG	2359	0.452967402701136	3.48253392607867
TAGAAGT	2286	0.304955634638023	2.788640431828
TAGAATA	2475	0.21282311790051	3.19591906144813
TAGAATC	1680	0.319743213498434	3.42028320208574
TAGAATG	2299	0.190058772870916	2.98695673249115
TAGAATT	3034	0.268225405271809	3.61027565452089
TAGACAA	2098	0.265478259735799	2.17387689603271
TAGACAC	1768	0.292994134095824	2.69732063454338
TAGACAG	2356	0.182337162169317	2.18460621457867
TAGACAT	2119	0.244357605539099	2.19008140513421
TAGACCA	2738	0.164887737796412	2.01108154107852
TAGACCC	963	0.277066258881043	2.25907374555322
TAGACCT	1418	0.279544596478274	2.29105335869411
TAGACGG	256	0.266840276647333	1.99371354578798
TAGACTA	1371	0.116716093711866	1.84966085128349
TAGACTC	1477	0.236234060601157	2.03979939899942
TAGACTG	1738	0.201630141112181	1.7753387738854
TAGACTT	1858	0.211527507618596	1.98739144078695
TAGAGAA	4075	0.304358749062627	2.61263104879339
TAGAGAC	2385	0.28223765579158	2.6517192196146
TAGAGAG	2728	0.170485371741957	1.77790931127874
TAGAGAT	2295	0.15750204603218	1.92426536006733
TAGAGCA	1940	0.436802324292248	3.62151896759427
TAGAGCC	1461	0.678119082831526	4.11345098601749
TAGAGCT	1952	0.615114201240895	4.22547678198742
TAGAGGA	2633	0.261684697782074	2.34457943588831
TAGAGGC	1660	0.229867510755099	1.84543517398012
TAGAGGG	1698	0.154927362156552	2.22850472013211
TAGAGGT	1555	0.188630829178817	1.85166861189345
TAGAGTA	1504	0.124880611593313	2.59161840524871
TAGAGTC	1805	0.19821466956135	2.56629695130457
TAGAGTG	1521	0.145225193260422	1.67312984085657
TAGAGTT	2213	0.216975162245576	2.55008517106138
TAGATAA	2053	0.197579080920212	2.58640575536645
TAGATAC	1333	0.361515712631398	3.22748493915091
TAGATAG	2891	0.125768042621732	1.96482288738541
TAGATAT	2548	0.281663228731805	2.17170710447705
TAGATCA	1537	0.226709162785879	2.21789778979525
TAGATCC	1056	0.49658338408194	3.83248355300853
TAGATCT	1706	0.403062240303832	3.01861856250561
TAGATGA	2192	0.281937937914851	3.21009485546339
TAGATGC	1592	0.313296145580659	3.17597027396622
TAGATGG	2141	0.389509601124152	3.88594984669631
TAGATGT	2206	0.225001428824033	2.27450988506203
TAGATTA	1456	0.226631024279605	3.01555521862979
TAGATTC	1527	0.418766000521613	3.37551952691916
TAGATTG	1505	0.21284447273036	2.820771924634
TAGATTT	2932	0.528061833473098	3.81236379685433
TATAAAA	5536	0.48371448125801	4.52410486669677
TATAAAC	2359	0.450300009627237	5.19150820841878
TATAAAG	3472	0.423254759785129	4.68409633986781
TATAAAT	4414	0.329263184302536	4.30555229552527
TATAACA	2123	0.296616486457706	4.13100545264955
TATAACC	1157	0.437140494797599	4.88327031367916
TATAACT	1908	0.394473889093519	5.11035389731729
TATAAGA	2499	0.44864194531805	4.57843607803905
TATAAGC	1315	0.341638749148501	4.43915931014322
TATAAGG	1400	0.544977477573564	5.43203884699352
TATAAGT	1873	0.243125223236533	4.61176512489101
TATAATA	3406	0.102873087134062	3.43707513905188
TATAATC	1614	0.227525788880723	4.9061269375571
TATAATG	2080	0.100581531603513	4.22259350558732
TATAATT	3448	0.270818258025039	4.93646233491073
TATACAA	2453	0.278073573566971	2.42931744391735
TATACAC	2399	0.296646902377316	3.15347932077607
TATACAG	2442	0.27004976872964	3.08612201411939
TATACAT	3723	0.386626062160078	2.26715892301877
TATACCA	1866	0.274910486648969	2.30943743877199
TATACCC	1296	0.348474085414789	3.18246604507147
TATACCT	1613	0.442820493110434	2.95722935077256
TATACGT	305	0.371714146612049	2.97682240573509
TATACTA	1527	0.175396943597626	2.26967723141254
TATACTC	1443	0.273219805733487	3.09396169842492
TATACTG	1499	0.196009006726441	2.55024972039873
TATACTT	2186	0.335831968426773	2.67373530665057
TATAGAA	2782	0.283590882939758	2.841760701277
TATAGAC	1461	0.20782177600464	2.76732441453931
TATAGAG	2059	0.165814554282676	2.88171119827981
TATAGAT	2094	0.221900482788384	3.2374393766158
TATAGCA	1843	0.598503258974822	4.18518329792288
TATAGCC	1437	0.879062916711099	4.77853489459325
TATAGCT	2118	1.04245641424273	5.22434855564132
TATAGGA	1605	0.383330005048551	3.31473957559381
TATAGGC	1005	0.217949710782291	3.20454184134587
TATAGGG	1409	0.431152873381007	3.62662946863284
TATAGGT	1614	0.125922875838966	3.16853147296413
TATAGTA	1733	0.235499550126894	3.26738896896506
TATAGTC	1227	0.297967681179755	3.5898459048772
TATAGTG	1432	0.192726409716093	3.77058439109405
TATAGTT	1996	0.376356665719935	4.007658827439
TATATAA	4348	0.154150237402008	3.04621495885128
TATATAC	2941	0.293264736628098	2.84920595753093
TATATAG	2205	0.142207653534564	3.20335274769869
TATATAT	12296	0.294124056839376	1.57675001807471
TATATCA	2297	0.185413250094382	2.99568391625619
TATATCC	1987	0.3572809782653	4.33257179585097
TATATCT	2749	0.484929081191324	4.34684703663348
TATATGA	2532	0.251426249967704	3.6044504315036
TATATGC	2637	0.347412998610295	4.57201452578139
TATATGG	1702	0.503774369473073	4.66824584899656
TATATGT	4733	0.388814104346462	4.20586109196285
TATATTA	3171	0.181076519978991	3.54986686828365
TATATTC	2336	0.355212979309785	4.24622416470608
TATATTG	2195	0.233124919469999	4.77509692781774
TATATTT	5382	0.803614431706483	5.47864422084573
TCAAAAA	4516	0.521638416294879	3.98499442202047
TCAAAAC	3280	0.559382157375973	5.03307407062496
TCAAAAG	3326	0.371331352244231	4.11490946528888
TCAAAAT	4091	0.326927541701345	4.19140108552096
TCAAACA	3170	0.359057105308508	4.07028448883541
TCAAACC	1889	0.482081594526262	5.13949896509245
TCAAACG	329	0.456937592875862	4.93804549009556
TCAAACT	3254	0.397187801447645	4.41903047279594
TCAAAGA	4081	0.578313821851095	3.67715633021718
TCAAAGC	2637	0.666864913106004	4.59635745731373
TCAAAGG	2921	0.746522587836121	4.63555399916205
TCAAAGT	2717	0.434224282199423	4.11757545454757
TCAAATA	3156	0.16923797240648	3.87577136032144
TCAAATC	2489	0.452665423633279	5.72101291822285
TCAAATG	3154	0.201284981099708	3.65690333386209
TCAAATT	2917	0.359338571565702	4.95131684708992
TCAACAA	3079	0.261941089436909	2.19455210842529
TCAACAC	1697	0.350224179206097	2.86600595028695
TCAACAG	2526	0.257252221296497	2.76672808127128
TCAACAT	2522	0.338862608880571	2.75274273686147
TCAACCA	1821	0.177829014377213	2.022705025209
TCAACCC	1253	0.385353697945501	3.5592829813557
TCAACCT	1797	0.370930071549116	2.41732314416152
TCAACGA	311	0.396948179062485	2.39845460933598
TCAACGT	282	0.335315232438701	2.67196189784451
TCAACTA	1359	0.159347425773674	1.95397028379897
TCAACTC	1732	0.347059138996163	2.34443079974849
TCAACTG	1937	0.220846832640141	1.80810685094992
TCAACTT	2440	0.316022884101903	2.34660445463238
TCAAGAA	3655	0.285924471640592	2.72315008351883
TCAAGAC	2042	0.347341134537075	2.93287841168407
TCAAGAG	2503	0.219956341004326	2.0978088699457
TCAAGAT	2226	0.347099213022111	2.62670394028519
TCAAGCA	1875	0.335165987166416	3.32002722044661
TCAAGCC	1560	0.76691617283079	4.62592524744467
TCAAGCT	1990	0.816808944885831	4.39995465923425
TCAAGGA	2879	0.266681446620673	2.38239163702473
TCAAGGC	2661	0.241934545471549	2.10347642277827
TCAAGGG	1975	0.198343803764045	2.79164194984293
TCAAGGT	2137	0.17725438112732	1.55959504602554
TCAAGTA	2098	0.240677877279021	2.5563317786164
TCAAGTC	2165	0.432712360351187	3.25845933560008
TCAAGTG	2619	0.203588196822958	2.04994165731034
TCAAGTT	2794	0.383104619249808	2.97367877921029
TCAATAA	2762	0.117394742028418	2.48734472719626
TCAATAC	1185	0.189888974992898	2.94173838393751
TCAATAG	1519	0.138115123102451	2.62229909477392
TCAATAT	2349	0.182192588493292	2.27096385526995
TCAATCA	1839	0.172549357776623	2.70048029266847
TCAATCC	1277	0.370412599519828	3.98911159302516
TCAATCT	1700	0.4475072228183	4.11179475701418
TCAATGA	2316	0.244063965120813	2.6257199385009
TCAATGC	1475	0.34066010293026	3.04117720771783
TCAATGG	2096	0.456512557333198	3.9519439565132
TCAATGT	2038	0.343453517628535	3.00656829704926
TCAATTA	1971	0.199648471429943	3.12915209429447
TCAATTC	2735	0.451902706869731	4.29705714726996
TCAATTG	1339	0.257903783002979	3.27590484124826
TCAATTT	2916	0.62650141325455	4.3108506447342
TCCAAAA	3242	0.518338129857571	3.65799543211384
TCCAAAC	2585	0.535537295945244	4.41220885032053
TCCAAAG	3097	0.422606121947336	4.29011550621389
TCCAAAT	2964	0.419421720484563	4.458952373299
TCCAACA	2634	0.434977875611684	4.03201655695043
TCCAACC	1652	0.532289263989792	4.67356423983637
TCCAACG	289	0.364223824481305	3.02381105707082
TCCAACT	2099	0.378158135394367	3.73135426902962
TCCAAGA	2893	0.627407034030679	4.51966994747505
TCCAAGC	1834	0.563974879741141	5.37079055318131
TCCAAGG	2359	0.594935689422439	3.92717609823111
TCCAAGT	2317	0.323188210448439	3.78151139672275
TCCAATA	1896	0.239456686326178	3.59627575096153
TCCAATC	1357	0.366758298319096	4.10349410136749
TCCAATG	2273	0.229581324171256	4.13683859932486
TCCAATT	2340	0.415517844770845	4.97638514742062
TCCACAA	2354	0.303247045459903	2.23775725837542
TCCACAC	2649	0.372428387331042	2.80442791830697
TCCACAG	3377	0.262245624906838	2.61862569312459
TCCACAT	3097	0.454094709949011	3.02166392298184
TCCACCA	2427	0.278215776307909	2.79682492404733
TCCACCC	2303	0.403922471061927	3.14161788297194
TCCACCG	322	0.38741605827835	1.47492826852366
TCCACCT	3769	0.459910716092887	3.18407061997973
TCCACGA	537	0.358144232101157	2.0820006792043
TCCACGC	431	0.412285755234718	3.18375859967262
TCCACGG	453	0.520166074889996	2.67929395337154
TCCACGT	735	0.298472718823975	2.12375784656902
TCCACTA	1703	0.268390513797594	2.49377974739027
TCCACTC	2260	0.533964868250372	3.19543840415895
TCCACTG	3176	0.288994908375362	2.29555344250997
TCCACTT	3760	0.474715401169362	2.71107054229202
TCCAGAA	3901	0.322906325896331	3.13836001369458
TCCAGAC	2182	0.293826956444839	2.89163602241833
TCCAGAG	4308	0.216821126072518	2.41456620504333
TCCAGAT	2693	0.253258804061096	3.05698189344866
TCCAGCA	3256	0.474820557293226	3.69025469297609
TCCAGCC	3432	0.853212974119326	4.75965133914073
TCCAGCG	415	0.65866664967777	2.94401797779752
TCCAGCT	3854	0.813637457788954	4.78585364273677
TCCAGGA	4662	0.26141104921042	3.24665974174982
TCCAGGC	3040	0.187857064794966	2.9918785066965
TCCAGGG	3221	0.173564426170929	2.9418411764134
TCCAGGT	3387	0.109509662530624	1.970415907209
TCCAGTA	1782	0.321284311829415	2.95781033064689
TCCAGTC	2431	0.478077232970944	3.38510190445211
TCCAGTG	3058	0.275840260753246	2.9078623421948
TCCAGTT	2973	0.553923272597849	3.89880545252838
TCCATAA	1899	0.191300322871067	2.94395476897324
TCCATAC	1443	0.356677694159731	4.20998355336329
TCCATAG	1815	0.193967974150544	2.83825608201259
TCCATAT	2187	0.291365797810184	2.47322681906918
TCCATCA	2661	0.237421250262689	3.15048286207624
TCCATCC	4398	0.550508329369219	4.14328504988281
TCCATCG	314	0.391705661197691	2.33963263423215
TCCATCT	3818	0.661886874043683	4.21904630073951
TCCATGA	3224	0.272198143048771	2.98935054165074
TCCATGC	1807	0.430545485277191	3.44410841531804
TCCATGG	2929	0.594851158185958	4.8057587841872
TCCATGT	3128	0.432544910740345	3.54243842680541
TCCATTA	2035	0.341144436508846	4.05673251886589
TCCATTC	2949	0.75626861899245	4.94196740137399
TCCATTG	3427	0.411904372354391	3.70491977842257
TCCATTT	4702	1.0515205208648	4.93715659690807
TCGAAAA	620	0.70961389339588	3.25622826011799
TCGAAAG	323	0.439325581455217	2.81519454749739
TCGAACT	769	0.712648481052145	4.29403676327273
TCGAAGA	444	0.509754355073826	3.39486987938344
TCGAAGC	295	0.480327315736753	2.13715068581028
TCGAAGG	287	0.506835052270235	2.73931278893612
TCGAATG	259	0.259700354083815	1.48277811962326
TCGAATT	294	0.226338721701185	2.17331722281466
TCGACAA	351	0.198419527624645	2.50256291052716
TCGACAG	269	0.187460114660249	2.06153872435777
TCGAGAA	501	0.30517651480967	2.50373080755059
TCGAGAC	545	0.204054281815662	2.48722079488909
TCGAGAG	355	0.216301293923804	1.38603499494116
TCGAGCA	257	0.323416521156154	2.58205487365584
TCGAGCC	312	0.6611711642864	3.74564347533335
TCGAGCT	273	0.442057709901454	2.89158450532302
TCGAGGA	358	0.27934586460175	2.4693646570883
TCGAGGC	889	0.231395734725823	1.45093397462605
TCGAGGG	310	0.184588570235513	1.97459028360638
TCGAGGT	297	0.255865822340504	1.2526047087488
TCGAGTC	290	0.191888612061848	1.99623988182827
TCGAGTG	300	0.163273543621481	1.45555012667671
TCGAGTT	305	0.170114342027964	1.59278005382357
TCGATAT	258	0.429689631966297	1.69100088266923
TCGATCC	274	0.335546312198966	2.94229792189118
TCGATCT	369	0.2768818007416	2.9892723482662
TCGATGA	285	0.218677042536445	2.40006354399766
TCGATGC	299	0.282093037917436	2.41714185105715
TCGATGG	266	0.309628015840688	3.04856731213375
TCGATGT	338	0.273160723413472	2.24990194476767
TCGATTC	313	0.547424885292546	4.69320369400508
TCGATTT	402	0.432713152852215	3.11730087667004
TCTAAAA	3568	0.544791370622788	4.83130435282251
TCTAAAC	1915	0.400351722710992	4.91109092022678
TCTAAAG	2356	0.387960379853911	4.62990013789288
TCTAAAT	3135	0.475267923891909	5.11338315812434
TCTAACA	1992	0.307214802626474	3.91163298121269
TCTAACC	1366	0.543210011629668	5.9040338062076
TCTAACG	285	0.360028662552283	5.60583352682191
TCTAACT	2063	0.439717076623589	5.47079310377786
TCTAAGA	2748	0.51793555654719	5.33079751948748
TCTAAGC	1528	0.467704139953932	5.39432162199354
TCTAAGG	1807	0.565589819342281	4.79934878197794
TCTAAGT	2218	0.321120684840246	5.36405310593584
TCTAATA	2022	0.143065433101004	3.94477107975718
TCTAATC	1362	0.349637541480804	6.03586495246649
TCTAATG	1794	0.14248997106141	4.35035367107564
TCTAATT	2505	0.347044803169958	5.48994878098948
TCTACAA	2796	0.335230527997125	2.56369623960146
TCTACAC	1805	0.306047592207527	2.99265016168798
TCTACAG	3362	0.255805902929759	2.84364686353059
TCTACAT	2775	0.3760665772279	3.21505228266268
TCTACCA	2292	0.250445777042191	2.40773519634987
TCTACCC	1665	0.467135801204089	3.41566494967063
TCTACCT	2641	0.593233249096535	3.66097634987217
TCTACGT	258	0.39409527552298	2.84497948278237
TCTACTA	1267	0.122201193277875	1.96660813675639
TCTACTC	1819	0.485366806804964	3.64239841721868
TCTACTG	1923	0.256504834561424	2.8227541392138
TCTACTT	2937	0.451992269372006	3.47800167741249
TCTAGAA	3153	0.374966409773877	3.28177154504394
TCTAGAC	1420	0.238815451330229	3.33393210484759
TCTAGAG	2283	0.223650635138747	2.96974735190245
TCTAGAT	1963	0.292780688415171	3.2376874344873
TCTAGCA	1775	0.567542201653292	3.80293911735287
TCTAGCC	1603	1.02399944233042	4.75686205565762
TCTAGCT	2928	1.16188054032153	4.40434580614843
TCTAGGA	2085	0.38922879263345	3.67566639037617
TCTAGGC	1516	0.298007153241338	3.68153294634921
TCTAGGG	1661	0.297200479844869	3.33973452951454
TCTAGGT	1769	0.165743593234794	2.66625559959201
TCTAGTA	1215	0.292174774893068	3.36717177860066
TCTAGTC	1506	0.441423153015615	3.79291785742262
TCTAGTG	1619	0.213427666644349	3.09867883632611
TCTAGTT	2143	0.598254556027476	5.02799444496887
TCTATAA	2796	0.188921088444184	3.13900244760918
TCTATAC	1426	0.191618805276088	4.04427768127275
TCTATAG	1753	0.134647087692554	3.02666421552038
TCTATAT	2365	0.221971034865694	3.17334852121135
TCTATCA	2215	0.218247599252975	3.41653083324301
TCTATCC	1619	0.423060718616973	3.98837239493394
TCTATCT	4514	0.547102601171123	4.75087040103054
TCTATGA	2273	0.278350570084614	3.37539820951804
TCTATGC	1544	0.453635731047572	3.78903504320354
TCTATGG	2076	0.649290982339942	4.68746938064829
TCTATGT	2643	0.491547989081507	3.89432720439425
TCTATTA	1987	0.215570471688703	3.59777525260182
TCTATTC	2276	0.419457915124413	4.15483078566973
TCTATTG	1911	0.302212869148858	3.65536973681313
TCTATTT	4118	0.875802325415145	5.05839366825555
TGAAAAA	6859	0.347522958207946	3.94142815043729
TGAAAAC	3271	0.391933091489938	4.60407650517748
TGAAAAG	3775	0.286593733026345	4.29079704153957
TGAAAAT	6110	0.258734557109284	4.56768172462756
TGAAACA	3349	0.312557768011384	4.02653783342573
TGAAACC	2072	0.420473768287557	4.84389175306316
TGAAACG	367	0.266869567331155	3.70350724817109
TGAAACT	3525	0.3004751533935	4.15671619391712
TGAAAGA	4037	0.415808014797688	3.49883425631384
TGAAAGC	2571	0.38027463719077	3.9176894320415
TGAAAGG	3198	0.538491633501423	3.85708581960478
TGAAAGT	2682	0.28518904276119	3.95612001451979
TGAAATA	4226	0.167813915964033	3.27021912673308
TGAAATC	2419	0.216788281699475	3.96139411157629
TGAAATG	3859	0.116720468316245	3.52399112335753
TGAAATT	4009	0.227520114054012	4.34584918789161
TGAACAA	2871	0.22873584573181	2.07449820987207
TGAACAC	2271	0.271183599429015	2.53317496479946
TGAACAG	2685	0.199946741346513	2.55137485681051
TGAACAT	3388	0.297813464714665	2.33628119803649
TGAACCA	2156	0.1729418189394	2.35406995608871
TGAACCC	1708	0.255301433915198	3.02914259334637
TGAACCT	2146	0.292903032293238	2.38566934482401
TGAACGA	296	0.327444197643849	1.53829093437061
TGAACGC	278	0.400917326393751	3.23634244603157
TGAACGG	267	0.487878855787522	2.27393285904859
TGAACGT	414	0.346697804227338	2.34470817147163
TGAACTA	2100	0.122461144065316	2.16996746639533
TGAACTC	3578	0.235428022063737	2.14650280479789
TGAACTG	2341	0.187581187642573	1.97056307232236
TGAACTT	2960	0.285081725617277	2.4973282539516
TGAAGAA	5042	0.263665048168432	2.68410708443646
TGAAGAC	3239	0.30956906586887	2.99822416381629
TGAAGAG	3452	0.199476669549532	2.05259682310716
TGAAGAT	3572	0.303426151035657	3.02971796404645
TGAAGCA	2948	0.338168809085388	2.49474947293923
TGAAGCC	2535	0.604962227295001	3.5039714600564
TGAAGCG	270	0.383795919730362	1.83890822536915
TGAAGCT	2786	0.764584374407555	4.18339024826525
TGAAGGA	3717	0.263283314156237	2.39455420071747
TGAAGGC	2410	0.229544122529627	2.1206366278293
TGAAGGG	2532	0.24306575388798	2.87223612344341
TGAAGGT	2399	0.133083146131702	1.45050624582963
TGAAGTA	2377	0.287430639646879	2.11044976304297
TGAAGTC	2399	0.351110542485097	2.47856287366061
TGAAGTG	2543	0.20796704866677	2.1194706116328
TGAAGTT	3019	0.418827659186093	3.27482357990744
TGAATAA	3019	0.0969167647275367	2.66857994763661
TGAATAC	1608	0.1763636247817	2.78919061786105
TGAATAG	1948	0.113593455417347	2.40822878983779
TGAATAT	3299	0.194096619450939	2.23965839699313
TGAATCA	2113	0.17259676564065	2.56478242144877
TGAATCC	1764	0.277385213326581	3.26486220059695
TGAATCT	2519	0.388565503084841	4.00542854491612
TGAATGA	2961	0.24777056702341	2.08854477627999
TGAATGC	1909	0.314330019464027	2.63627383425169
TGAATGG	2338	0.410591006291985	2.98482761860169
TGAATGT	3222	0.289469812095306	2.90955431216287
TGAATTA	2223	0.138247442320225	2.48955063230133
TGAATTC	2860	0.288693048054674	4.05377232562196
TGAATTG	1832	0.17731115668971	3.08351207279113
TGAATTT	4753	0.459463369890852	3.95293995172485
TGCAAAA	2999	0.485090255436584	3.80720318980585
TGCAAAC	2432	0.476470497458969	4.51770814264094
TGCAAAG	2770	0.351660660856451	3.6243529208862
TGCAAAT	3275	0.404286564829701	4.19338113660975
TGCAACA	1640	0.380907293883409	3.30189391431055
TGCAACC	1448	0.58278627164839	4.83623211429431
TGCAACT	1474	0.396163903489889	3.34178876259722
TGCAAGA	2170	0.626916409734746	4.34658701674541
TGCAAGC	1882	0.482803687080252	4.19025724479127
TGCAAGG	1989	0.606073156147015	3.78731765339937
TGCAAGT	1874	0.270432229253947	3.06658538694024
TGCAATA	1636	0.236099352943236	3.12335524385891
TGCAATC	1536	0.536250369611498	4.80075023371567
TGCAATG	2098	0.22769144727236	3.61393026706864
TGCAATT	1855	0.38278249128845	4.06215575209238
TGCACAA	2122	0.310359056587427	2.85313757117155
TGCACAC	3979	0.30612765755351	3.08164229369654
TGCACAG	3019	0.263525046701886	3.00163124924621
TGCACAT	3263	0.375497651871992	2.81816216967093
TGCACCA	1974	0.265424956805347	2.60774163928414
TGCACCC	1295	0.439319134273051	3.67227884424913
TGCACCG	258	0.431822645490712	1.61533656276155
TGCACCT	1800	0.376555399529717	2.65923598391052
TGCACGA	311	0.422337313589788	3.04807320955652
TGCACGC	556	0.435945353313722	2.88289602390992
TGCACGG	440	0.561822661372007	3.20966663073699
TGCACGT	610	0.470231688939952	2.97466325123939
TGCACTA	1342	0.252618241112195	2.63986461881137
TGCACTC	1572	0.487112222132136	3.03211125575628
TGCACTG	2264	0.300161504948777	2.20699100747008
TGCACTT	1832	0.494401163946593	2.8923944874511
TGCAGAA	3622	0.337335505013961	3.25654817178985
TGCAGAC	2221	0.326349704989633	3.03999511888144
TGCAGAG	3996	0.219230965746935	2.17430158758626
TGCAGAT	2796	0.302979761908059	3.17009352305243
TGCAGCA	2397	0.443959235706889	3.45893101343231
TGCAGCC	2325	0.848166447436464	4.61449005683703
TGCAGCG	399	0.50843579567545	2.14455727798669
TGCAGCT	3073	0.737031704268657	4.52651604250708
TGCAGGA	2808	0.311612509382143	3.22123604704175
TGCAGGC	2516	0.180102347857128	2.16285235651225
TGCAGGG	2624	0.247691247101166	3.48748085990686
TGCAGGT	2139	0.130961096977821	1.62295093685941
TGCAGTA	1524	0.340366059927333	3.3363450756678
TGCAGTC	1731	0.431087787189109	2.98499056734377
TGCAGTG	2658	0.273642355738282	2.63604141713379
TGCAGTT	2544	0.495953296254512	3.65194098308154
TGCATAA	1783	0.224463745882175	3.57541118941535
TGCATAC	2057	0.295733188078004	3.02178057308199
TGCATAG	1619	0.210726311094589	2.79333132907628
TGCATAT	3490	0.278216742899474	2.31533580767733
TGCATCA	1883	0.262192835670395	3.14155137894598
TGCATCC	1877	0.592717304598647	3.86593836394356
TGCATCG	322	0.376305027508462	2.28449236720569
TGCATCT	2673	0.635358413024891	4.10390456811125
TGCATGA	1978	0.289987279086972	3.58411974507238
TGCATGC	3073	0.362073748744638	3.23079540011473
TGCATGG	2333	0.475660530475311	4.21414476218126
TGCATGT	3951	0.426920915930524	3.44215173198647
TGCATTA	1700	0.322993221982356	4.16408342776774
TGCATTC	2030	0.609497650384128	4.63660167471688
TGCATTG	1845	0.365863128152912	3.55389444949016
TGCATTT	4727	0.779092967983103	4.58432553551111
TGGAAAA	5740	0.444504035671613	3.35831390900291
TGGAAAC	3253	0.480485150152788	3.85044701770652
TGGAAAG	4628	0.318176885316125	2.6970911304432
TGGAAAT	4356	0.402133730333209	3.68822127102455
TGGAACA	3245	0.441606162061318	3.1653695419048
TGGAACC	1769	0.508187143023646	4.00967038226611
TGGAACG	304	0.392344527204321	1.62149404852111
TGGAACT	3966	0.519412091871152	3.96045928803501
TGGAAGA	4630	0.428042144416395	3.51692036099827
TGGAAGC	2768	0.39630738780308	2.34084719080825
TGGAAGG	3617	0.420780749186364	3.24655053162774
TGGAAGT	2722	0.273551513266335	2.27643909704237
TGGAATA	3596	0.281718074238144	3.04645504311225
TGGAATC	2326	0.371744014036471	3.08197059566203
TGGAATG	2429	0.235230987139696	2.05084480285709
TGGAATT	3354	0.328577063015162	3.57398687427154
TGGACAA	1996	0.241565751464992	2.24492354027539
TGGACAC	2250	0.271363607393876	2.65847524505784
TGGACAG	2851	0.172787847158571	1.95165723889495
TGGACAT	2697	0.289391030430259	2.09956156138944
TGGACCA	2216	0.174011049283534	1.85571594186177
TGGACCC	1213	0.271481357045026	1.99000513857506
TGGACCT	2079	0.263834510083656	1.71645076311721
TGGACGA	343	0.204900332040045	2.18477802574615
TGGACGG	355	0.320946211714999	3.26141582717706
TGGACGT	314	0.176926418691113	1.76412083667486
TGGACTA	1386	0.108141219759911	1.63901790098924
TGGACTC	1842	0.20447629373104	1.37638061216733
TGGACTG	2183	0.208963879399332	1.07552213582981
TGGACTT	2439	0.220008544918219	1.29936737100243
TGGAGAA	4516	0.270110948809069	2.45747230241372
TGGAGAC	2683	0.236851062601917	2.26583235182063
TGGAGAG	4552	0.188533967843326	1.57243311844084
TGGAGAT	2990	0.189584790322948	1.67158978842269
TGGAGCA	2975	0.255532739459168	2.86510247780898
TGGAGCC	2248	0.481429445634537	3.31059755584813
TGGAGCG	383	0.282871234689212	0.815434232841047
TGGAGCT	3217	0.412757997968065	3.54838742147943
TGGAGGA	4174	0.192893171121536	1.87372143092979
TGGAGGC	2948	0.267746292916327	1.27396899574531
TGGAGGG	3058	0.162368493727802	1.93693785701289
TGGAGGT	2579	0.22853890426802	1.1866512769976
TGGAGTA	2032	0.106452745057963	2.00057563449388
TGGAGTC	2201	0.188318009457482	1.64383104237494
TGGAGTG	2314	0.191607171259944	1.41313505689533
TGGAGTT	3325	0.201074463737229	1.67759808119087
TGGATAA	1852	0.149703731763186	2.34744068204632
TGGATAC	1760	0.303043355609315	2.31488216141829
TGGATAG	1574	0.188004021727996	1.96028434089474
TGGATAT	3217	0.268539200945238	1.62222435970548
TGGATCA	2126	0.1449539143689	2.38238146769322
TGGATCC	2205	0.457341188304084	3.47352982766682
TGGATCG	255	0.311503013289514	1.49027943465834
TGGATCT	2668	0.343266457816409	2.82459919304523
TGGATGA	2510	0.219446337192142	2.79498236092518
TGGATGC	2455	0.304612141446519	2.4029173095496
TGGATGG	4124	0.270400847089229	3.29052485202415
TGGATGT	2935	0.259868278192447	2.46412713894462
TGGATTA	1697	0.184614789304886	2.97526828093527
TGGATTC	2212	0.400209493828885	3.40667146717412
TGGATTG	1674	0.220498448609017	2.55365712536499
TGGATTT	3711	0.461992822078233	3.25862289586636
TGTAAAA	3670	0.524583592262495	4.32067003759667
TGTAAAC	1941	0.548530153929429	5.24026317225897
TGTAAAG	2397	0.49178555675681	4.64516597634833
TGTAAAT	3915	0.478706776661895	4.44480591842328
TGTAACA	2088	0.364974468136477	3.56079342376413
TGTAACC	1286	0.661335585995264	5.81473503608468
TGTAACT	2760	0.591255209110889	5.60141126805172
TGTAAGA	2727	0.61188784324878	4.54999250121907
TGTAAGC	2041	0.518333557600656	4.33759383514868
TGTAAGG	1902	0.686659461812789	4.61704269112606
TGTAAGT	2418	0.439534507335044	5.21274658076939
TGTAATA	2111	0.171129823961037	3.70421776846806
TGTAATC	1633	0.398471822114069	4.62998937450935
TGTAATG	2128	0.202388035140138	4.47913398631215
TGTAATT	2970	0.418184170456006	5.46570843254764
TGTACAA	2380	0.371278627153642	2.81894873720822
TGTACAC	2085	0.349824929825269	3.61392934589591
TGTACAG	2164	0.301385160205717	3.44746538184705
TGTACAT	2814	0.47249269226576	3.06395664304695
TGTACCA	2206	0.319931713328492	2.83382169799958
TGTACCC	1361	0.535140292344759	3.76211451244433
TGTACCT	1707	0.642261643234141	3.36229276135699
TGTACGT	352	0.568133947851266	3.05865029051465
TGTACTA	1465	0.202138860711448	2.68961267732721
TGTACTC	1770	0.427202330745213	2.8212272733372
TGTACTG	2309	0.326004731071862	2.77592449950114
TGTACTT	2513	0.47705543984811	2.31738052967295
TGTAGAA	3173	0.417239004547369	3.57703609563735
TGTAGAC	2823	0.244394832807292	3.3396395205173
TGTAGAG	2299	0.246065608533299	2.47937617834807
TGTAGAT	2431	0.404073318064438	3.03826053276716
TGTAGCA	2176	0.574218750771646	4.14814988059374
TGTAGCC	2602	1.10270530104359	3.86757374559389
TGTAGCT	2882	1.34900512262372	4.30551030455788
TGTAGGA	2558	0.370062099891135	3.16715036528928
TGTAGGC	1588	0.399992941216343	3.02157552150914
TGTAGGG	1568	0.414718544751438	3.40316879354146
TGTAGGT	1838	0.259237199888117	2.3156941657844
TGTAGTA	1555	0.365379586595927	3.53205488685914
TGTAGTC	1535	0.480408298118671	3.13581353983844
TGTAGTG	1659	0.29286482391908	3.0039574457179
TGTAGTT	2101	0.608953259629165	3.70731418558026
TGTATAA	2498	0.233826916677362	3.46996549618732
TGTATAC	1889	0.214522667059203	3.46810883550231
TGTATAG	1889	0.181242933886038	3.81694071870825
TGTATAT	4694	0.273443395608583	2.71619875709655
TGTATCA	2190	0.281645312940684	3.48882469546614
TGTATCC	1974	0.601517468451541	4.23024212362901
TGTATCT	3240	0.700807335453515	4.4887313761608
TGTATGA	2386	0.395009790096745	3.98235756533524
TGTATGC	2339	0.435887235817205	3.57496660153057
TGTATGG	1810	0.66413894774728	4.3382656172656
TGTATGT	6221	0.684141901430147	4.55160266512992
TGTATTA	2203	0.292648038691195	4.72267130871964
TGTATTC	2243	0.534129047187852	4.6439225124286
TGTATTG	1937	0.41650584371218	4.35789885671077
TGTATTT	5332	0.888873141025097	4.59250018550513
TTAAAAA	11020	0.584735208440855	4.57361913971401
TTAAAAC	3500	0.522444249197099	5.36055244906356
TTAAAAG	4642	0.438390431598906	5.38931776102502
TTAAAAT	6643	0.383152213400406	5.43447516556656
TTAAACA	3286	0.370320554501399	4.76950316104331
TTAAACC	1583	0.46779210810376	5.37651581879554
TTAAACG	332	0.349991880582086	4.82601471667433
TTAAACT	2615	0.464889462485922	6.31274897487144
TTAAAGA	4887	0.554966809289177	4.29363937892792
TTAAAGC	2092	0.583575634969982	5.45399991722637
TTAAAGG	3911	0.551357808453528	5.26939188627441
TTAAAGT	2963	0.432142889690602	5.70365034227378
TTAAATA	4359	0.178156300500157	4.60432432479788
TTAAATC	2401	0.36624935679035	5.76331280261306
TTAAATG	3649	0.174640247738189	4.52792780446891
TTAAATT	4235	0.390804031497409	6.02826860318047
TTAACAA	2570	0.268527942743954	2.97243780008283
TTAACAC	1522	0.35937741435424	4.02393580241431
TTAACAG	1978	0.232178357549553	3.39376818068299
TTAACAT	2409	0.330762200374883	3.24533499407453
TTAACCA	2024	0.194357097357019	2.93026363374198
TTAACCC	1156	0.319541713426777	3.13983881755552
TTAACCT	1637	0.443227100706714	3.71915158246876
TTAACGT	280	0.426245449721138	3.28437804262902
TTAACTA	1640	0.162797157519308	2.90719447061222
TTAACTC	1746	0.405762002171879	3.49445361845924
TTAACTG	2143	0.240309210306855	2.5404449607124
TTAACTT	2464	0.455125716054808	3.46424436471076
TTAAGAA	3661	0.343553787475991	3.1949858497849
TTAAGAC	1718	0.365754464076803	3.31091721577076
TTAAGAG	3109	0.254644175788947	2.80994968491896
TTAAGAT	2340	0.378609169808243	3.73183607154105
TTAAGCA	1835	0.514007208203285	4.6257913406132
TTAAGCC	1067	0.929262678983567	5.01432809267225
TTAAGCT	1568	1.02382159166978	5.0769626233574
TTAAGGA	2669	0.376665969524166	3.1645134545159
TTAAGGC	1349	0.352945858136648	2.52988983284011
TTAAGGG	1546	0.36067559443097	3.81430448984593
TTAAGGT	1578	0.219459445831852	2.0040205254212
TTAAGTA	2016	0.339436680635351	3.66760640476744
TTAAGTC	1512	0.553079345348556	3.89906848376148
TTAAGTG	1988	0.344504883052299	2.85403896666111
TTAAGTT	2396	0.741762073708946	4.59467224669475
TTAATAA	3599	0.108071427558008	3.2435269820556
TTAATAC	1540	0.163213459428519	3.81596308088251
TTAATAG	2237	0.0896300511179402	2.78680922338194
TTAATAT	3800	0.166038846078759	3.06357324408612
TTAATCA	2324	0.20579996002187	3.28434303315834
TTAATCC	2616	0.431705133050902	5.5691915580458
TTAATCT	2296	0.504200115444215	5.15475647293908
TTAATGA	2836	0.226194018526287	3.4591020150991
TTAATGC	1381	0.339091807722555	3.33244430348217
TTAATGG	1851	0.482733732124585	5.03434296239026
TTAATGT	2605	0.359717452306068	3.80020858089987
TTAATTA	3844	0.194091454055223	3.9493557196651
TTAATTC	2329	0.46929959917143	5.33704371305905
TTAATTG	2286	0.274846735180309	4.53222759163618
TTAATTT	5665	0.742786798489014	5.26791043804942
TTCAAAA	4448	0.676272307939424	4.54069269575569
TTCAAAC	2693	0.691163281371145	5.41506599668097
TTCAAAG	3931	0.493362215117686	4.45955806353608
TTCAAAT	4428	0.451476046116399	4.68604000194891
TTCAACA	3283	0.447613697658559	4.11065308819322
TTCAACC	1447	0.685446679083258	5.41848582310842
TTCAACG	320	0.397204909885138	4.52847268893268
TTCAACT	2159	0.509978635545413	4.72213852590973
TTCAAGA	3078	0.797748724431726	5.04716921239577
TTCAAGC	1580	0.685367272945895	5.42673279344419
TTCAAGG	3328	0.671482872841235	4.69498824156269
TTCAAGT	3248	0.442634105557759	4.37757881132349
TTCAATA	2533	0.275903562414543	4.23789987992539
TTCAATC	1498	0.468353287081046	5.09303654605782
TTCAATG	2264	0.262127606505609	3.91456119166198
TTCAATT	3270	0.430561944610954	5.59531853609125
TTCACAA	2894	0.389765482915848	2.630217414932
TTCACAC	2398	0.414566645816893	3.06329153361559
TTCACAG	3586	0.361240528545372	3.53435886358305
TTCACAT	2997	0.50258428932385	3.29995846690255
TTCACCA	2289	0.399469199658104	3.14892980126589
TTCACCC	1646	0.586556250110441	3.40183694734861
TTCACCG	328	0.504114685466878	2.0139247487726
TTCACCT	2343	0.784501447761501	3.92733842065082
TTCACGA	342	0.459855135691369	2.73067001210566
TTCACGG	429	0.817046244848442	3.61971544489594
TTCACGT	1468	0.674090497562707	3.66975287608989
TTCACTA	1701	0.347881699085868	3.21480390332087
TTCACTC	2101	0.693469313313649	3.52941923445455
TTCACTG	2990	0.427450392665187	2.87602362190054
TTCACTT	2902	0.78478744683524	4.09500642068231
TTCAGAA	4326	0.546927216975237	3.71427423932762
TTCAGAC	2669	0.569446591776004	4.27594293223398
TTCAGAG	4096	0.308405034213292	2.71477099954636
TTCAGAT	2947	0.432572592722151	3.73919061423906
TTCAGCA	2957	0.814887184319887	4.68810203414179
TTCAGCC	2107	1.21268563207909	4.83775307348381
TTCAGCG	307	0.904736019394545	3.56348362029855
TTCAGCT	3102	1.21557922395659	5.18981717884242
TTCAGGA	3595	0.485094441492933	3.38048974777447
TTCAGGC	1940	0.31174490435948	3.06458511354641
TTCAGGG	2641	0.407968778881384	3.99078507088599
TTCAGGT	2900	0.207519775177514	2.12959613944303
TTCAGTA	2276	0.524374865233339	3.97573061503585
TTCAGTC	2696	0.745380288665147	3.91800415060002
TTCAGTG	3976	0.423819819088518	3.30041600227563
TTCAGTT	5054	1.03654298243926	4.77633749742852
TTCATAA	3498	0.292035465003846	3.9689239641624
TTCATAC	1717	0.317577000110305	3.81375778990656
TTCATAG	2685	0.245188666490623	3.22181705858924
TTCATAT	3315	0.353641551541233	3.13748118794521
TTCATCA	2721	0.307980075771791	3.50937484621634
TTCATCC	2294	0.605996407489983	4.27217769311105
TTCATCG	315	0.50622317841582	3.39830452196215
TTCATCT	3848	0.715429264107175	4.62308114892176
TTCATGA	2957	0.407644937812195	3.76001494353067
TTCATGC	1903	0.611140895440458	4.10665473503036
TTCATGG	2412	0.708314134042299	4.69998997476783
TTCATGT	3531	0.615043802026044	3.90453553997218
TTCATTA	3102	0.448057120076316	4.74765462096198
TTCATTC	3772	0.749366292593825	4.88382877065759
TTCATTG	3048	0.496804008204112	4.19564445179928
TTCATTT	6807	1.11278888625199	5.04793462473621
TTGAAAA	5582	0.521505660400791	4.03002958135213
TTGAAAC	2220	0.686547797019589	5.41252203661735
TTGAAAG	2987	0.433169671547905	3.48978503395612
TTGAAAT	3893	0.42906465335852	4.27205635780396
TTGAACA	2584	0.476240400022881	3.48606439417061
TTGAACC	1501	0.592850832702292	4.14428491565966
TTGAACG	258	0.503072560116774	2.30230876803188
TTGAACT	3849	0.588108386455824	4.43635605747354
TTGAAGA	3762	0.533789292216523	3.85049891193386
TTGAAGC	1763	0.47103099401415	2.78410193508319
TTGAAGG	2436	0.589516856798988	3.40505187582472
TTGAAGT	2665	0.32209593447574	2.75578334834641
TTGAATA	2699	0.205153807207602	3.33429940994783
TTGAATC	1799	0.358739591911649	3.89708500347123
TTGAATG	2307	0.265971654940604	2.65531921996745
TTGAATT	3270	0.380247141852462	4.11404150056039
TTGACAA	2653	0.332306132334726	2.66208420466946
TTGACAC	1642	0.373209729633699	3.02186160587064
TTGACAG	2125	0.276331885228297	2.41384770932768
TTGACAT	2128	0.375760459381094	2.6619962547156
TTGACCA	1801	0.290905647125525	2.41282152930333
TTGACCC	1110	0.444716135243093	2.63561383406044
TTGACCT	2083	0.441066000180105	2.48881375720591
TTGACGA	446	0.25806613426817	2.25536549127158
TTGACGG	281	0.697959395110837	4.10989342943127
TTGACGT	257	0.422877298827011	4.37318256058115
TTGACTA	1488	0.160772868298486	2.15732123549627
TTGACTC	1798	0.365604690354362	2.45841698633348
TTGACTG	1949	0.296977185516294	1.68389236316814
TTGACTT	2657	0.354661481674066	2.21771965015411
TTGAGAA	4062	0.427506007468621	2.94479221477694
TTGAGAC	2735	0.342032315545546	2.83260722010948
TTGAGAG	2763	0.278500733517663	1.86644010748388
TTGAGAT	2429	0.246140243058016	1.96255436853134
TTGAGCA	1906	0.419331211473256	3.85618140466104
TTGAGCC	1484	0.702939175163032	4.13570126261009
TTGAGCT	2253	0.712491486372935	3.66165473933006
TTGAGGA	2508	0.321521759660717	2.53383642153262
TTGAGGC	2196	0.293151338255954	1.71233258327076
TTGAGGG	2181	0.216803498328042	2.38386032615522
TTGAGGT	1992	0.260008402541235	1.44468371042677
TTGAGTA	1696	0.175883022337802	2.93157336971646
TTGAGTC	1792	0.291629995360945	2.40381755333197
TTGAGTG	1879	0.23733575752377	1.68449097850603
TTGAGTT	3891	0.346824157382751	2.44988229156448
TTGATAA	2112	0.29603693026843	3.27606803228497
TTGATAC	1378	0.403401151437425	3.10926820716246
TTGATAG	1368	0.292697604934714	2.74453384527866
TTGATAT	2522	0.409282443392223	2.60742923197604
TTGATCA	1878	0.310678881404196	3.0759632475395
TTGATCC	1812	0.693250469625106	3.92396010133081
TTGATCT	2753	0.639046987160254	3.67582501279144
TTGATGA	2534	0.34251337073499	3.3492668676844
TTGATGC	1584	0.467698607745718	2.89495487160392
TTGATGG	2209	0.487355845940296	3.82245580115492
TTGATGT	2593	0.361629757826604	2.91609990639408
TTGATTA	2036	0.372589488914213	3.97712668265378
TTGATTC	2004	0.660453549464666	4.45857533345663
TTGATTG	2175	0.365292865972136	3.03261000198899
TTGATTT	4893	0.831452277258771	4.29663508185846
TTTAAAA	11657	0.744491210041408	5.30340763636561
TTTAAAC	2878	0.587082982804065	5.90571869651543
TTTAAAG	4636	0.560600598788507	5.52993180922853
TTTAAAT	6200	0.531535784581349	5.35383785142567
TTTAACA	2872	0.464309124702382	4.84734853876183
TTTAACC	1586	0.677333990315347	5.69605243158701
TTTAACG	297	0.387564707961739	4.67163691891558
TTTAACT	2827	0.614340081992681	5.18975497321589
TTTAAGA	3846	0.763451716444663	5.61587644421239
TTTAAGC	1613	0.66561638752853	6.05817160511732
TTTAAGG	2634	0.760047655947564	5.1841201320362
TTTAAGT	3154	0.424757169412054	5.09517865578564
TTTAATA	4585	0.162334568712772	4.3227965042412
TTTAATC	3581	0.59013654376151	6.25964808132635
TTTAATG	3522	0.168771506840261	5.06871012238114
TTTAATT	6074	0.436747758484772	5.80044761420626
TTTACAA	3174	0.381717013506685	2.76700658170544
TTTACAC	2046	0.379745322428405	3.70041070289053
TTTACAG	2699	0.359632794171478	4.19715364539533
TTTACAT	4015	0.592343390002481	3.88526782678431
TTTACCA	2274	0.417300404062242	3.5762378115107
TTTACCC	1435	0.669389190098157	4.20647333926147
TTTACCT	2775	0.898518550271939	4.37901872288004
TTTACGT	360	0.775513107049287	3.94004048023421
TTTACTA	2243	0.233513814912121	3.0817005014657
TTTACTC	1813	0.62861145408644	4.29533566987004
TTTACTG	2573	0.372512490616214	3.56540239265219
TTTACTT	3841	0.711267762909095	4.12452877713848
TTTAGAA	4256	0.550505948164318	4.08576003781516
TTTAGAC	1524	0.3853366067411	3.71276381988049
TTTAGAG	2601	0.326398248822824	3.5309439652618
TTTAGAT	2620	0.477527891051451	3.67256419827722
TTTAGCA	2287	0.774356908705094	3.99290567473003
TTTAGCC	1276	1.32272573818876	4.62951730647669
TTTAGCT	2811	1.66781150677981	4.6758393142687
TTTAGGA	3046	0.554826711025106	3.71399245262045
TTTAGGC	1129	0.398122031852662	3.26508482341321
TTTAGGG	1809	0.527368955796076	4.16496644431509
TTTAGGT	2348	0.28134222829378	3.27123247514936
TTTAGTA	1975	0.417618921183346	3.77565522884048
TTTAGTC	1745	0.601605112350231	3.84405484578341
TTTAGTG	2529	0.33937562718842	3.87135099853426
TTTAGTT	3174	0.951535971812779	5.02263179990864
TTTATAA	4774	0.208666823797813	3.85482855859442
TTTATAC	2075	0.180779211753459	4.21790696571659
TTTATAG	2773	0.1674285021912	4.16427638559444
TTTATAT	6166	0.279921190787866	3.82934006084669
TTTATCA	3455	0.341841699373236	4.22969276283668
TTTATCC	2213	0.559866073449964	5.31666349373907
TTTATCG	323	0.481453875809267	4.19745052366381
TTTATCT	3823	0.804584393939438	5.1706030623684
TTTATGA	3359	0.426381088613102	3.79654145060762
TTTATGC	1781	0.504875923475441	4.34850721860427
TTTATGG	2302	0.738562016921218	5.17037529942214
TTTATGT	4485	0.747945621931808	5.49899910944199
TTTATTA	5231	0.285092538844406	4.93397885640159
TTTATTC	3974	0.602996428906595	5.92003042507797
TTTATTG	4032	0.379284490150324	4.64154830613105
TTTATTT	13532	0.989902440034011	5.45701504404954
